[25Sep2026 11:21:41.865] [main/INFO] [net.neoforged.fml.startup.Entrypoint/]: JVM Uptime at startup: 215ms
[25Sep2026 11:21:41.886] [main/INFO] [net.neoforged.fml.loading.FMLLoader/]: Starting FancyModLoader version 11.0.16 (DEDICATED_SERVER in PROD)
[25Sep2026 11:21:41.887] [main/INFO] [net.neoforged.fml.loading.FMLLoader/]: Game directory: /workspaces/SERVER-DISLEXICO-05/servidor_minecraft
[25Sep2026 11:21:41.888] [main/DEBUG] [net.neoforged.fml.loading.FMLPaths/CORE]: Path GAMEDIR is /workspaces/SERVER-DISLEXICO-05/servidor_minecraft
[25Sep2026 11:21:41.888] [main/DEBUG] [net.neoforged.fml.loading.FMLPaths/CORE]: Path JIJ_CACHEDIR is /workspaces/SERVER-DISLEXICO-05/servidor_minecraft/.cache/jij
[25Sep2026 11:21:41.889] [main/DEBUG] [net.neoforged.fml.loading.FMLPaths/CORE]: Path MODSDIR is /workspaces/SERVER-DISLEXICO-05/servidor_minecraft/mods
[25Sep2026 11:21:41.889] [main/DEBUG] [net.neoforged.fml.loading.FMLPaths/CORE]: Path CONFIGDIR is /workspaces/SERVER-DISLEXICO-05/servidor_minecraft/config
[25Sep2026 11:21:41.889] [main/DEBUG] [net.neoforged.fml.loading.FMLPaths/CORE]: Path FMLCONFIG is /workspaces/SERVER-DISLEXICO-05/servidor_minecraft/config/fml.toml
[25Sep2026 11:21:41.971] [ForkJoinPool.commonPool-worker-2/DEBUG] [net.neoforged.fml.loading.EarlyServiceDiscovery/]: libraries/net/neoforged/fancymodloader/loader/11.0.16/loader-11.0.16.jar contains early service net.neoforged.neoforgespi.locating.IModFileReader
[25Sep2026 11:21:41.997] [ForkJoinPool.commonPool-worker-2/DEBUG] [net.neoforged.fml.loading.moddiscovery.ModFile/LOADING]: Loading mod file libraries/net/neoforged/fancymodloader/loader/11.0.16/loader-11.0.16.jar with languages []
[25Sep2026 11:21:42.019] [ForkJoinPool.commonPool-worker-2/DEBUG] [net.neoforged.fml.loading.EarlyServiceDiscovery/]: libraries/net/neoforged/fancymodloader/earlydisplay/11.0.16/earlydisplay-11.0.16.jar contains early service net.neoforged.neoforgespi.earlywindow.ImmediateWindowProvider
[25Sep2026 11:21:42.024] [ForkJoinPool.commonPool-worker-2/DEBUG] [net.neoforged.fml.loading.moddiscovery.ModFile/LOADING]: Loading mod file libraries/net/neoforged/fancymodloader/earlydisplay/11.0.16/earlydisplay-11.0.16.jar with languages []
[25Sep2026 11:21:42.031] [main/INFO] [net.neoforged.fml.loading.EarlyServiceDiscovery/]: Found 2 early service jars (out of 87) in 80ms
[25Sep2026 11:21:42.032] [main/INFO] [net.neoforged.fml.loading.FMLLoader/]: Loading FML Early Services:
[25Sep2026 11:21:42.033] [main/INFO] [net.neoforged.fml.loading.FMLLoader/]:  - libraries/net/neoforged/fancymodloader/earlydisplay/11.0.16/earlydisplay-11.0.16.jar
[25Sep2026 11:21:42.033] [main/INFO] [net.neoforged.fml.loading.FMLLoader/]:  - libraries/net/neoforged/fancymodloader/loader/11.0.16/loader-11.0.16.jar
[25Sep2026 11:21:42.040] [main/DEBUG] [net.neoforged.fml.util.ServiceLoaderUtil/CORE]: Found 0 implementations of GraphicsBootstrapper:
[25Sep2026 11:21:42.041] [main/INFO] [net.neoforged.fml.loading.ImmediateWindowHandler/]: Not loading early display in headless mode.
[25Sep2026 11:21:42.048] [main/DEBUG] [net.neoforged.fml.util.ServiceLoaderUtil/CORE]: Found 4 implementations of IModFileCandidateLocator:
[25Sep2026 11:21:42.051] [main/DEBUG] [net.neoforged.fml.util.ServiceLoaderUtil/CORE]: 	    1000 - [built-in] net.neoforged.fml.loading.moddiscovery.locators.GameLocator from libraries/net/neoforged/fancymodloader/loader/11.0.16/loader-11.0.16.jar
[25Sep2026 11:21:42.051] [main/DEBUG] [net.neoforged.fml.util.ServiceLoaderUtil/CORE]: 	    1000 - [built-in] net.neoforged.fml.loading.moddiscovery.locators.InDevFolderLocator from libraries/net/neoforged/fancymodloader/loader/11.0.16/loader-11.0.16.jar
[25Sep2026 11:21:42.051] [main/DEBUG] [net.neoforged.fml.util.ServiceLoaderUtil/CORE]: 	    1000 - [built-in] net.neoforged.fml.loading.moddiscovery.locators.InDevJarLocator from libraries/net/neoforged/fancymodloader/loader/11.0.16/loader-11.0.16.jar
[25Sep2026 11:21:42.051] [main/DEBUG] [net.neoforged.fml.util.ServiceLoaderUtil/CORE]: 	       0 - [built-in] net.neoforged.fml.loading.moddiscovery.locators.ModsFolderLocator from libraries/net/neoforged/fancymodloader/loader/11.0.16/loader-11.0.16.jar
[25Sep2026 11:21:42.053] [main/DEBUG] [net.neoforged.fml.util.ServiceLoaderUtil/CORE]: Found 2 implementations of IModFileReader:
[25Sep2026 11:21:42.053] [main/DEBUG] [net.neoforged.fml.util.ServiceLoaderUtil/CORE]: 	       0 - net.neoforged.fml.loading.moddiscovery.readers.JarModsDotTomlModFileReader from libraries/net/neoforged/fancymodloader/loader/11.0.16/loader-11.0.16.jar
[25Sep2026 11:21:42.054] [main/DEBUG] [net.neoforged.fml.util.ServiceLoaderUtil/CORE]: 	   -1000 - net.neoforged.fml.loading.moddiscovery.readers.NestedLibraryModReader from libraries/net/neoforged/fancymodloader/loader/11.0.16/loader-11.0.16.jar
[25Sep2026 11:21:42.056] [main/DEBUG] [net.neoforged.fml.util.ServiceLoaderUtil/CORE]: Found 1 implementations of IDependencyLocator:
[25Sep2026 11:21:42.056] [main/DEBUG] [net.neoforged.fml.util.ServiceLoaderUtil/CORE]: 	       0 - net.neoforged.fml.loading.moddiscovery.locators.JarInJarDependencyLocator from libraries/net/neoforged/fancymodloader/loader/11.0.16/loader-11.0.16.jar
[25Sep2026 11:21:42.063] [main/INFO] [net.neoforged.fml.loading.moddiscovery.locators.GameLocator/]: Failed to find common Minecraft classes and resources on the classpath. Assuming we're launching production.
[25Sep2026 11:21:42.191] [main/DEBUG] [net.neoforged.fml.loading.moddiscovery.ModFileParser/LOADING]: Considering mod file candidate libraries/net/neoforged/minecraft-server-patched/26.2.0.75/minecraft-server-patched-26.2.0.75.jar
[25Sep2026 11:21:42.245] [main/DEBUG] [net.neoforged.fml.loading.moddiscovery.ModFileInfo/LOADING]: Found valid mod file minecraft-server-patched-26.2.0.75.jar with {minecraft} mods - versions {26.2}
[25Sep2026 11:21:42.250] [main/DEBUG] [net.neoforged.fml.loading.moddiscovery.ModFile/LOADING]: Loading mod file libraries/net/neoforged/minecraft-server-patched/26.2.0.75/minecraft-server-patched-26.2.0.75.jar with languages [LanguageSpec[languageName=minecraft, acceptedVersions=null]]
[25Sep2026 11:21:42.260] [main/DEBUG] [net.neoforged.fml.loading.moddiscovery.ModFileParser/LOADING]: Considering mod file candidate libraries/net/neoforged/neoforge/26.2.0.75/neoforge-26.2.0.75-universal.jar
[25Sep2026 11:21:42.267] [main/DEBUG] [net.neoforged.fml.loading.moddiscovery.ModFileInfo/LOADING]: Found valid mod file neoforge-26.2.0.75-universal.jar with {neoforge} mods - versions {26.2.0.75}
[25Sep2026 11:21:42.268] [main/DEBUG] [net.neoforged.fml.loading.moddiscovery.ModFile/LOADING]: Loading mod file libraries/net/neoforged/neoforge/26.2.0.75/neoforge-26.2.0.75-universal.jar with languages [LanguageSpec[languageName=javafml, acceptedVersions=[3,]]]
[25Sep2026 11:21:42.273] [main/DEBUG] [net.neoforged.fml.loading.moddiscovery.ModFile/LOADING]: Found mixin config MixinConfig[config=neoforge.mixins.json, requiredMods=[], behaviorVersion=null]
[25Sep2026 11:21:42.293] [main/DEBUG] [net.neoforged.fml.loading.moddiscovery.ModFileParser/LOADING]: Considering mod file candidate /workspaces/SERVER-DISLEXICO-05/servidor_minecraft/mods/balm-neoforge-26.2-26.2.0.8.jar
[25Sep2026 11:21:42.301] [main/DEBUG] [net.neoforged.fml.loading.moddiscovery.ModFileInfo/LOADING]: Found valid mod file balm-neoforge-26.2-26.2.0.8.jar with {balm} mods - versions {26.2.0.8}
[25Sep2026 11:21:42.302] [main/DEBUG] [net.neoforged.fml.loading.moddiscovery.ModFile/LOADING]: Loading mod file /workspaces/SERVER-DISLEXICO-05/servidor_minecraft/mods/balm-neoforge-26.2-26.2.0.8.jar with languages [LanguageSpec[languageName=javafml, acceptedVersions=[1,)]]
[25Sep2026 11:21:42.302] [main/DEBUG] [net.neoforged.fml.loading.moddiscovery.ModFile/LOADING]: Found mixin config MixinConfig[config=balm.mixins.json, requiredMods=[], behaviorVersion=null]
[25Sep2026 11:21:42.302] [main/DEBUG] [net.neoforged.fml.loading.moddiscovery.ModFile/LOADING]: Found mixin config MixinConfig[config=balm.api.mixins.json, requiredMods=[], behaviorVersion=null]
[25Sep2026 11:21:42.302] [main/DEBUG] [net.neoforged.fml.loading.moddiscovery.ModFile/LOADING]: Found mixin config MixinConfig[config=balm.neoforge.mixins.json, requiredMods=[], behaviorVersion=null]
[25Sep2026 11:21:42.305] [main/DEBUG] [net.neoforged.fml.loading.moddiscovery.ModFileParser/LOADING]: Considering mod file candidate /workspaces/SERVER-DISLEXICO-05/servidor_minecraft/mods/BiomesOPlenty-neoforge-26.2-26.2.0.0.24.jar
[25Sep2026 11:21:42.308] [main/DEBUG] [net.neoforged.fml.loading.moddiscovery.ModFileInfo/LOADING]: Found valid mod file BiomesOPlenty-neoforge-26.2-26.2.0.0.24.jar with {biomesoplenty} mods - versions {26.2.0.0.24}
[25Sep2026 11:21:42.308] [main/DEBUG] [net.neoforged.fml.loading.moddiscovery.ModFile/LOADING]: Loading mod file /workspaces/SERVER-DISLEXICO-05/servidor_minecraft/mods/BiomesOPlenty-neoforge-26.2-26.2.0.0.24.jar with languages [LanguageSpec[languageName=javafml, acceptedVersions=[1,)]]
[25Sep2026 11:21:42.309] [main/DEBUG] [net.neoforged.fml.loading.moddiscovery.ModFile/LOADING]: Found mixin config MixinConfig[config=biomesoplenty.mixins.json, requiredMods=[], behaviorVersion=null]
[25Sep2026 11:21:42.309] [main/DEBUG] [net.neoforged.fml.loading.moddiscovery.ModFile/LOADING]: Found mixin config MixinConfig[config=biomesoplenty.neoforge.mixins.json, requiredMods=[], behaviorVersion=null]
[25Sep2026 11:21:42.310] [main/DEBUG] [net.neoforged.fml.loading.moddiscovery.ModFileParser/LOADING]: Considering mod file candidate /workspaces/SERVER-DISLEXICO-05/servidor_minecraft/mods/collective-26.2.0-8.39.jar
[25Sep2026 11:21:42.312] [main/DEBUG] [net.neoforged.fml.loading.moddiscovery.ModFileInfo/LOADING]: Found valid mod file collective-26.2.0-8.39.jar with {collective} mods - versions {8.39}
[25Sep2026 11:21:42.312] [main/DEBUG] [net.neoforged.fml.loading.moddiscovery.ModFile/LOADING]: Loading mod file /workspaces/SERVER-DISLEXICO-05/servidor_minecraft/mods/collective-26.2.0-8.39.jar with languages [LanguageSpec[languageName=javafml, acceptedVersions=*]]
[25Sep2026 11:21:42.312] [main/DEBUG] [net.neoforged.fml.loading.moddiscovery.ModFile/LOADING]: Found mixin config MixinConfig[config=collective_neoforge.mixins.json, requiredMods=[], behaviorVersion=null]
[25Sep2026 11:21:42.313] [main/DEBUG] [net.neoforged.fml.loading.moddiscovery.ModFileParser/LOADING]: Considering mod file candidate /workspaces/SERVER-DISLEXICO-05/servidor_minecraft/mods/CreativeCore_NEOFORGE_v2.14.16_mc26.2.jar
[25Sep2026 11:21:42.318] [main/DEBUG] [net.neoforged.fml.loading.moddiscovery.ModFileInfo/LOADING]: Found valid mod file CreativeCore_NEOFORGE_v2.14.16_mc26.2.jar with {creativecore} mods - versions {2.14.16}
[25Sep2026 11:21:42.320] [main/DEBUG] [net.neoforged.fml.loading.moddiscovery.ModFile/LOADING]: Loading mod file /workspaces/SERVER-DISLEXICO-05/servidor_minecraft/mods/CreativeCore_NEOFORGE_v2.14.16_mc26.2.jar with languages [LanguageSpec[languageName=javafml, acceptedVersions=[1,)]]
[25Sep2026 11:21:42.320] [main/DEBUG] [net.neoforged.fml.loading.moddiscovery.ModFile/LOADING]: Found mixin config MixinConfig[config=creativecore.mixins.json, requiredMods=[], behaviorVersion=null]
[25Sep2026 11:21:42.320] [main/DEBUG] [net.neoforged.fml.loading.moddiscovery.ModFile/LOADING]: Found mixin config MixinConfig[config=creativecore.forge.mixins.json, requiredMods=[], behaviorVersion=null]
[25Sep2026 11:21:42.321] [main/DEBUG] [net.neoforged.fml.loading.moddiscovery.ModFileParser/LOADING]: Considering mod file candidate /workspaces/SERVER-DISLEXICO-05/servidor_minecraft/mods/DungeonCrawl-NeoForge-26.2-2.3.17.jar
[25Sep2026 11:21:42.327] [main/DEBUG] [net.neoforged.fml.loading.moddiscovery.ModFileInfo/LOADING]: Found valid mod file DungeonCrawl-NeoForge-26.2-2.3.17.jar with {dungeoncrawl} mods - versions {2.3.17}
[25Sep2026 11:21:42.327] [main/DEBUG] [net.neoforged.fml.loading.moddiscovery.ModFile/LOADING]: Loading mod file /workspaces/SERVER-DISLEXICO-05/servidor_minecraft/mods/DungeonCrawl-NeoForge-26.2-2.3.17.jar with languages [LanguageSpec[languageName=javafml, acceptedVersions=[4,)]]
[25Sep2026 11:21:42.328] [main/DEBUG] [net.neoforged.fml.loading.moddiscovery.ModFileParser/LOADING]: Considering mod file candidate /workspaces/SERVER-DISLEXICO-05/servidor_minecraft/mods/Explorify v1.6.5.mod.jar
[25Sep2026 11:21:42.330] [main/DEBUG] [net.neoforged.fml.loading.moddiscovery.ModFileInfo/LOADING]: Found valid mod file Explorify v1.6.5.mod.jar with {explorify} mods - versions {1.6.5}
[25Sep2026 11:21:42.330] [main/DEBUG] [net.neoforged.fml.loading.moddiscovery.ModFile/LOADING]: Loading mod file /workspaces/SERVER-DISLEXICO-05/servidor_minecraft/mods/Explorify v1.6.5.mod.jar with languages [LanguageSpec[languageName=lowcodefml, acceptedVersions=[1,)]]
[25Sep2026 11:21:42.330] [main/DEBUG] [net.neoforged.fml.loading.moddiscovery.ModFileParser/LOADING]: Considering mod file candidate /workspaces/SERVER-DISLEXICO-05/servidor_minecraft/mods/FallingTree-26.2-25.jar
[25Sep2026 11:21:42.332] [main/DEBUG] [net.neoforged.fml.loading.moddiscovery.ModFileInfo/LOADING]: Found valid mod file FallingTree-26.2-25.jar with {fallingtree} mods - versions {25}
[25Sep2026 11:21:42.332] [main/DEBUG] [net.neoforged.fml.loading.moddiscovery.ModFile/LOADING]: Loading mod file /workspaces/SERVER-DISLEXICO-05/servidor_minecraft/mods/FallingTree-26.2-25.jar with languages [LanguageSpec[languageName=null, acceptedVersions=null]]
[25Sep2026 11:21:42.332] [main/ERROR] [net.neoforged.fml.loading.moddiscovery.ModFile/LOADING]: Access transformer file META-INF/neoforge.accesstransformer.cfg provided by mod fallingtree does not exist!
[25Sep2026 11:21:42.333] [main/DEBUG] [net.neoforged.fml.loading.moddiscovery.ModFileParser/LOADING]: Considering mod file candidate /workspaces/SERVER-DISLEXICO-05/servidor_minecraft/mods/GlitchCore-neoforge-26.2-26.2.0.0.0.jar
[25Sep2026 11:21:42.334] [main/DEBUG] [net.neoforged.fml.loading.moddiscovery.ModFileInfo/LOADING]: Found valid mod file GlitchCore-neoforge-26.2-26.2.0.0.0.jar with {glitchcore} mods - versions {26.2.0.0.0}
[25Sep2026 11:21:42.334] [main/DEBUG] [net.neoforged.fml.loading.moddiscovery.ModFile/LOADING]: Loading mod file /workspaces/SERVER-DISLEXICO-05/servidor_minecraft/mods/GlitchCore-neoforge-26.2-26.2.0.0.0.jar with languages [LanguageSpec[languageName=javafml, acceptedVersions=[1,)]]
[25Sep2026 11:21:42.334] [main/DEBUG] [net.neoforged.fml.loading.moddiscovery.ModFile/LOADING]: Found mixin config MixinConfig[config=glitchcore.mixins.json, requiredMods=[], behaviorVersion=null]
[25Sep2026 11:21:42.334] [main/DEBUG] [net.neoforged.fml.loading.moddiscovery.ModFile/LOADING]: Found mixin config MixinConfig[config=glitchcore.neoforge.mixins.json, requiredMods=[], behaviorVersion=null]
[25Sep2026 11:21:42.335] [main/DEBUG] [net.neoforged.fml.loading.moddiscovery.ModFileParser/LOADING]: Considering mod file candidate /workspaces/SERVER-DISLEXICO-05/servidor_minecraft/mods/InventoryProfilesNext-neoforge-26.2-2.3.7.jar
[25Sep2026 11:21:42.336] [main/DEBUG] [net.neoforged.fml.loading.moddiscovery.ModFileInfo/LOADING]: Found valid mod file InventoryProfilesNext-neoforge-26.2-2.3.7.jar with {inventoryprofilesnext} mods - versions {2.3.7}
[25Sep2026 11:21:42.336] [main/DEBUG] [net.neoforged.fml.loading.moddiscovery.ModFile/LOADING]: Loading mod file /workspaces/SERVER-DISLEXICO-05/servidor_minecraft/mods/InventoryProfilesNext-neoforge-26.2-2.3.7.jar with languages [LanguageSpec[languageName=javafml, acceptedVersions=${FML_VERSION}]]
[25Sep2026 11:21:42.337] [main/DEBUG] [net.neoforged.fml.loading.moddiscovery.ModFile/LOADING]: Found mixin config MixinConfig[config=mixins.ipnext.json, requiredMods=[], behaviorVersion=null]
[25Sep2026 11:21:42.337] [main/DEBUG] [net.neoforged.fml.loading.moddiscovery.ModFileParser/LOADING]: Considering mod file candidate /workspaces/SERVER-DISLEXICO-05/servidor_minecraft/mods/jei-26.2-neoforge-30.32.0.221.jar
[25Sep2026 11:21:42.340] [main/DEBUG] [net.neoforged.fml.loading.moddiscovery.ModFileInfo/LOADING]: Found valid mod file jei-26.2-neoforge-30.32.0.221.jar with {jei} mods - versions {30.32.0.221}
[25Sep2026 11:21:42.340] [main/DEBUG] [net.neoforged.fml.loading.moddiscovery.ModFile/LOADING]: Loading mod file /workspaces/SERVER-DISLEXICO-05/servidor_minecraft/mods/jei-26.2-neoforge-30.32.0.221.jar with languages [LanguageSpec[languageName=javafml, acceptedVersions=[4,)]]
[25Sep2026 11:21:42.341] [main/DEBUG] [net.neoforged.fml.loading.moddiscovery.ModFileParser/LOADING]: Considering mod file candidate /workspaces/SERVER-DISLEXICO-05/servidor_minecraft/mods/journeymap-neoforge-26.2-6.0.8.jar
[25Sep2026 11:21:42.343] [main/DEBUG] [net.neoforged.fml.loading.moddiscovery.ModFileInfo/LOADING]: Found valid mod file journeymap-neoforge-26.2-6.0.8.jar with {journeymap} mods - versions {26.2-6.0.8}
[25Sep2026 11:21:42.343] [main/DEBUG] [net.neoforged.fml.loading.moddiscovery.ModFile/LOADING]: Loading mod file /workspaces/SERVER-DISLEXICO-05/servidor_minecraft/mods/journeymap-neoforge-26.2-6.0.8.jar with languages [LanguageSpec[languageName=javafml, acceptedVersions=[1,)]]
[25Sep2026 11:21:42.343] [main/DEBUG] [net.neoforged.fml.loading.moddiscovery.ModFile/LOADING]: Found mixin config MixinConfig[config=journeymap.mixins.json, requiredMods=[], behaviorVersion=null]
[25Sep2026 11:21:42.343] [main/DEBUG] [net.neoforged.fml.loading.moddiscovery.ModFile/LOADING]: Found mixin config MixinConfig[config=journeymap.neoforge.mixins.json, requiredMods=[], behaviorVersion=null]
[25Sep2026 11:21:42.344] [main/DEBUG] [net.neoforged.fml.loading.moddiscovery.ModFileParser/LOADING]: Considering mod file candidate /workspaces/SERVER-DISLEXICO-05/servidor_minecraft/mods/just-hammers-neoforge-26.2.0.1.jar
[25Sep2026 11:21:42.345] [main/DEBUG] [net.neoforged.fml.loading.moddiscovery.ModFileInfo/LOADING]: Found valid mod file just-hammers-neoforge-26.2.0.1.jar with {justhammers} mods - versions {26.2.0.1}
[25Sep2026 11:21:42.345] [main/DEBUG] [net.neoforged.fml.loading.moddiscovery.ModFile/LOADING]: Loading mod file /workspaces/SERVER-DISLEXICO-05/servidor_minecraft/mods/just-hammers-neoforge-26.2.0.1.jar with languages [LanguageSpec[languageName=javafml, acceptedVersions=[2,)]]
[25Sep2026 11:21:42.347] [main/DEBUG] [net.neoforged.fml.loading.moddiscovery.ModFile/LOADING]: Found mixin config MixinConfig[config=justhammers.mixins.json, requiredMods=[], behaviorVersion=null]
[25Sep2026 11:21:42.347] [main/DEBUG] [net.neoforged.fml.loading.moddiscovery.ModFileParser/LOADING]: Considering mod file candidate /workspaces/SERVER-DISLEXICO-05/servidor_minecraft/mods/libIPN-neoforge-26.2-6.8.3.jar
[25Sep2026 11:21:42.349] [main/DEBUG] [net.neoforged.fml.loading.moddiscovery.ModFileInfo/LOADING]: Found valid mod file libIPN-neoforge-26.2-6.8.3.jar with {libipn} mods - versions {6.8.3}
[25Sep2026 11:21:42.349] [main/DEBUG] [net.neoforged.fml.loading.moddiscovery.ModFile/LOADING]: Loading mod file /workspaces/SERVER-DISLEXICO-05/servidor_minecraft/mods/libIPN-neoforge-26.2-6.8.3.jar with languages [LanguageSpec[languageName=javafml, acceptedVersions=${FML_VERSION}]]
[25Sep2026 11:21:42.350] [main/DEBUG] [net.neoforged.fml.loading.moddiscovery.ModFileParser/LOADING]: Considering mod file candidate /workspaces/SERVER-DISLEXICO-05/servidor_minecraft/mods/PlayerRevive_NEOFORGE_v2.1.2_mc26.2.jar
[25Sep2026 11:21:42.351] [main/DEBUG] [net.neoforged.fml.loading.moddiscovery.ModFileInfo/LOADING]: Found valid mod file PlayerRevive_NEOFORGE_v2.1.2_mc26.2.jar with {playerrevive} mods - versions {2.1.2}
[25Sep2026 11:21:42.351] [main/DEBUG] [net.neoforged.fml.loading.moddiscovery.ModFile/LOADING]: Loading mod file /workspaces/SERVER-DISLEXICO-05/servidor_minecraft/mods/PlayerRevive_NEOFORGE_v2.1.2_mc26.2.jar with languages [LanguageSpec[languageName=javafml, acceptedVersions=[1,)]]
[25Sep2026 11:21:42.351] [main/DEBUG] [net.neoforged.fml.loading.moddiscovery.ModFile/LOADING]: Found mixin config MixinConfig[config=playerrevive.mixins.json, requiredMods=[], behaviorVersion=null]
[25Sep2026 11:21:42.352] [main/DEBUG] [net.neoforged.fml.loading.moddiscovery.ModFileParser/LOADING]: Considering mod file candidate /workspaces/SERVER-DISLEXICO-05/servidor_minecraft/mods/replantingcrops-26.2.0-5.6.jar
[25Sep2026 11:21:42.353] [main/DEBUG] [net.neoforged.fml.loading.moddiscovery.ModFileInfo/LOADING]: Found valid mod file replantingcrops-26.2.0-5.6.jar with {replantingcrops} mods - versions {5.6}
[25Sep2026 11:21:42.353] [main/DEBUG] [net.neoforged.fml.loading.moddiscovery.ModFile/LOADING]: Loading mod file /workspaces/SERVER-DISLEXICO-05/servidor_minecraft/mods/replantingcrops-26.2.0-5.6.jar with languages [LanguageSpec[languageName=javafml, acceptedVersions=*]]
[25Sep2026 11:21:42.353] [main/DEBUG] [net.neoforged.fml.loading.moddiscovery.ModFile/LOADING]: Found mixin config MixinConfig[config=replantingcrops_neoforge.mixins.json, requiredMods=[], behaviorVersion=null]
[25Sep2026 11:21:42.355] [main/DEBUG] [net.neoforged.fml.loading.moddiscovery.ModFileParser/LOADING]: Considering mod file candidate /workspaces/SERVER-DISLEXICO-05/servidor_minecraft/mods/repurposed_structures-7.7.6+26.2-neoforge.jar
[25Sep2026 11:21:42.358] [main/DEBUG] [net.neoforged.fml.loading.moddiscovery.ModFileInfo/LOADING]: Found valid mod file repurposed_structures-7.7.6+26.2-neoforge.jar with {repurposed_structures} mods - versions {7.7.6+26.2-neoforge}
[25Sep2026 11:21:42.358] [main/DEBUG] [net.neoforged.fml.loading.moddiscovery.ModFile/LOADING]: Loading mod file /workspaces/SERVER-DISLEXICO-05/servidor_minecraft/mods/repurposed_structures-7.7.6+26.2-neoforge.jar with languages [LanguageSpec[languageName=javafml, acceptedVersions=[4,)]]
[25Sep2026 11:21:42.358] [main/DEBUG] [net.neoforged.fml.loading.moddiscovery.ModFile/LOADING]: Found mixin config MixinConfig[config=repurposed_structures-neoforge.mixins.json, requiredMods=[], behaviorVersion=null]
[25Sep2026 11:21:42.358] [main/DEBUG] [net.neoforged.fml.loading.moddiscovery.ModFile/LOADING]: Found mixin config MixinConfig[config=repurposed_structures-common.mixins.json, requiredMods=[], behaviorVersion=null]
[25Sep2026 11:21:42.358] [main/DEBUG] [net.neoforged.fml.loading.moddiscovery.ModFileParser/LOADING]: Considering mod file candidate /workspaces/SERVER-DISLEXICO-05/servidor_minecraft/mods/rottenfleshtoleather NeoForge 26.2-1.7.8.jar
[25Sep2026 11:21:42.359] [main/DEBUG] [net.neoforged.fml.loading.moddiscovery.ModFileInfo/LOADING]: Found valid mod file rottenfleshtoleather NeoForge 26.2-1.7.8.jar with {rottenfleshtoleather} mods - versions {1.7.8}
[25Sep2026 11:21:42.359] [main/DEBUG] [net.neoforged.fml.loading.moddiscovery.ModFile/LOADING]: Loading mod file /workspaces/SERVER-DISLEXICO-05/servidor_minecraft/mods/rottenfleshtoleather NeoForge 26.2-1.7.8.jar with languages [LanguageSpec[languageName=javafml, acceptedVersions=[1,)]]
[25Sep2026 11:21:42.360] [main/DEBUG] [net.neoforged.fml.loading.moddiscovery.ModFileParser/LOADING]: Considering mod file candidate /workspaces/SERVER-DISLEXICO-05/servidor_minecraft/mods/TerraBlender-neoforge-26.2-26.2.0.0.2.jar
[25Sep2026 11:21:42.361] [main/DEBUG] [net.neoforged.fml.loading.moddiscovery.ModFileInfo/LOADING]: Found valid mod file TerraBlender-neoforge-26.2-26.2.0.0.2.jar with {terrablender} mods - versions {26.2.0.0.2}
[25Sep2026 11:21:42.361] [main/DEBUG] [net.neoforged.fml.loading.moddiscovery.ModFile/LOADING]: Loading mod file /workspaces/SERVER-DISLEXICO-05/servidor_minecraft/mods/TerraBlender-neoforge-26.2-26.2.0.0.2.jar with languages [LanguageSpec[languageName=javafml, acceptedVersions=[1,)]]
[25Sep2026 11:21:42.361] [main/DEBUG] [net.neoforged.fml.loading.moddiscovery.ModFile/LOADING]: Found mixin config MixinConfig[config=terrablender.mixins.json, requiredMods=[], behaviorVersion=null]
[25Sep2026 11:21:42.361] [main/DEBUG] [net.neoforged.fml.loading.moddiscovery.ModFile/LOADING]: Found mixin config MixinConfig[config=terrablender.neoforge.mixins.json, requiredMods=[], behaviorVersion=null]
[25Sep2026 11:21:42.362] [main/DEBUG] [net.neoforged.fml.loading.moddiscovery.ModFileParser/LOADING]: Considering mod file candidate /workspaces/SERVER-DISLEXICO-05/servidor_minecraft/mods/tombstone-neoforge-26.2-9.9.3.jar
[25Sep2026 11:21:42.365] [main/DEBUG] [net.neoforged.fml.loading.moddiscovery.ModFileInfo/LOADING]: Found valid mod file tombstone-neoforge-26.2-9.9.3.jar with {tombstone} mods - versions {9.9.3}
[25Sep2026 11:21:42.365] [main/DEBUG] [net.neoforged.fml.loading.moddiscovery.ModFile/LOADING]: Loading mod file /workspaces/SERVER-DISLEXICO-05/servidor_minecraft/mods/tombstone-neoforge-26.2-9.9.3.jar with languages [LanguageSpec[languageName=null, acceptedVersions=null]]
[25Sep2026 11:21:42.365] [main/DEBUG] [net.neoforged.fml.loading.moddiscovery.ModFile/LOADING]: Found mixin config MixinConfig[config=tombstone.mixins.json, requiredMods=[], behaviorVersion=null]
[25Sep2026 11:21:42.366] [main/DEBUG] [net.neoforged.fml.loading.moddiscovery.ModFileParser/LOADING]: Considering mod file candidate /workspaces/SERVER-DISLEXICO-05/servidor_minecraft/mods/trashslot-neoforge-26.2-26.2.0.2.jar
[25Sep2026 11:21:42.367] [main/DEBUG] [net.neoforged.fml.loading.moddiscovery.ModFileInfo/LOADING]: Found valid mod file trashslot-neoforge-26.2-26.2.0.2.jar with {trashslot} mods - versions {26.2.0.2}
[25Sep2026 11:21:42.368] [main/DEBUG] [net.neoforged.fml.loading.moddiscovery.ModFile/LOADING]: Loading mod file /workspaces/SERVER-DISLEXICO-05/servidor_minecraft/mods/trashslot-neoforge-26.2-26.2.0.2.jar with languages [LanguageSpec[languageName=javafml, acceptedVersions=[1,)]]
[25Sep2026 11:21:42.368] [main/DEBUG] [net.neoforged.fml.loading.moddiscovery.ModFile/LOADING]: Found mixin config MixinConfig[config=trashslot.mixins.json, requiredMods=[], behaviorVersion=null]
[25Sep2026 11:21:42.368] [main/DEBUG] [net.neoforged.fml.loading.moddiscovery.ModFile/LOADING]: Found mixin config MixinConfig[config=trashslot.neoforge.mixins.json, requiredMods=[], behaviorVersion=null]
[25Sep2026 11:21:42.369] [main/DEBUG] [net.neoforged.fml.loading.moddiscovery.ModFileParser/LOADING]: Considering mod file candidate /workspaces/SERVER-DISLEXICO-05/servidor_minecraft/mods/travelersbackpack-neoforge-26.2-11.3.3.jar
[25Sep2026 11:21:42.371] [main/DEBUG] [net.neoforged.fml.loading.moddiscovery.ModFileInfo/LOADING]: Found valid mod file travelersbackpack-neoforge-26.2-11.3.3.jar with {travelersbackpack} mods - versions {11.3.3}
[25Sep2026 11:21:42.371] [main/DEBUG] [net.neoforged.fml.loading.moddiscovery.ModFile/LOADING]: Loading mod file /workspaces/SERVER-DISLEXICO-05/servidor_minecraft/mods/travelersbackpack-neoforge-26.2-11.3.3.jar with languages [LanguageSpec[languageName=null, acceptedVersions=null]]
[25Sep2026 11:21:42.371] [main/DEBUG] [net.neoforged.fml.loading.moddiscovery.ModFile/LOADING]: Found mixin config MixinConfig[config=travelersbackpack.mixins.json, requiredMods=[], behaviorVersion=null]
[25Sep2026 11:21:42.648] [main/DEBUG] [net.neoforged.fml.loading.moddiscovery.ModFile/LOADING]: Loading mod file /workspaces/SERVER-DISLEXICO-05/servidor_minecraft/.cache/jij/f0d8e8908624eb4478bb131e9f887366680d2e239741195e548fa5c906963b90/kotlin-reflect-2.4.0.jar with languages []
[25Sep2026 11:21:42.674] [main/DEBUG] [net.neoforged.fml.loading.moddiscovery.ModFile/LOADING]: Loading mod file /workspaces/SERVER-DISLEXICO-05/servidor_minecraft/.cache/jij/ccb14ff83fabcb11458b798dbc9824748ccdffeec79c9aba789e6ed1cda86b1c/kotlin-stdlib-2.4.0.jar with languages []
[25Sep2026 11:21:42.676] [main/DEBUG] [net.neoforged.fml.loading.moddiscovery.ModFile/LOADING]: Loading mod file /workspaces/SERVER-DISLEXICO-05/servidor_minecraft/.cache/jij/5072265564b6b0296f9c7b21fee65edee760c5697436f5ae7427033fa58fc034/kotlin-stdlib-jdk7-2.4.0.jar with languages []
[25Sep2026 11:21:42.678] [main/DEBUG] [net.neoforged.fml.loading.moddiscovery.ModFile/LOADING]: Loading mod file /workspaces/SERVER-DISLEXICO-05/servidor_minecraft/.cache/jij/d96b4e297136b8a4b2b88c1adcdc64d92e90d52a417e4315cdcf964adede8aa2/kotlin-stdlib-jdk8-2.4.0.jar with languages []
[25Sep2026 11:21:42.704] [main/DEBUG] [net.neoforged.fml.loading.moddiscovery.ModFile/LOADING]: Loading mod file /workspaces/SERVER-DISLEXICO-05/servidor_minecraft/.cache/jij/d1d75aa01dffbb4d1c520e67e4c4e7f5f6174718e7cb4632412503f2f0e604fa/kotlinx-coroutines-core-jvm-1.11.0.jar with languages []
[25Sep2026 11:21:42.707] [main/DEBUG] [net.neoforged.fml.loading.moddiscovery.ModFile/LOADING]: Loading mod file /workspaces/SERVER-DISLEXICO-05/servidor_minecraft/.cache/jij/1238f179da55360725ec49b887225317f31ae89bd29b652cbe139ff59f5d45cb/kotlinx-coroutines-jdk8-1.11.0.jar with languages []
[25Sep2026 11:21:42.723] [main/DEBUG] [net.neoforged.fml.loading.moddiscovery.ModFile/LOADING]: Loading mod file /workspaces/SERVER-DISLEXICO-05/servidor_minecraft/.cache/jij/f4a801c647d4351327cd9e1ac4113e2be9ea37a64ab0abae269c25a52e28f35d/kotlinx-serialization-core-jvm-1.11.0.jar with languages []
[25Sep2026 11:21:42.731] [main/DEBUG] [net.neoforged.fml.loading.moddiscovery.ModFile/LOADING]: Loading mod file /workspaces/SERVER-DISLEXICO-05/servidor_minecraft/.cache/jij/563a25b4eb5c9128ae9c2479f3d1a5c44dcd176112b91cf03682e906eba5c935/kotlinx-serialization-json-jvm-1.11.0.jar with languages []
[25Sep2026 11:21:42.738] [main/DEBUG] [net.neoforged.fml.loading.moddiscovery.ModFile/LOADING]: Loading mod file /workspaces/SERVER-DISLEXICO-05/servidor_minecraft/.cache/jij/e6b762f15e4891178dddd74e4d57318f518ce278000129efa41f85410b132ccc/pngj-2.1.0.jar with languages []
[25Sep2026 11:21:42.743] [main/DEBUG] [net.neoforged.fml.loading.moddiscovery.ModFileParser/LOADING]: Considering mod file candidate /workspaces/SERVER-DISLEXICO-05/servidor_minecraft/.cache/jij/1a5c40413dea54af68462ae2aa1698b8f2ea5301f33c6047d5ddf2c5dc84790c/journeymap-api-neoforge-26.2-2.0.0.jar
[25Sep2026 11:21:42.746] [main/DEBUG] [net.neoforged.fml.loading.moddiscovery.ModFileInfo/LOADING]: Found valid mod file journeymap-api-neoforge-26.2-2.0.0.jar with {journeymap_api} mods - versions {26.2-2.0.0}
[25Sep2026 11:21:42.746] [main/DEBUG] [net.neoforged.fml.loading.moddiscovery.ModFile/LOADING]: Loading mod file /workspaces/SERVER-DISLEXICO-05/servidor_minecraft/.cache/jij/1a5c40413dea54af68462ae2aa1698b8f2ea5301f33c6047d5ddf2c5dc84790c/journeymap-api-neoforge-26.2-2.0.0.jar with languages [LanguageSpec[languageName=javafml, acceptedVersions=[1,)]]
[25Sep2026 11:21:42.749] [main/DEBUG] [net.neoforged.fml.loading.moddiscovery.ModFileParser/LOADING]: Considering mod file candidate /workspaces/SERVER-DISLEXICO-05/servidor_minecraft/.cache/jij/baff43a1626eb3a929acbaba7051bd39c0ec546e625c0a35411ab479c38bfa49/common-networking-neoforge-26.2-1.1.0.jar
[25Sep2026 11:21:42.750] [main/DEBUG] [net.neoforged.fml.loading.moddiscovery.ModFileInfo/LOADING]: Found valid mod file common-networking-neoforge-26.2-1.1.0.jar with {commonnetworking} mods - versions {26.2-1.1.0}
[25Sep2026 11:21:42.751] [main/DEBUG] [net.neoforged.fml.loading.moddiscovery.ModFile/LOADING]: Loading mod file /workspaces/SERVER-DISLEXICO-05/servidor_minecraft/.cache/jij/baff43a1626eb3a929acbaba7051bd39c0ec546e625c0a35411ab479c38bfa49/common-networking-neoforge-26.2-1.1.0.jar with languages [LanguageSpec[languageName=javafml, acceptedVersions=[2,)]]
[25Sep2026 11:21:42.759] [main/DEBUG] [net.neoforged.fml.loading.moddiscovery.ModFileParser/LOADING]: Considering mod file candidate /workspaces/SERVER-DISLEXICO-05/servidor_minecraft/.cache/jij/33f235f6c834330a7ce20f45475656c01b9d8eca587d86a6b11ea38a94190ccc/kuma-api-neoforge-26.2.0.1.jar
[25Sep2026 11:21:42.760] [main/DEBUG] [net.neoforged.fml.loading.moddiscovery.ModFileInfo/LOADING]: Found valid mod file kuma-api-neoforge-26.2.0.1.jar with {kuma_api} mods - versions {26.2.0.1}
[25Sep2026 11:21:42.760] [main/DEBUG] [net.neoforged.fml.loading.moddiscovery.ModFile/LOADING]: Loading mod file /workspaces/SERVER-DISLEXICO-05/servidor_minecraft/.cache/jij/33f235f6c834330a7ce20f45475656c01b9d8eca587d86a6b11ea38a94190ccc/kuma-api-neoforge-26.2.0.1.jar with languages [LanguageSpec[languageName=javafml, acceptedVersions=[1,)]]
[25Sep2026 11:21:42.760] [main/DEBUG] [net.neoforged.fml.loading.moddiscovery.ModFile/LOADING]: Found mixin config MixinConfig[config=kuma_api.mixins.json, requiredMods=[], behaviorVersion=null]
[25Sep2026 11:21:42.760] [main/DEBUG] [net.neoforged.fml.loading.moddiscovery.ModFile/LOADING]: Found mixin config MixinConfig[config=kuma_api.neoforge.mixins.json, requiredMods=[], behaviorVersion=null]
[25Sep2026 11:21:42.790] [main/DEBUG] [net.neoforged.fml.loading.moddiscovery.ModFile/LOADING]: Loading mod file /workspaces/SERVER-DISLEXICO-05/servidor_minecraft/.cache/jij/6a464b1c603b716033f3561a0632a7cc7be17c9d75af1cab7f1db5fe98c3888a/mixinextras-neoforge-0.5.4.jar with languages []
[25Sep2026 11:21:42.795] [main/DEBUG] [net.neoforged.fml.loading.moddiscovery.ModFile/LOADING]: Loading mod file /workspaces/SERVER-DISLEXICO-05/servidor_minecraft/.cache/jij/4bd11d695a422e55e665ef3bba8b23bb62b7bcb77d98175ba2fff7db44ad1965/net.neoforged.neoforge-coremods-26.2.0.75.jar with languages []
[25Sep2026 11:21:42.862] [main/INFO] [net.neoforged.fml.loading.moddiscovery.locators.JarInJarDependencyLocator/]: Found 14 dependencies adding them to mods collection
[25Sep2026 11:21:42.868] [main/INFO] [net.neoforged.fml.loading.moddiscovery.ModDiscoverer/]: 
     Mod List:
		Name Version (Mod Id)

		Balm 26.2.0.8 (balm)
		Biomes O' Plenty 26.2.0.0.24 (biomesoplenty)
		Collective 8.39 (collective)
		Common Networking 26.2-1.1.0 (commonnetworking)
		Corail Tombstone 9.9.3 (tombstone)
		CreativeCore 2.14.16 (creativecore)
		Dungeon Crawl 2.3.17 (dungeoncrawl)
		Explorify 1.6.5 (explorify)
		FallingTree 25 (fallingtree)
		GlitchCore 26.2.0.0.0 (glitchcore)
		Inventory Profiles Next 2.3.7 (inventoryprofilesnext)
		Journeymap 26.2-6.0.8 (journeymap)
		JourneyMap API 26.2-2.0.0 (journeymap_api)
		Just Enough Items 30.32.0.221 (jei)
		Just Hammers 26.2.0.1 (justhammers)
		KumaAPI 26.2.0.1 (kuma_api)
		libIPN 6.8.3 (libipn)
		Minecraft 26.2 (minecraft)
		NeoForge 26.2.0.75 (neoforge)
		PlayerRevive 2.1.2 (playerrevive)
		Replanting Crops 5.6 (replantingcrops)
		Repurposed Structures 7.7.6+26.2-neoforge (repurposed_structures)
		Rotten Flesh Smelt To Leather 1.7.8 (rottenfleshtoleather)
		TerraBlender 26.2.0.0.2 (terrablender)
		TrashSlot 26.2.0.2 (trashslot)
		Traveler's Backpack 11.3.3 (travelersbackpack)
[25Sep2026 11:21:42.884] [main/DEBUG] [net.neoforged.fml.loading.ModSorter/]: Configured system mods: [minecraft, neoforge]
[25Sep2026 11:21:42.884] [main/DEBUG] [net.neoforged.fml.loading.ModSorter/]: Found system mod: minecraft
[25Sep2026 11:21:42.884] [main/DEBUG] [net.neoforged.fml.loading.ModSorter/]: Found system mod: neoforge
[25Sep2026 11:21:42.897] [main/DEBUG] [net.neoforged.fml.loading.ModSorter/LOADING]: Found 46 mod requirements (46 mandatory, 0 optional)
[25Sep2026 11:21:42.902] [main/DEBUG] [net.neoforged.fml.loading.ModSorter/LOADING]: Found 0 mod requirements missing (0 mandatory, 0 optional)
[25Sep2026 11:21:43.276] [main/INFO] [mixin/]: SpongePowered MIXIN Subsystem Version=0.8.7 Source=file:/workspaces/SERVER-DISLEXICO-05/servidor_minecraft/libraries/net/fabricmc/sponge-mixin/0.17.3+mixin.0.8.7/sponge-mixin-0.17.3+mixin.0.8.7.jar Service=FML Env=SERVER
[25Sep2026 11:21:43.315] [main/DEBUG] [mixin/]: Initialising Mixin Platform Manager
[25Sep2026 11:21:43.315] [main/DEBUG] [mixin/]: Adding mixin platform agents for container ContainerHandleVirtual(fml:18c85)
[25Sep2026 11:21:43.316] [main/DEBUG] [mixin/]: Instancing new MixinPlatformAgentDefault for ContainerHandleVirtual(fml:18c85)
[25Sep2026 11:21:43.317] [main/DEBUG] [mixin/]: MixinPlatformAgentDefault accepted container ContainerHandleVirtual(fml:18c85)
[25Sep2026 11:21:43.317] [main/DEBUG] [mixin/]: Instancing new MixinPlatformAgentDefault for ContainerHandleVirtual(fml:18c85)
[25Sep2026 11:21:43.318] [main/DEBUG] [mixin/]: MixinPlatformAgentDefault accepted container ContainerHandleVirtual(fml:18c85)
[25Sep2026 11:21:43.318] [main/DEBUG] [mixin/]: Processing prepare() for PlatformAgent[MixinPlatformAgentDefault:ContainerHandleVirtual(fml:18c85)]
[25Sep2026 11:21:43.322] [main/DEBUG] [mixin/]: Processing prepare() for PlatformAgent[MixinPlatformAgentDefault:ContainerHandleVirtual(fml:18c85)]
[25Sep2026 11:21:43.326] [main/INFO] [net.neoforged.fml.loading.FMLLoader/]: Loading FML Plugins:
[25Sep2026 11:21:43.326] [main/INFO] [net.neoforged.fml.loading.FMLLoader/]:  - mods/libIPN-neoforge-26.2-6.8.3.jar > kotlinx-serialization-core-jvm-1.11.0.jar
[25Sep2026 11:21:43.326] [main/INFO] [net.neoforged.fml.loading.FMLLoader/]:  - mods/libIPN-neoforge-26.2-6.8.3.jar > kotlinx-coroutines-jdk8-1.11.0.jar
[25Sep2026 11:21:43.327] [main/INFO] [net.neoforged.fml.loading.FMLLoader/]:  - mods/libIPN-neoforge-26.2-6.8.3.jar > kotlinx-serialization-json-jvm-1.11.0.jar
[25Sep2026 11:21:43.327] [main/INFO] [net.neoforged.fml.loading.FMLLoader/]:  - mods/journeymap-neoforge-26.2-6.0.8.jar > pngj-2.1.0.jar
[25Sep2026 11:21:43.329] [main/INFO] [net.neoforged.fml.loading.FMLLoader/]:  - mods/libIPN-neoforge-26.2-6.8.3.jar > kotlin-stdlib-2.4.0.jar
[25Sep2026 11:21:43.329] [main/INFO] [net.neoforged.fml.loading.FMLLoader/]:  - mods/libIPN-neoforge-26.2-6.8.3.jar > kotlinx-coroutines-core-jvm-1.11.0.jar
[25Sep2026 11:21:43.334] [main/INFO] [net.neoforged.fml.loading.FMLLoader/]:  - mods/libIPN-neoforge-26.2-6.8.3.jar > kotlin-reflect-2.4.0.jar
[25Sep2026 11:21:43.334] [main/INFO] [net.neoforged.fml.loading.FMLLoader/]:  - ~libraries/net/neoforged/neoforge/26.2.0.75/neoforge-26.2.0.75-universal.jar > net.neoforged.neoforge-coremods-26.2.0.75.jar
[25Sep2026 11:21:43.334] [main/INFO] [net.neoforged.fml.loading.FMLLoader/]:  - mods/libIPN-neoforge-26.2-6.8.3.jar > kotlin-stdlib-jdk8-2.4.0.jar
[25Sep2026 11:21:43.334] [main/INFO] [net.neoforged.fml.loading.FMLLoader/]:  - mods/libIPN-neoforge-26.2-6.8.3.jar > kotlin-stdlib-jdk7-2.4.0.jar
[25Sep2026 11:21:43.351] [main/DEBUG] [net.neoforged.fml.util.ServiceLoaderUtil/CORE]: Found 2 implementations of IModLanguageLoader:
[25Sep2026 11:21:43.351] [main/DEBUG] [net.neoforged.fml.util.ServiceLoaderUtil/CORE]: 	net.neoforged.fml.javafmlmod.FMLJavaModLanguageProvider from libraries/net/neoforged/fancymodloader/loader/11.0.16/loader-11.0.16.jar
[25Sep2026 11:21:43.351] [main/DEBUG] [net.neoforged.fml.util.ServiceLoaderUtil/CORE]: 	net.neoforged.fml.mclanguageprovider.MinecraftModLanguageProvider from libraries/net/neoforged/fancymodloader/loader/11.0.16/loader-11.0.16.jar
[25Sep2026 11:21:43.352] [main/DEBUG] [net.neoforged.fml.loading.LanguageProviderLoader/CORE]: Found language provider javafml, version 11.0
[25Sep2026 11:21:43.356] [main/DEBUG] [net.neoforged.fml.loading.LanguageProviderLoader/CORE]: Found language provider minecraft, version 11.0
[25Sep2026 11:21:43.357] [main/WARN] [net.neoforged.fml.loading.LanguageProviderLoader/]: Mod jar(mods/Explorify v1.6.5.mod.jar) is using the deprecated 'lowcodefml' language loader. This warning can be fixed by simply removing the modLoader and loaderVersion settings from neoforge.mods.toml.
[25Sep2026 11:21:43.363] [main/DEBUG] [net.neoforged.fml.loading.FMLLoader/]: Adding Access Transformer META-INF/accesstransformer.cfg in jar(mods/repurposed_structures-7.7.6+26.2-neoforge.jar)
[25Sep2026 11:21:43.367] [main/DEBUG] [net.neoforged.fml.loading.FMLLoader/]: Adding Access Transformer META-INF/accesstransformer.cfg in jar(mods/libIPN-neoforge-26.2-6.8.3.jar)
[25Sep2026 11:21:43.387] [main/DEBUG] [net.neoforged.fml.loading.FMLLoader/]: Adding Access Transformer META-INF/accesstransformer.cfg in jar(mods/TerraBlender-neoforge-26.2-26.2.0.0.2.jar)
[25Sep2026 11:21:43.396] [main/DEBUG] [net.neoforged.fml.loading.FMLLoader/]: Adding Access Transformer META-INF/accesstransformer.cfg in jar(mods/just-hammers-neoforge-26.2.0.1.jar)
[25Sep2026 11:21:43.400] [main/DEBUG] [net.neoforged.fml.loading.FMLLoader/]: Adding Access Transformer META-INF/accesstransformer.cfg in jar(mods/jei-26.2-neoforge-30.32.0.221.jar)
[25Sep2026 11:21:43.405] [main/DEBUG] [net.neoforged.fml.loading.FMLLoader/]: Adding Access Transformer META-INF/accesstransformer.cfg in jar(mods/collective-26.2.0-8.39.jar)
[25Sep2026 11:21:43.412] [main/DEBUG] [net.neoforged.fml.loading.FMLLoader/]: Adding Access Transformer META-INF/accesstransformer.cfg in jar(mods/journeymap-neoforge-26.2-6.0.8.jar)
[25Sep2026 11:21:43.420] [main/DEBUG] [net.neoforged.fml.loading.FMLLoader/]: Adding Access Transformer META-INF/accesstransformer.cfg in jar(~libraries/net/neoforged/neoforge/26.2.0.75/neoforge-26.2.0.75-universal.jar)
[25Sep2026 11:21:43.486] [main/DEBUG] [net.neoforged.fml.loading.FMLLoader/]: Adding Access Transformer META-INF/accesstransformergenerated.cfg in jar(~libraries/net/neoforged/neoforge/26.2.0.75/neoforge-26.2.0.75-universal.jar)
[25Sep2026 11:21:43.509] [main/DEBUG] [net.neoforged.fml.loading.FMLLoader/]: Adding Access Transformer META-INF/accesstransformer.cfg in jar(mods/travelersbackpack-neoforge-26.2-11.3.3.jar)
[25Sep2026 11:21:43.514] [main/DEBUG] [net.neoforged.fml.loading.FMLLoader/]: Adding Access Transformer META-INF/accesstransformer.cfg in jar(mods/tombstone-neoforge-26.2-9.9.3.jar)
[25Sep2026 11:21:43.519] [main/DEBUG] [net.neoforged.fml.loading.FMLLoader/]: Adding Access Transformer META-INF/accesstransformer.cfg in jar(mods/DungeonCrawl-NeoForge-26.2-2.3.17.jar)
[25Sep2026 11:21:43.604] [main/DEBUG] [net.neoforged.fml.loading.FMLLoader/]: Adding Access Transformer META-INF/accesstransformer.cfg in jar(mods/GlitchCore-neoforge-26.2-26.2.0.0.0.jar)
[25Sep2026 11:21:43.606] [main/DEBUG] [net.neoforged.fml.loading.FMLLoader/]: Adding Access Transformer META-INF/accesstransformer.cfg in jar(mods/BiomesOPlenty-neoforge-26.2-26.2.0.0.24.jar)
[25Sep2026 11:21:43.623] [main/DEBUG] [net.neoforged.fml.loading.FMLLoader/]: Adding Access Transformer META-INF/accesstransformer.cfg in jar(mods/InventoryProfilesNext-neoforge-26.2-2.3.7.jar)
[25Sep2026 11:21:43.631] [main/DEBUG] [net.neoforged.fml.loading.FMLLoader/]: Adding Access Transformer META-INF/accesstransformer.cfg in jar(mods/balm-neoforge-26.2-26.2.0.8.jar)
[25Sep2026 11:21:43.655] [main/DEBUG] [net.neoforged.fml.util.ServiceLoaderUtil/CORE]: Found 4 implementations of ClassProcessor:
[25Sep2026 11:21:43.655] [main/DEBUG] [net.neoforged.fml.util.ServiceLoaderUtil/CORE]: 	[built-in] net.neoforged.fml.common.asm.AccessTransformerService from libraries/net/neoforged/fancymodloader/loader/11.0.16/loader-11.0.16.jar
[25Sep2026 11:21:43.655] [main/DEBUG] [net.neoforged.fml.util.ServiceLoaderUtil/CORE]: 	[built-in] net.neoforged.fml.common.asm.enumextension.RuntimeEnumExtender from libraries/net/neoforged/fancymodloader/loader/11.0.16/loader-11.0.16.jar
[25Sep2026 11:21:43.655] [main/DEBUG] [net.neoforged.fml.util.ServiceLoaderUtil/CORE]: 	[built-in] net.neoforged.fml.common.asm.SimpleProcessorsGroup from libraries/net/neoforged/fancymodloader/loader/11.0.16/loader-11.0.16.jar
[25Sep2026 11:21:43.656] [main/DEBUG] [net.neoforged.fml.util.ServiceLoaderUtil/CORE]: 	[built-in] net.neoforged.fml.loading.mixin.FMLMixinClassProcessor from libraries/net/neoforged/fancymodloader/loader/11.0.16/loader-11.0.16.jar
[25Sep2026 11:21:43.666] [main/DEBUG] [net.neoforged.fml.util.ServiceLoaderUtil/CORE]: Found 1 implementations of ClassProcessorProvider:
[25Sep2026 11:21:43.667] [main/DEBUG] [net.neoforged.fml.util.ServiceLoaderUtil/CORE]: 	net.neoforged.neoforge.coremods.NeoForgeCoreMod from ~libraries/net/neoforged/neoforge/26.2.0.75/neoforge-26.2.0.75-universal.jar > net.neoforged.neoforge-coremods-26.2.0.75.jar
[25Sep2026 11:21:43.795] [main/INFO] [net.neoforged.fml.loading.FMLLoader/]: Building game content classloader:
 - balm (jar(mods/balm-neoforge-26.2-26.2.0.8.jar))
 - biomesoplenty (jar(mods/BiomesOPlenty-neoforge-26.2-26.2.0.0.24.jar))
 - collective (jar(mods/collective-26.2.0-8.39.jar))
 - commonnetworking (jar(mods/journeymap-neoforge-26.2-6.0.8.jar > common-networking-neoforge-26.2-1.1.0.jar))
 - creativecore (jar(mods/CreativeCore_NEOFORGE_v2.14.16_mc26.2.jar))
 - dungeoncrawl (jar(mods/DungeonCrawl-NeoForge-26.2-2.3.17.jar))
 - explorify (jar(mods/Explorify v1.6.5.mod.jar))
 - fallingtree (jar(mods/FallingTree-26.2-25.jar))
 - glitchcore (jar(mods/GlitchCore-neoforge-26.2-26.2.0.0.0.jar))
 - inventoryprofilesnext (jar(mods/InventoryProfilesNext-neoforge-26.2-2.3.7.jar))
 - jei (jar(mods/jei-26.2-neoforge-30.32.0.221.jar))
 - journeymap (jar(mods/journeymap-neoforge-26.2-6.0.8.jar))
 - journeymap_api (jar(mods/journeymap-neoforge-26.2-6.0.8.jar > journeymap-api-neoforge-26.2-2.0.0.jar))
 - justhammers (jar(mods/just-hammers-neoforge-26.2.0.1.jar))
 - kuma_api (jar(mods/balm-neoforge-26.2-26.2.0.8.jar > kuma-api-neoforge-26.2.0.1.jar))
 - libipn (jar(mods/libIPN-neoforge-26.2-6.8.3.jar))
 - minecraft (jar(~libraries/net/neoforged/minecraft-server-patched/26.2.0.75/minecraft-server-patched-26.2.0.75.jar))
 - mixinextras.neoforge (jar(~libraries/net/neoforged/neoforge/26.2.0.75/neoforge-26.2.0.75-universal.jar > mixinextras-neoforge-0.5.4.jar))
 - neoforge (jar(~libraries/net/neoforged/neoforge/26.2.0.75/neoforge-26.2.0.75-universal.jar))
 - net.neoforged.fml.generated (empty(VirtualJar/net.neoforged.fml.generated))
 - playerrevive (jar(mods/PlayerRevive_NEOFORGE_v2.1.2_mc26.2.jar))
 - replantingcrops (jar(mods/replantingcrops-26.2.0-5.6.jar))
 - repurposed_structures (jar(mods/repurposed_structures-7.7.6+26.2-neoforge.jar))
 - rottenfleshtoleather (jar(mods/rottenfleshtoleather NeoForge 26.2-1.7.8.jar))
 - terrablender (jar(mods/TerraBlender-neoforge-26.2-26.2.0.0.2.jar))
 - tombstone (jar(mods/tombstone-neoforge-26.2-9.9.3.jar))
 - trashslot (jar(mods/trashslot-neoforge-26.2-26.2.0.2.jar))
 - travelersbackpack (jar(mods/travelersbackpack-neoforge-26.2-11.3.3.jar))
[25Sep2026 11:21:43.920] [main/INFO] [net.neoforged.fml.loading.FMLLoader/]: Built game content classloader in 163ms
[25Sep2026 11:21:43.998] [main/DEBUG] [mixin/]: Compatibility level JAVA_25 specified by repurposed_structures-neoforge.mixins.json is higher than the maximum level supported by this version of mixin (JAVA_13).
[25Sep2026 11:21:44.010] [main/INFO] [mixin/]: Compatibility level set to JAVA_25
[25Sep2026 11:21:44.014] [main/DEBUG] [mixin/]: Compatibility level JAVA_17 specified by kuma_api.mixins.json is lower than the default level supported by the current mixin service (JAVA_21).
[25Sep2026 11:21:44.015] [main/DEBUG] [mixin/]: Compatibility level JAVA_17 specified by kuma_api.mixins.json is higher than the maximum level supported by this version of mixin (JAVA_13).
[25Sep2026 11:21:44.019] [main/DEBUG] [mixin/]: Compatibility level JAVA_21 specified by kuma_api.neoforge.mixins.json is higher than the maximum level supported by this version of mixin (JAVA_13).
[25Sep2026 11:21:44.022] [main/DEBUG] [mixin/]: Compatibility level JAVA_17 specified by terrablender.mixins.json is lower than the default level supported by the current mixin service (JAVA_21).
[25Sep2026 11:21:44.023] [main/DEBUG] [mixin/]: Compatibility level JAVA_17 specified by terrablender.mixins.json is higher than the maximum level supported by this version of mixin (JAVA_13).
[25Sep2026 11:21:44.025] [main/DEBUG] [mixin/]: Compatibility level JAVA_17 specified by terrablender.neoforge.mixins.json is lower than the default level supported by the current mixin service (JAVA_21).
[25Sep2026 11:21:44.025] [main/DEBUG] [mixin/]: Compatibility level JAVA_17 specified by terrablender.neoforge.mixins.json is higher than the maximum level supported by this version of mixin (JAVA_13).
[25Sep2026 11:21:44.026] [main/DEBUG] [mixin/]: Compatibility level JAVA_17 specified by trashslot.mixins.json is lower than the default level supported by the current mixin service (JAVA_21).
[25Sep2026 11:21:44.027] [main/DEBUG] [mixin/]: Compatibility level JAVA_17 specified by trashslot.mixins.json is higher than the maximum level supported by this version of mixin (JAVA_13).
[25Sep2026 11:21:44.031] [main/DEBUG] [mixin/]: Compatibility level JAVA_17 specified by trashslot.neoforge.mixins.json is lower than the default level supported by the current mixin service (JAVA_21).
[25Sep2026 11:21:44.031] [main/DEBUG] [mixin/]: Compatibility level JAVA_17 specified by trashslot.neoforge.mixins.json is higher than the maximum level supported by this version of mixin (JAVA_13).
[25Sep2026 11:21:44.032] [main/DEBUG] [mixin/]: Compatibility level JAVA_17 specified by justhammers.mixins.json is lower than the default level supported by the current mixin service (JAVA_21).
[25Sep2026 11:21:44.032] [main/DEBUG] [mixin/]: Compatibility level JAVA_17 specified by justhammers.mixins.json is higher than the maximum level supported by this version of mixin (JAVA_13).
[25Sep2026 11:21:44.033] [main/DEBUG] [mixin/]: Compatibility level JAVA_21 specified by creativecore.mixins.json is higher than the maximum level supported by this version of mixin (JAVA_13).
[25Sep2026 11:21:44.035] [main/DEBUG] [mixin/]: Compatibility level JAVA_21 specified by creativecore.forge.mixins.json is higher than the maximum level supported by this version of mixin (JAVA_13).
[25Sep2026 11:21:44.042] [main/DEBUG] [mixin/]: Compatibility level JAVA_17 specified by journeymap.mixins.json is lower than the default level supported by the current mixin service (JAVA_21).
[25Sep2026 11:21:44.042] [main/DEBUG] [mixin/]: Compatibility level JAVA_17 specified by journeymap.mixins.json is higher than the maximum level supported by this version of mixin (JAVA_13).
[25Sep2026 11:21:44.045] [main/DEBUG] [mixin/]: Compatibility level JAVA_17 specified by journeymap.neoforge.mixins.json is lower than the default level supported by the current mixin service (JAVA_21).
[25Sep2026 11:21:44.045] [main/DEBUG] [mixin/]: Compatibility level JAVA_17 specified by journeymap.neoforge.mixins.json is higher than the maximum level supported by this version of mixin (JAVA_13).
[25Sep2026 11:21:44.046] [main/DEBUG] [mixin/]: Compatibility level JAVA_21 specified by travelersbackpack.mixins.json is higher than the maximum level supported by this version of mixin (JAVA_13).
[25Sep2026 11:21:44.047] [main/DEBUG] [mixin/]: Compatibility level JAVA_21 specified by tombstone.mixins.json is higher than the maximum level supported by this version of mixin (JAVA_13).
[25Sep2026 11:21:44.048] [main/DEBUG] [mixin/]: Compatibility level JAVA_17 specified by glitchcore.mixins.json is lower than the default level supported by the current mixin service (JAVA_21).
[25Sep2026 11:21:44.048] [main/DEBUG] [mixin/]: Compatibility level JAVA_17 specified by glitchcore.mixins.json is higher than the maximum level supported by this version of mixin (JAVA_13).
[25Sep2026 11:21:44.049] [main/DEBUG] [mixin/]: Compatibility level JAVA_17 specified by glitchcore.neoforge.mixins.json is lower than the default level supported by the current mixin service (JAVA_21).
[25Sep2026 11:21:44.049] [main/DEBUG] [mixin/]: Compatibility level JAVA_17 specified by glitchcore.neoforge.mixins.json is higher than the maximum level supported by this version of mixin (JAVA_13).
[25Sep2026 11:21:44.058] [main/DEBUG] [mixin/]: Compatibility level JAVA_17 specified by biomesoplenty.mixins.json is lower than the default level supported by the current mixin service (JAVA_21).
[25Sep2026 11:21:44.059] [main/DEBUG] [mixin/]: Compatibility level JAVA_17 specified by biomesoplenty.mixins.json is higher than the maximum level supported by this version of mixin (JAVA_13).
[25Sep2026 11:21:44.061] [main/DEBUG] [mixin/]: Compatibility level JAVA_17 specified by biomesoplenty.neoforge.mixins.json is lower than the default level supported by the current mixin service (JAVA_21).
[25Sep2026 11:21:44.061] [main/DEBUG] [mixin/]: Compatibility level JAVA_17 specified by biomesoplenty.neoforge.mixins.json is higher than the maximum level supported by this version of mixin (JAVA_13).
[25Sep2026 11:21:44.064] [main/DEBUG] [mixin/]: Compatibility level JAVA_21 specified by mixins.ipnext.json is higher than the maximum level supported by this version of mixin (JAVA_13).
[25Sep2026 11:21:44.067] [main/DEBUG] [mixin/]: Compatibility level JAVA_17 specified by balm.mixins.json is lower than the default level supported by the current mixin service (JAVA_21).
[25Sep2026 11:21:44.067] [main/DEBUG] [mixin/]: Compatibility level JAVA_17 specified by balm.mixins.json is higher than the maximum level supported by this version of mixin (JAVA_13).
[25Sep2026 11:21:44.068] [main/DEBUG] [mixin/]: Compatibility level JAVA_17 specified by balm.api.mixins.json is lower than the default level supported by the current mixin service (JAVA_21).
[25Sep2026 11:21:44.068] [main/DEBUG] [mixin/]: Compatibility level JAVA_17 specified by balm.api.mixins.json is higher than the maximum level supported by this version of mixin (JAVA_13).
[25Sep2026 11:21:44.070] [main/DEBUG] [mixin/]: Compatibility level JAVA_21 specified by balm.neoforge.mixins.json is higher than the maximum level supported by this version of mixin (JAVA_13).
[25Sep2026 11:21:44.074] [main/DEBUG] [mixin/]: Compatibility level JAVA_17 specified by playerrevive.mixins.json is lower than the default level supported by the current mixin service (JAVA_21).
[25Sep2026 11:21:44.075] [main/DEBUG] [mixin/]: Compatibility level JAVA_17 specified by playerrevive.mixins.json is higher than the maximum level supported by this version of mixin (JAVA_13).
[25Sep2026 11:21:44.081] [main/DEBUG] [mixin/]: Processing launch tasks for PlatformAgent[MixinPlatformAgentDefault:ContainerHandleVirtual(fml:18c85)]
[25Sep2026 11:21:44.085] [main/DEBUG] [mixin/]: Processing launch tasks for PlatformAgent[MixinPlatformAgentDefault:ContainerHandleVirtual(fml:18c85)]
[25Sep2026 11:21:44.085] [main/DEBUG] [mixin/]: Adding agents for Mixin Container jar(mods/libIPN-neoforge-26.2-6.8.3.jar) > jar(mods/libIPN-neoforge-26.2-6.8.3.jar > kotlinx-serialization-core-jvm-1.11.0.jar)
[25Sep2026 11:21:44.085] [main/DEBUG] [mixin/]: Adding mixin platform agents for container jar(mods/libIPN-neoforge-26.2-6.8.3.jar) > jar(mods/libIPN-neoforge-26.2-6.8.3.jar > kotlinx-serialization-core-jvm-1.11.0.jar)
[25Sep2026 11:21:44.085] [main/DEBUG] [mixin/]: Instancing new MixinPlatformAgentDefault for jar(mods/libIPN-neoforge-26.2-6.8.3.jar) > jar(mods/libIPN-neoforge-26.2-6.8.3.jar > kotlinx-serialization-core-jvm-1.11.0.jar)
[25Sep2026 11:21:44.085] [main/DEBUG] [mixin/]: MixinPlatformAgentDefault accepted container jar(mods/libIPN-neoforge-26.2-6.8.3.jar) > jar(mods/libIPN-neoforge-26.2-6.8.3.jar > kotlinx-serialization-core-jvm-1.11.0.jar)
[25Sep2026 11:21:44.085] [main/DEBUG] [mixin/]: Instancing new MixinPlatformAgentDefault for jar(mods/libIPN-neoforge-26.2-6.8.3.jar) > jar(mods/libIPN-neoforge-26.2-6.8.3.jar > kotlinx-serialization-core-jvm-1.11.0.jar)
[25Sep2026 11:21:44.085] [main/DEBUG] [mixin/]: MixinPlatformAgentDefault accepted container jar(mods/libIPN-neoforge-26.2-6.8.3.jar) > jar(mods/libIPN-neoforge-26.2-6.8.3.jar > kotlinx-serialization-core-jvm-1.11.0.jar)
[25Sep2026 11:21:44.086] [main/DEBUG] [mixin/]: Processing prepare() for PlatformAgent[MixinPlatformAgentDefault:jar(mods/libIPN-neoforge-26.2-6.8.3.jar) > jar(mods/libIPN-neoforge-26.2-6.8.3.jar > kotlinx-serialization-core-jvm-1.11.0.jar)]
[25Sep2026 11:21:44.086] [main/DEBUG] [mixin/]: Processing prepare() for PlatformAgent[MixinPlatformAgentDefault:jar(mods/libIPN-neoforge-26.2-6.8.3.jar) > jar(mods/libIPN-neoforge-26.2-6.8.3.jar > kotlinx-serialization-core-jvm-1.11.0.jar)]
[25Sep2026 11:21:44.089] [main/DEBUG] [mixin/]: Adding agents for Mixin Container jar(mods/libIPN-neoforge-26.2-6.8.3.jar) > jar(mods/libIPN-neoforge-26.2-6.8.3.jar > kotlinx-coroutines-jdk8-1.11.0.jar)
[25Sep2026 11:21:44.089] [main/DEBUG] [mixin/]: Adding mixin platform agents for container jar(mods/libIPN-neoforge-26.2-6.8.3.jar) > jar(mods/libIPN-neoforge-26.2-6.8.3.jar > kotlinx-coroutines-jdk8-1.11.0.jar)
[25Sep2026 11:21:44.089] [main/DEBUG] [mixin/]: Instancing new MixinPlatformAgentDefault for jar(mods/libIPN-neoforge-26.2-6.8.3.jar) > jar(mods/libIPN-neoforge-26.2-6.8.3.jar > kotlinx-coroutines-jdk8-1.11.0.jar)
[25Sep2026 11:21:44.090] [main/DEBUG] [mixin/]: MixinPlatformAgentDefault accepted container jar(mods/libIPN-neoforge-26.2-6.8.3.jar) > jar(mods/libIPN-neoforge-26.2-6.8.3.jar > kotlinx-coroutines-jdk8-1.11.0.jar)
[25Sep2026 11:21:44.091] [main/DEBUG] [mixin/]: Instancing new MixinPlatformAgentDefault for jar(mods/libIPN-neoforge-26.2-6.8.3.jar) > jar(mods/libIPN-neoforge-26.2-6.8.3.jar > kotlinx-coroutines-jdk8-1.11.0.jar)
[25Sep2026 11:21:44.091] [main/DEBUG] [mixin/]: MixinPlatformAgentDefault accepted container jar(mods/libIPN-neoforge-26.2-6.8.3.jar) > jar(mods/libIPN-neoforge-26.2-6.8.3.jar > kotlinx-coroutines-jdk8-1.11.0.jar)
[25Sep2026 11:21:44.091] [main/DEBUG] [mixin/]: Processing prepare() for PlatformAgent[MixinPlatformAgentDefault:jar(mods/libIPN-neoforge-26.2-6.8.3.jar) > jar(mods/libIPN-neoforge-26.2-6.8.3.jar > kotlinx-coroutines-jdk8-1.11.0.jar)]
[25Sep2026 11:21:44.091] [main/DEBUG] [mixin/]: Processing prepare() for PlatformAgent[MixinPlatformAgentDefault:jar(mods/libIPN-neoforge-26.2-6.8.3.jar) > jar(mods/libIPN-neoforge-26.2-6.8.3.jar > kotlinx-coroutines-jdk8-1.11.0.jar)]
[25Sep2026 11:21:44.091] [main/DEBUG] [mixin/]: Adding agents for Mixin Container jar(mods/libIPN-neoforge-26.2-6.8.3.jar) > jar(mods/libIPN-neoforge-26.2-6.8.3.jar > kotlinx-serialization-json-jvm-1.11.0.jar)
[25Sep2026 11:21:44.091] [main/DEBUG] [mixin/]: Adding mixin platform agents for container jar(mods/libIPN-neoforge-26.2-6.8.3.jar) > jar(mods/libIPN-neoforge-26.2-6.8.3.jar > kotlinx-serialization-json-jvm-1.11.0.jar)
[25Sep2026 11:21:44.092] [main/DEBUG] [mixin/]: Instancing new MixinPlatformAgentDefault for jar(mods/libIPN-neoforge-26.2-6.8.3.jar) > jar(mods/libIPN-neoforge-26.2-6.8.3.jar > kotlinx-serialization-json-jvm-1.11.0.jar)
[25Sep2026 11:21:44.092] [main/DEBUG] [mixin/]: MixinPlatformAgentDefault accepted container jar(mods/libIPN-neoforge-26.2-6.8.3.jar) > jar(mods/libIPN-neoforge-26.2-6.8.3.jar > kotlinx-serialization-json-jvm-1.11.0.jar)
[25Sep2026 11:21:44.093] [main/DEBUG] [mixin/]: Instancing new MixinPlatformAgentDefault for jar(mods/libIPN-neoforge-26.2-6.8.3.jar) > jar(mods/libIPN-neoforge-26.2-6.8.3.jar > kotlinx-serialization-json-jvm-1.11.0.jar)
[25Sep2026 11:21:44.095] [main/DEBUG] [mixin/]: MixinPlatformAgentDefault accepted container jar(mods/libIPN-neoforge-26.2-6.8.3.jar) > jar(mods/libIPN-neoforge-26.2-6.8.3.jar > kotlinx-serialization-json-jvm-1.11.0.jar)
[25Sep2026 11:21:44.095] [main/DEBUG] [mixin/]: Processing prepare() for PlatformAgent[MixinPlatformAgentDefault:jar(mods/libIPN-neoforge-26.2-6.8.3.jar) > jar(mods/libIPN-neoforge-26.2-6.8.3.jar > kotlinx-serialization-json-jvm-1.11.0.jar)]
[25Sep2026 11:21:44.096] [main/DEBUG] [mixin/]: Processing prepare() for PlatformAgent[MixinPlatformAgentDefault:jar(mods/libIPN-neoforge-26.2-6.8.3.jar) > jar(mods/libIPN-neoforge-26.2-6.8.3.jar > kotlinx-serialization-json-jvm-1.11.0.jar)]
[25Sep2026 11:21:44.096] [main/DEBUG] [mixin/]: Adding agents for Mixin Container jar(mods/journeymap-neoforge-26.2-6.0.8.jar) > jar(mods/journeymap-neoforge-26.2-6.0.8.jar > pngj-2.1.0.jar)
[25Sep2026 11:21:44.097] [main/DEBUG] [mixin/]: Adding mixin platform agents for container jar(mods/journeymap-neoforge-26.2-6.0.8.jar) > jar(mods/journeymap-neoforge-26.2-6.0.8.jar > pngj-2.1.0.jar)
[25Sep2026 11:21:44.097] [main/DEBUG] [mixin/]: Instancing new MixinPlatformAgentDefault for jar(mods/journeymap-neoforge-26.2-6.0.8.jar) > jar(mods/journeymap-neoforge-26.2-6.0.8.jar > pngj-2.1.0.jar)
[25Sep2026 11:21:44.097] [main/DEBUG] [mixin/]: MixinPlatformAgentDefault accepted container jar(mods/journeymap-neoforge-26.2-6.0.8.jar) > jar(mods/journeymap-neoforge-26.2-6.0.8.jar > pngj-2.1.0.jar)
[25Sep2026 11:21:44.097] [main/DEBUG] [mixin/]: Instancing new MixinPlatformAgentDefault for jar(mods/journeymap-neoforge-26.2-6.0.8.jar) > jar(mods/journeymap-neoforge-26.2-6.0.8.jar > pngj-2.1.0.jar)
[25Sep2026 11:21:44.097] [main/DEBUG] [mixin/]: MixinPlatformAgentDefault accepted container jar(mods/journeymap-neoforge-26.2-6.0.8.jar) > jar(mods/journeymap-neoforge-26.2-6.0.8.jar > pngj-2.1.0.jar)
[25Sep2026 11:21:44.097] [main/DEBUG] [mixin/]: Processing prepare() for PlatformAgent[MixinPlatformAgentDefault:jar(mods/journeymap-neoforge-26.2-6.0.8.jar) > jar(mods/journeymap-neoforge-26.2-6.0.8.jar > pngj-2.1.0.jar)]
[25Sep2026 11:21:44.098] [main/DEBUG] [mixin/]: Processing prepare() for PlatformAgent[MixinPlatformAgentDefault:jar(mods/journeymap-neoforge-26.2-6.0.8.jar) > jar(mods/journeymap-neoforge-26.2-6.0.8.jar > pngj-2.1.0.jar)]
[25Sep2026 11:21:44.098] [main/DEBUG] [mixin/]: Adding agents for Mixin Container jar(mods/libIPN-neoforge-26.2-6.8.3.jar) > jar(mods/libIPN-neoforge-26.2-6.8.3.jar > kotlin-stdlib-2.4.0.jar)
[25Sep2026 11:21:44.098] [main/DEBUG] [mixin/]: Adding mixin platform agents for container jar(mods/libIPN-neoforge-26.2-6.8.3.jar) > jar(mods/libIPN-neoforge-26.2-6.8.3.jar > kotlin-stdlib-2.4.0.jar)
[25Sep2026 11:21:44.098] [main/DEBUG] [mixin/]: Instancing new MixinPlatformAgentDefault for jar(mods/libIPN-neoforge-26.2-6.8.3.jar) > jar(mods/libIPN-neoforge-26.2-6.8.3.jar > kotlin-stdlib-2.4.0.jar)
[25Sep2026 11:21:44.098] [main/DEBUG] [mixin/]: MixinPlatformAgentDefault accepted container jar(mods/libIPN-neoforge-26.2-6.8.3.jar) > jar(mods/libIPN-neoforge-26.2-6.8.3.jar > kotlin-stdlib-2.4.0.jar)
[25Sep2026 11:21:44.098] [main/DEBUG] [mixin/]: Instancing new MixinPlatformAgentDefault for jar(mods/libIPN-neoforge-26.2-6.8.3.jar) > jar(mods/libIPN-neoforge-26.2-6.8.3.jar > kotlin-stdlib-2.4.0.jar)
[25Sep2026 11:21:44.098] [main/DEBUG] [mixin/]: MixinPlatformAgentDefault accepted container jar(mods/libIPN-neoforge-26.2-6.8.3.jar) > jar(mods/libIPN-neoforge-26.2-6.8.3.jar > kotlin-stdlib-2.4.0.jar)
[25Sep2026 11:21:44.098] [main/DEBUG] [mixin/]: Processing prepare() for PlatformAgent[MixinPlatformAgentDefault:jar(mods/libIPN-neoforge-26.2-6.8.3.jar) > jar(mods/libIPN-neoforge-26.2-6.8.3.jar > kotlin-stdlib-2.4.0.jar)]
[25Sep2026 11:21:44.098] [main/DEBUG] [mixin/]: Processing prepare() for PlatformAgent[MixinPlatformAgentDefault:jar(mods/libIPN-neoforge-26.2-6.8.3.jar) > jar(mods/libIPN-neoforge-26.2-6.8.3.jar > kotlin-stdlib-2.4.0.jar)]
[25Sep2026 11:21:44.100] [main/DEBUG] [mixin/]: Adding agents for Mixin Container jar(mods/libIPN-neoforge-26.2-6.8.3.jar) > jar(mods/libIPN-neoforge-26.2-6.8.3.jar > kotlinx-coroutines-core-jvm-1.11.0.jar)
[25Sep2026 11:21:44.101] [main/DEBUG] [mixin/]: Adding mixin platform agents for container jar(mods/libIPN-neoforge-26.2-6.8.3.jar) > jar(mods/libIPN-neoforge-26.2-6.8.3.jar > kotlinx-coroutines-core-jvm-1.11.0.jar)
[25Sep2026 11:21:44.101] [main/DEBUG] [mixin/]: Instancing new MixinPlatformAgentDefault for jar(mods/libIPN-neoforge-26.2-6.8.3.jar) > jar(mods/libIPN-neoforge-26.2-6.8.3.jar > kotlinx-coroutines-core-jvm-1.11.0.jar)
[25Sep2026 11:21:44.101] [main/DEBUG] [mixin/]: MixinPlatformAgentDefault accepted container jar(mods/libIPN-neoforge-26.2-6.8.3.jar) > jar(mods/libIPN-neoforge-26.2-6.8.3.jar > kotlinx-coroutines-core-jvm-1.11.0.jar)
[25Sep2026 11:21:44.103] [main/DEBUG] [mixin/]: Instancing new MixinPlatformAgentDefault for jar(mods/libIPN-neoforge-26.2-6.8.3.jar) > jar(mods/libIPN-neoforge-26.2-6.8.3.jar > kotlinx-coroutines-core-jvm-1.11.0.jar)
[25Sep2026 11:21:44.104] [main/DEBUG] [mixin/]: MixinPlatformAgentDefault accepted container jar(mods/libIPN-neoforge-26.2-6.8.3.jar) > jar(mods/libIPN-neoforge-26.2-6.8.3.jar > kotlinx-coroutines-core-jvm-1.11.0.jar)
[25Sep2026 11:21:44.104] [main/DEBUG] [mixin/]: Processing prepare() for PlatformAgent[MixinPlatformAgentDefault:jar(mods/libIPN-neoforge-26.2-6.8.3.jar) > jar(mods/libIPN-neoforge-26.2-6.8.3.jar > kotlinx-coroutines-core-jvm-1.11.0.jar)]
[25Sep2026 11:21:44.104] [main/DEBUG] [mixin/]: Processing prepare() for PlatformAgent[MixinPlatformAgentDefault:jar(mods/libIPN-neoforge-26.2-6.8.3.jar) > jar(mods/libIPN-neoforge-26.2-6.8.3.jar > kotlinx-coroutines-core-jvm-1.11.0.jar)]
[25Sep2026 11:21:44.104] [main/DEBUG] [mixin/]: Adding agents for Mixin Container jar(mods/libIPN-neoforge-26.2-6.8.3.jar) > jar(mods/libIPN-neoforge-26.2-6.8.3.jar > kotlin-reflect-2.4.0.jar)
[25Sep2026 11:21:44.104] [main/DEBUG] [mixin/]: Adding mixin platform agents for container jar(mods/libIPN-neoforge-26.2-6.8.3.jar) > jar(mods/libIPN-neoforge-26.2-6.8.3.jar > kotlin-reflect-2.4.0.jar)
[25Sep2026 11:21:44.105] [main/DEBUG] [mixin/]: Instancing new MixinPlatformAgentDefault for jar(mods/libIPN-neoforge-26.2-6.8.3.jar) > jar(mods/libIPN-neoforge-26.2-6.8.3.jar > kotlin-reflect-2.4.0.jar)
[25Sep2026 11:21:44.105] [main/DEBUG] [mixin/]: MixinPlatformAgentDefault accepted container jar(mods/libIPN-neoforge-26.2-6.8.3.jar) > jar(mods/libIPN-neoforge-26.2-6.8.3.jar > kotlin-reflect-2.4.0.jar)
[25Sep2026 11:21:44.106] [main/DEBUG] [mixin/]: Instancing new MixinPlatformAgentDefault for jar(mods/libIPN-neoforge-26.2-6.8.3.jar) > jar(mods/libIPN-neoforge-26.2-6.8.3.jar > kotlin-reflect-2.4.0.jar)
[25Sep2026 11:21:44.107] [main/DEBUG] [mixin/]: MixinPlatformAgentDefault accepted container jar(mods/libIPN-neoforge-26.2-6.8.3.jar) > jar(mods/libIPN-neoforge-26.2-6.8.3.jar > kotlin-reflect-2.4.0.jar)
[25Sep2026 11:21:44.107] [main/DEBUG] [mixin/]: Processing prepare() for PlatformAgent[MixinPlatformAgentDefault:jar(mods/libIPN-neoforge-26.2-6.8.3.jar) > jar(mods/libIPN-neoforge-26.2-6.8.3.jar > kotlin-reflect-2.4.0.jar)]
[25Sep2026 11:21:44.108] [main/DEBUG] [mixin/]: Processing prepare() for PlatformAgent[MixinPlatformAgentDefault:jar(mods/libIPN-neoforge-26.2-6.8.3.jar) > jar(mods/libIPN-neoforge-26.2-6.8.3.jar > kotlin-reflect-2.4.0.jar)]
[25Sep2026 11:21:44.108] [main/DEBUG] [mixin/]: Adding agents for Mixin Container jar(~libraries/net/neoforged/neoforge/26.2.0.75/neoforge-26.2.0.75-universal.jar) > jar(~libraries/net/neoforged/neoforge/26.2.0.75/neoforge-26.2.0.75-universal.jar > net.neoforged.neoforge-coremods-26.2.0.75.jar)
[25Sep2026 11:21:44.108] [main/DEBUG] [mixin/]: Adding mixin platform agents for container jar(~libraries/net/neoforged/neoforge/26.2.0.75/neoforge-26.2.0.75-universal.jar) > jar(~libraries/net/neoforged/neoforge/26.2.0.75/neoforge-26.2.0.75-universal.jar > net.neoforged.neoforge-coremods-26.2.0.75.jar)
[25Sep2026 11:21:44.108] [main/DEBUG] [mixin/]: Instancing new MixinPlatformAgentDefault for jar(~libraries/net/neoforged/neoforge/26.2.0.75/neoforge-26.2.0.75-universal.jar) > jar(~libraries/net/neoforged/neoforge/26.2.0.75/neoforge-26.2.0.75-universal.jar > net.neoforged.neoforge-coremods-26.2.0.75.jar)
[25Sep2026 11:21:44.108] [main/DEBUG] [mixin/]: MixinPlatformAgentDefault accepted container jar(~libraries/net/neoforged/neoforge/26.2.0.75/neoforge-26.2.0.75-universal.jar) > jar(~libraries/net/neoforged/neoforge/26.2.0.75/neoforge-26.2.0.75-universal.jar > net.neoforged.neoforge-coremods-26.2.0.75.jar)
[25Sep2026 11:21:44.108] [main/DEBUG] [mixin/]: Instancing new MixinPlatformAgentDefault for jar(~libraries/net/neoforged/neoforge/26.2.0.75/neoforge-26.2.0.75-universal.jar) > jar(~libraries/net/neoforged/neoforge/26.2.0.75/neoforge-26.2.0.75-universal.jar > net.neoforged.neoforge-coremods-26.2.0.75.jar)
[25Sep2026 11:21:44.108] [main/DEBUG] [mixin/]: MixinPlatformAgentDefault accepted container jar(~libraries/net/neoforged/neoforge/26.2.0.75/neoforge-26.2.0.75-universal.jar) > jar(~libraries/net/neoforged/neoforge/26.2.0.75/neoforge-26.2.0.75-universal.jar > net.neoforged.neoforge-coremods-26.2.0.75.jar)
[25Sep2026 11:21:44.108] [main/DEBUG] [mixin/]: Processing prepare() for PlatformAgent[MixinPlatformAgentDefault:jar(~libraries/net/neoforged/neoforge/26.2.0.75/neoforge-26.2.0.75-universal.jar) > jar(~libraries/net/neoforged/neoforge/26.2.0.75/neoforge-26.2.0.75-universal.jar > net.neoforged.neoforge-coremods-26.2.0.75.jar)]
[25Sep2026 11:21:44.108] [main/DEBUG] [mixin/]: Processing prepare() for PlatformAgent[MixinPlatformAgentDefault:jar(~libraries/net/neoforged/neoforge/26.2.0.75/neoforge-26.2.0.75-universal.jar) > jar(~libraries/net/neoforged/neoforge/26.2.0.75/neoforge-26.2.0.75-universal.jar > net.neoforged.neoforge-coremods-26.2.0.75.jar)]
[25Sep2026 11:21:44.108] [main/DEBUG] [mixin/]: Adding agents for Mixin Container jar(mods/libIPN-neoforge-26.2-6.8.3.jar) > jar(mods/libIPN-neoforge-26.2-6.8.3.jar > kotlin-stdlib-jdk8-2.4.0.jar)
[25Sep2026 11:21:44.108] [main/DEBUG] [mixin/]: Adding mixin platform agents for container jar(mods/libIPN-neoforge-26.2-6.8.3.jar) > jar(mods/libIPN-neoforge-26.2-6.8.3.jar > kotlin-stdlib-jdk8-2.4.0.jar)
[25Sep2026 11:21:44.109] [main/DEBUG] [mixin/]: Instancing new MixinPlatformAgentDefault for jar(mods/libIPN-neoforge-26.2-6.8.3.jar) > jar(mods/libIPN-neoforge-26.2-6.8.3.jar > kotlin-stdlib-jdk8-2.4.0.jar)
[25Sep2026 11:21:44.109] [main/DEBUG] [mixin/]: MixinPlatformAgentDefault accepted container jar(mods/libIPN-neoforge-26.2-6.8.3.jar) > jar(mods/libIPN-neoforge-26.2-6.8.3.jar > kotlin-stdlib-jdk8-2.4.0.jar)
[25Sep2026 11:21:44.109] [main/DEBUG] [mixin/]: Instancing new MixinPlatformAgentDefault for jar(mods/libIPN-neoforge-26.2-6.8.3.jar) > jar(mods/libIPN-neoforge-26.2-6.8.3.jar > kotlin-stdlib-jdk8-2.4.0.jar)
[25Sep2026 11:21:44.109] [main/DEBUG] [mixin/]: MixinPlatformAgentDefault accepted container jar(mods/libIPN-neoforge-26.2-6.8.3.jar) > jar(mods/libIPN-neoforge-26.2-6.8.3.jar > kotlin-stdlib-jdk8-2.4.0.jar)
[25Sep2026 11:21:44.109] [main/DEBUG] [mixin/]: Processing prepare() for PlatformAgent[MixinPlatformAgentDefault:jar(mods/libIPN-neoforge-26.2-6.8.3.jar) > jar(mods/libIPN-neoforge-26.2-6.8.3.jar > kotlin-stdlib-jdk8-2.4.0.jar)]
[25Sep2026 11:21:44.109] [main/DEBUG] [mixin/]: Processing prepare() for PlatformAgent[MixinPlatformAgentDefault:jar(mods/libIPN-neoforge-26.2-6.8.3.jar) > jar(mods/libIPN-neoforge-26.2-6.8.3.jar > kotlin-stdlib-jdk8-2.4.0.jar)]
[25Sep2026 11:21:44.109] [main/DEBUG] [mixin/]: Adding agents for Mixin Container jar(mods/libIPN-neoforge-26.2-6.8.3.jar) > jar(mods/libIPN-neoforge-26.2-6.8.3.jar > kotlin-stdlib-jdk7-2.4.0.jar)
[25Sep2026 11:21:44.109] [main/DEBUG] [mixin/]: Adding mixin platform agents for container jar(mods/libIPN-neoforge-26.2-6.8.3.jar) > jar(mods/libIPN-neoforge-26.2-6.8.3.jar > kotlin-stdlib-jdk7-2.4.0.jar)
[25Sep2026 11:21:44.109] [main/DEBUG] [mixin/]: Instancing new MixinPlatformAgentDefault for jar(mods/libIPN-neoforge-26.2-6.8.3.jar) > jar(mods/libIPN-neoforge-26.2-6.8.3.jar > kotlin-stdlib-jdk7-2.4.0.jar)
[25Sep2026 11:21:44.116] [main/DEBUG] [mixin/]: MixinPlatformAgentDefault accepted container jar(mods/libIPN-neoforge-26.2-6.8.3.jar) > jar(mods/libIPN-neoforge-26.2-6.8.3.jar > kotlin-stdlib-jdk7-2.4.0.jar)
[25Sep2026 11:21:44.117] [main/DEBUG] [mixin/]: Instancing new MixinPlatformAgentDefault for jar(mods/libIPN-neoforge-26.2-6.8.3.jar) > jar(mods/libIPN-neoforge-26.2-6.8.3.jar > kotlin-stdlib-jdk7-2.4.0.jar)
[25Sep2026 11:21:44.117] [main/DEBUG] [mixin/]: MixinPlatformAgentDefault accepted container jar(mods/libIPN-neoforge-26.2-6.8.3.jar) > jar(mods/libIPN-neoforge-26.2-6.8.3.jar > kotlin-stdlib-jdk7-2.4.0.jar)
[25Sep2026 11:21:44.117] [main/DEBUG] [mixin/]: Processing prepare() for PlatformAgent[MixinPlatformAgentDefault:jar(mods/libIPN-neoforge-26.2-6.8.3.jar) > jar(mods/libIPN-neoforge-26.2-6.8.3.jar > kotlin-stdlib-jdk7-2.4.0.jar)]
[25Sep2026 11:21:44.117] [main/DEBUG] [mixin/]: Processing prepare() for PlatformAgent[MixinPlatformAgentDefault:jar(mods/libIPN-neoforge-26.2-6.8.3.jar) > jar(mods/libIPN-neoforge-26.2-6.8.3.jar > kotlin-stdlib-jdk7-2.4.0.jar)]
[25Sep2026 11:21:44.117] [main/DEBUG] [mixin/]: Adding agents for Mixin Container jar(~libraries/net/neoforged/neoforge/26.2.0.75/neoforge-26.2.0.75-universal.jar) > jar(~libraries/net/neoforged/neoforge/26.2.0.75/neoforge-26.2.0.75-universal.jar > mixinextras-neoforge-0.5.4.jar)
[25Sep2026 11:21:44.117] [main/DEBUG] [mixin/]: Adding mixin platform agents for container jar(~libraries/net/neoforged/neoforge/26.2.0.75/neoforge-26.2.0.75-universal.jar) > jar(~libraries/net/neoforged/neoforge/26.2.0.75/neoforge-26.2.0.75-universal.jar > mixinextras-neoforge-0.5.4.jar)
[25Sep2026 11:21:44.119] [main/DEBUG] [mixin/]: Instancing new MixinPlatformAgentDefault for jar(~libraries/net/neoforged/neoforge/26.2.0.75/neoforge-26.2.0.75-universal.jar) > jar(~libraries/net/neoforged/neoforge/26.2.0.75/neoforge-26.2.0.75-universal.jar > mixinextras-neoforge-0.5.4.jar)
[25Sep2026 11:21:44.119] [main/DEBUG] [mixin/]: MixinPlatformAgentDefault accepted container jar(~libraries/net/neoforged/neoforge/26.2.0.75/neoforge-26.2.0.75-universal.jar) > jar(~libraries/net/neoforged/neoforge/26.2.0.75/neoforge-26.2.0.75-universal.jar > mixinextras-neoforge-0.5.4.jar)
[25Sep2026 11:21:44.120] [main/DEBUG] [mixin/]: Instancing new MixinPlatformAgentDefault for jar(~libraries/net/neoforged/neoforge/26.2.0.75/neoforge-26.2.0.75-universal.jar) > jar(~libraries/net/neoforged/neoforge/26.2.0.75/neoforge-26.2.0.75-universal.jar > mixinextras-neoforge-0.5.4.jar)
[25Sep2026 11:21:44.120] [main/DEBUG] [mixin/]: MixinPlatformAgentDefault accepted container jar(~libraries/net/neoforged/neoforge/26.2.0.75/neoforge-26.2.0.75-universal.jar) > jar(~libraries/net/neoforged/neoforge/26.2.0.75/neoforge-26.2.0.75-universal.jar > mixinextras-neoforge-0.5.4.jar)
[25Sep2026 11:21:44.120] [main/DEBUG] [mixin/]: Processing prepare() for PlatformAgent[MixinPlatformAgentDefault:jar(~libraries/net/neoforged/neoforge/26.2.0.75/neoforge-26.2.0.75-universal.jar) > jar(~libraries/net/neoforged/neoforge/26.2.0.75/neoforge-26.2.0.75-universal.jar > mixinextras-neoforge-0.5.4.jar)]
[25Sep2026 11:21:44.120] [main/DEBUG] [mixin/]: Registering mixin config: mixinextras.init.mixins.json source=jar(~libraries/net/neoforged/neoforge/26.2.0.75/neoforge-26.2.0.75-universal.jar) > jar(~libraries/net/neoforged/neoforge/26.2.0.75/neoforge-26.2.0.75-universal.jar > mixinextras-neoforge-0.5.4.jar)
[25Sep2026 11:21:44.124] [main/DEBUG] [mixin/]: Processing prepare() for PlatformAgent[MixinPlatformAgentDefault:jar(~libraries/net/neoforged/neoforge/26.2.0.75/neoforge-26.2.0.75-universal.jar) > jar(~libraries/net/neoforged/neoforge/26.2.0.75/neoforge-26.2.0.75-universal.jar > mixinextras-neoforge-0.5.4.jar)]
[25Sep2026 11:21:44.126] [main/DEBUG] [mixin/]: Registering mixin config: mixinextras.init.mixins.json source=jar(~libraries/net/neoforged/neoforge/26.2.0.75/neoforge-26.2.0.75-universal.jar) > jar(~libraries/net/neoforged/neoforge/26.2.0.75/neoforge-26.2.0.75-universal.jar > mixinextras-neoforge-0.5.4.jar)
[25Sep2026 11:21:44.127] [main/DEBUG] [mixin/]: inject() running with 12 agents
[25Sep2026 11:21:44.127] [main/DEBUG] [mixin/]: Processing inject() for PlatformAgent[MixinPlatformAgentDefault:ContainerHandleVirtual(fml:18c85)]
[25Sep2026 11:21:44.127] [main/DEBUG] [mixin/]: Processing inject() for PlatformAgent[MixinPlatformAgentDefault:ContainerHandleVirtual(fml:18c85)]
[25Sep2026 11:21:44.127] [main/DEBUG] [mixin/]: Processing inject() for PlatformAgent[MixinPlatformAgentDefault:jar(mods/libIPN-neoforge-26.2-6.8.3.jar) > jar(mods/libIPN-neoforge-26.2-6.8.3.jar > kotlinx-serialization-core-jvm-1.11.0.jar)]
[25Sep2026 11:21:44.127] [main/DEBUG] [mixin/]: Processing inject() for PlatformAgent[MixinPlatformAgentDefault:jar(mods/libIPN-neoforge-26.2-6.8.3.jar) > jar(mods/libIPN-neoforge-26.2-6.8.3.jar > kotlinx-serialization-core-jvm-1.11.0.jar)]
[25Sep2026 11:21:44.127] [main/DEBUG] [mixin/]: Processing inject() for PlatformAgent[MixinPlatformAgentDefault:jar(mods/libIPN-neoforge-26.2-6.8.3.jar) > jar(mods/libIPN-neoforge-26.2-6.8.3.jar > kotlinx-coroutines-jdk8-1.11.0.jar)]
[25Sep2026 11:21:44.127] [main/DEBUG] [mixin/]: Processing inject() for PlatformAgent[MixinPlatformAgentDefault:jar(mods/libIPN-neoforge-26.2-6.8.3.jar) > jar(mods/libIPN-neoforge-26.2-6.8.3.jar > kotlinx-coroutines-jdk8-1.11.0.jar)]
[25Sep2026 11:21:44.127] [main/DEBUG] [mixin/]: Processing inject() for PlatformAgent[MixinPlatformAgentDefault:jar(mods/libIPN-neoforge-26.2-6.8.3.jar) > jar(mods/libIPN-neoforge-26.2-6.8.3.jar > kotlinx-serialization-json-jvm-1.11.0.jar)]
[25Sep2026 11:21:44.128] [main/DEBUG] [mixin/]: Processing inject() for PlatformAgent[MixinPlatformAgentDefault:jar(mods/libIPN-neoforge-26.2-6.8.3.jar) > jar(mods/libIPN-neoforge-26.2-6.8.3.jar > kotlinx-serialization-json-jvm-1.11.0.jar)]
[25Sep2026 11:21:44.128] [main/DEBUG] [mixin/]: Processing inject() for PlatformAgent[MixinPlatformAgentDefault:jar(mods/journeymap-neoforge-26.2-6.0.8.jar) > jar(mods/journeymap-neoforge-26.2-6.0.8.jar > pngj-2.1.0.jar)]
[25Sep2026 11:21:44.128] [main/DEBUG] [mixin/]: Processing inject() for PlatformAgent[MixinPlatformAgentDefault:jar(mods/journeymap-neoforge-26.2-6.0.8.jar) > jar(mods/journeymap-neoforge-26.2-6.0.8.jar > pngj-2.1.0.jar)]
[25Sep2026 11:21:44.128] [main/DEBUG] [mixin/]: Processing inject() for PlatformAgent[MixinPlatformAgentDefault:jar(mods/libIPN-neoforge-26.2-6.8.3.jar) > jar(mods/libIPN-neoforge-26.2-6.8.3.jar > kotlin-stdlib-2.4.0.jar)]
[25Sep2026 11:21:44.128] [main/DEBUG] [mixin/]: Processing inject() for PlatformAgent[MixinPlatformAgentDefault:jar(mods/libIPN-neoforge-26.2-6.8.3.jar) > jar(mods/libIPN-neoforge-26.2-6.8.3.jar > kotlin-stdlib-2.4.0.jar)]
[25Sep2026 11:21:44.128] [main/DEBUG] [mixin/]: Processing inject() for PlatformAgent[MixinPlatformAgentDefault:jar(mods/libIPN-neoforge-26.2-6.8.3.jar) > jar(mods/libIPN-neoforge-26.2-6.8.3.jar > kotlinx-coroutines-core-jvm-1.11.0.jar)]
[25Sep2026 11:21:44.128] [main/DEBUG] [mixin/]: Processing inject() for PlatformAgent[MixinPlatformAgentDefault:jar(mods/libIPN-neoforge-26.2-6.8.3.jar) > jar(mods/libIPN-neoforge-26.2-6.8.3.jar > kotlinx-coroutines-core-jvm-1.11.0.jar)]
[25Sep2026 11:21:44.128] [main/DEBUG] [mixin/]: Processing inject() for PlatformAgent[MixinPlatformAgentDefault:jar(mods/libIPN-neoforge-26.2-6.8.3.jar) > jar(mods/libIPN-neoforge-26.2-6.8.3.jar > kotlin-reflect-2.4.0.jar)]
[25Sep2026 11:21:44.129] [main/DEBUG] [mixin/]: Processing inject() for PlatformAgent[MixinPlatformAgentDefault:jar(mods/libIPN-neoforge-26.2-6.8.3.jar) > jar(mods/libIPN-neoforge-26.2-6.8.3.jar > kotlin-reflect-2.4.0.jar)]
[25Sep2026 11:21:44.129] [main/DEBUG] [mixin/]: Processing inject() for PlatformAgent[MixinPlatformAgentDefault:jar(~libraries/net/neoforged/neoforge/26.2.0.75/neoforge-26.2.0.75-universal.jar) > jar(~libraries/net/neoforged/neoforge/26.2.0.75/neoforge-26.2.0.75-universal.jar > net.neoforged.neoforge-coremods-26.2.0.75.jar)]
[25Sep2026 11:21:44.130] [main/DEBUG] [mixin/]: Processing inject() for PlatformAgent[MixinPlatformAgentDefault:jar(~libraries/net/neoforged/neoforge/26.2.0.75/neoforge-26.2.0.75-universal.jar) > jar(~libraries/net/neoforged/neoforge/26.2.0.75/neoforge-26.2.0.75-universal.jar > net.neoforged.neoforge-coremods-26.2.0.75.jar)]
[25Sep2026 11:21:44.131] [main/DEBUG] [mixin/]: Processing inject() for PlatformAgent[MixinPlatformAgentDefault:jar(mods/libIPN-neoforge-26.2-6.8.3.jar) > jar(mods/libIPN-neoforge-26.2-6.8.3.jar > kotlin-stdlib-jdk8-2.4.0.jar)]
[25Sep2026 11:21:44.131] [main/DEBUG] [mixin/]: Processing inject() for PlatformAgent[MixinPlatformAgentDefault:jar(mods/libIPN-neoforge-26.2-6.8.3.jar) > jar(mods/libIPN-neoforge-26.2-6.8.3.jar > kotlin-stdlib-jdk8-2.4.0.jar)]
[25Sep2026 11:21:44.131] [main/DEBUG] [mixin/]: Processing inject() for PlatformAgent[MixinPlatformAgentDefault:jar(mods/libIPN-neoforge-26.2-6.8.3.jar) > jar(mods/libIPN-neoforge-26.2-6.8.3.jar > kotlin-stdlib-jdk7-2.4.0.jar)]
[25Sep2026 11:21:44.131] [main/DEBUG] [mixin/]: Processing inject() for PlatformAgent[MixinPlatformAgentDefault:jar(mods/libIPN-neoforge-26.2-6.8.3.jar) > jar(mods/libIPN-neoforge-26.2-6.8.3.jar > kotlin-stdlib-jdk7-2.4.0.jar)]
[25Sep2026 11:21:44.131] [main/DEBUG] [mixin/]: Processing inject() for PlatformAgent[MixinPlatformAgentDefault:jar(~libraries/net/neoforged/neoforge/26.2.0.75/neoforge-26.2.0.75-universal.jar) > jar(~libraries/net/neoforged/neoforge/26.2.0.75/neoforge-26.2.0.75-universal.jar > mixinextras-neoforge-0.5.4.jar)]
[25Sep2026 11:21:44.131] [main/DEBUG] [mixin/]: Processing inject() for PlatformAgent[MixinPlatformAgentDefault:jar(~libraries/net/neoforged/neoforge/26.2.0.75/neoforge-26.2.0.75-universal.jar) > jar(~libraries/net/neoforged/neoforge/26.2.0.75/neoforge-26.2.0.75-universal.jar > mixinextras-neoforge-0.5.4.jar)]
[25Sep2026 11:21:44.137] [main/DEBUG] [mixin/]: Preparing mixins for MixinEnvironment[DEFAULT]
[25Sep2026 11:21:44.141] [main/DEBUG] [mixin/]: Selecting config repurposed_structures-neoforge.mixins.json
[25Sep2026 11:21:44.148] [main/DEBUG] [mixin/]: Selecting config repurposed_structures-common.mixins.json
[25Sep2026 11:21:44.151] [main/DEBUG] [mixin/]: Selecting config kuma_api.mixins.json
[25Sep2026 11:21:44.164] [main/WARN] [mixin/]: Reference map 'kuma_api.refmap.json' for kuma_api.mixins.json could not be read. If this is a development environment you can ignore this message
[25Sep2026 11:21:44.167] [main/DEBUG] [mixin/]: Selecting config kuma_api.neoforge.mixins.json
[25Sep2026 11:21:44.167] [main/DEBUG] [mixin/]: Selecting config terrablender.mixins.json
[25Sep2026 11:21:44.167] [main/DEBUG] [mixin/]: Selecting config terrablender.neoforge.mixins.json
[25Sep2026 11:21:44.167] [main/WARN] [mixin/]: Reference map 'terrablender.refmap.json' for terrablender.neoforge.mixins.json could not be read. If this is a development environment you can ignore this message
[25Sep2026 11:21:44.168] [main/DEBUG] [mixin/]: Selecting config trashslot.mixins.json
[25Sep2026 11:21:44.170] [main/DEBUG] [mixin/]: Selecting config trashslot.neoforge.mixins.json
[25Sep2026 11:21:44.170] [main/DEBUG] [mixin/]: Selecting config justhammers.mixins.json
[25Sep2026 11:21:44.170] [main/DEBUG] [mixin/]: Selecting config creativecore.mixins.json
[25Sep2026 11:21:44.170] [main/WARN] [mixin/]: Reference map 'creativecore.mixins.refmap.json' for creativecore.mixins.json could not be read. If this is a development environment you can ignore this message
[25Sep2026 11:21:44.172] [main/DEBUG] [mixin/]: Selecting config creativecore.forge.mixins.json
[25Sep2026 11:21:44.172] [main/WARN] [mixin/]: Reference map 'creativecore.mixins.refmap.json' for creativecore.forge.mixins.json could not be read. If this is a development environment you can ignore this message
[25Sep2026 11:21:44.172] [main/DEBUG] [mixin/]: Selecting config collective_neoforge.mixins.json
[25Sep2026 11:21:44.177] [main/DEBUG] [mixin/]: Selecting config journeymap.mixins.json
[25Sep2026 11:21:44.177] [main/DEBUG] [mixin/]: Selecting config journeymap.neoforge.mixins.json
[25Sep2026 11:21:44.177] [main/DEBUG] [mixin/]: Selecting config neoforge.mixins.json
[25Sep2026 11:21:44.177] [main/DEBUG] [mixin/]: Selecting config travelersbackpack.mixins.json
[25Sep2026 11:21:44.177] [main/DEBUG] [mixin/]: Selecting config tombstone.mixins.json
[25Sep2026 11:21:44.177] [main/WARN] [mixin/]: Reference map 'mixins.tombstone.refmap.json' for tombstone.mixins.json could not be read. If this is a development environment you can ignore this message
[25Sep2026 11:21:44.179] [main/DEBUG] [mixin/]: Selecting config glitchcore.mixins.json
[25Sep2026 11:21:44.184] [main/WARN] [mixin/]: Reference map 'glitchcore.refmap.json' for glitchcore.mixins.json could not be read. If this is a development environment you can ignore this message
[25Sep2026 11:21:44.184] [main/DEBUG] [mixin/]: Selecting config glitchcore.neoforge.mixins.json
[25Sep2026 11:21:44.184] [main/WARN] [mixin/]: Reference map 'glitchcore.refmap.json' for glitchcore.neoforge.mixins.json could not be read. If this is a development environment you can ignore this message
[25Sep2026 11:21:44.184] [main/DEBUG] [mixin/]: Selecting config biomesoplenty.mixins.json
[25Sep2026 11:21:44.184] [main/WARN] [mixin/]: Reference map 'biomesoplenty.refmap.json' for biomesoplenty.mixins.json could not be read. If this is a development environment you can ignore this message
[25Sep2026 11:21:44.185] [main/DEBUG] [mixin/]: Selecting config biomesoplenty.neoforge.mixins.json
[25Sep2026 11:21:44.185] [main/WARN] [mixin/]: Reference map 'biomesoplenty.refmap.json' for biomesoplenty.neoforge.mixins.json could not be read. If this is a development environment you can ignore this message
[25Sep2026 11:21:44.186] [main/DEBUG] [mixin/]: Selecting config mixins.ipnext.json
[25Sep2026 11:21:44.202] [main/WARN] [mixin/]: Reference map 'ipnext.refmap.json' for mixins.ipnext.json could not be read. If this is a development environment you can ignore this message
[25Sep2026 11:21:44.203] [main/DEBUG] [mixin/]: Selecting config balm.mixins.json
[25Sep2026 11:21:44.204] [main/DEBUG] [mixin/]: Selecting config balm.api.mixins.json
[25Sep2026 11:21:44.208] [main/DEBUG] [mixin/]: Selecting config balm.neoforge.mixins.json
[25Sep2026 11:21:44.212] [main/DEBUG] [mixin/]: Selecting config playerrevive.mixins.json
[25Sep2026 11:21:44.213] [main/WARN] [mixin/]: Reference map 'playerrevive.mixin.refmap.json' for playerrevive.mixins.json could not be read. If this is a development environment you can ignore this message
[25Sep2026 11:21:44.217] [main/DEBUG] [mixin/]: Selecting config replantingcrops_neoforge.mixins.json
[25Sep2026 11:21:44.217] [main/DEBUG] [mixin/]: Selecting config mixinextras.init.mixins.json
[25Sep2026 11:21:44.434] [main/DEBUG] [MixinExtras|Service/]: com.llamalad7.mixinextras.service.MixinExtrasServiceImpl(version=0.5.4) is taking over from null
[25Sep2026 11:21:44.520] [main/DEBUG] [mixin/]: Registering new injector for @Inject with org.spongepowered.asm.mixin.injection.struct.CallbackInjectionInfo
[25Sep2026 11:21:44.521] [main/DEBUG] [mixin/]: Registering new injector for @ModifyArg with org.spongepowered.asm.mixin.injection.struct.ModifyArgInjectionInfo
[25Sep2026 11:21:44.522] [main/DEBUG] [mixin/]: Registering new injector for @ModifyArgs with org.spongepowered.asm.mixin.injection.struct.ModifyArgsInjectionInfo
[25Sep2026 11:21:44.528] [main/DEBUG] [mixin/]: Registering new injector for @Redirect with org.spongepowered.asm.mixin.injection.struct.RedirectInjectionInfo
[25Sep2026 11:21:44.532] [main/DEBUG] [mixin/]: Registering new injector for @ModifyVariable with org.spongepowered.asm.mixin.injection.struct.ModifyVariableInjectionInfo
[25Sep2026 11:21:44.533] [main/DEBUG] [mixin/]: Registering new injector for @ModifyConstant with org.spongepowered.asm.mixin.injection.struct.ModifyConstantInjectionInfo
[25Sep2026 11:21:44.555] [main/DEBUG] [mixin/]: Preparing repurposed_structures-neoforge.mixins.json (0)
[25Sep2026 11:21:44.555] [main/DEBUG] [mixin/]: Preparing repurposed_structures-common.mixins.json (24)
[25Sep2026 11:21:44.978] [main/DEBUG] [mixin/]: Preparing kuma_api.mixins.json (7)
[25Sep2026 11:21:44.978] [main/DEBUG] [mixin/]: Preparing kuma_api.neoforge.mixins.json (0)
[25Sep2026 11:21:44.978] [main/DEBUG] [mixin/]: Preparing terrablender.mixins.json (11)
[25Sep2026 11:21:45.040] [main/DEBUG] [mixin/]: Preparing terrablender.neoforge.mixins.json (0)
[25Sep2026 11:21:45.041] [main/DEBUG] [mixin/]: Preparing trashslot.mixins.json (0)
[25Sep2026 11:21:45.041] [main/DEBUG] [mixin/]: Preparing trashslot.neoforge.mixins.json (0)
[25Sep2026 11:21:45.041] [main/DEBUG] [mixin/]: Preparing justhammers.mixins.json (1)
[25Sep2026 11:21:45.047] [main/DEBUG] [mixin/]: Preparing creativecore.mixins.json (11)
[25Sep2026 11:21:45.070] [main/DEBUG] [mixin/]: Preparing creativecore.forge.mixins.json (3)
[25Sep2026 11:21:45.078] [main/DEBUG] [mixin/]: Preparing collective_neoforge.mixins.json (14)
[25Sep2026 11:21:45.146] [main/DEBUG] [mixin/]: Preparing journeymap.mixins.json (38)
[25Sep2026 11:21:45.155] [main/WARN] [mixin/]: Error loading class: net/minecraft/client/renderer/entity/SalmonRenderer (java.lang.ClassNotFoundException: net.minecraft.client.renderer.entity.SalmonRenderer)
[25Sep2026 11:21:45.156] [main/WARN] [mixin/]: @Mixin target net.minecraft.client.renderer.entity.SalmonRenderer was not found journeymap.mixins.json:client.SalmonRendererAccessor from mod journeymap
[25Sep2026 11:21:45.189] [main/DEBUG] [mixin/]: Preparing journeymap.neoforge.mixins.json (2)
[25Sep2026 11:21:45.190] [main/DEBUG] [mixin/]: Preparing neoforge.mixins.json (2)
[25Sep2026 11:21:45.197] [main/DEBUG] [mixin/]: Preparing travelersbackpack.mixins.json (4)
[25Sep2026 11:21:45.233] [main/DEBUG] [mixin/]: Preparing tombstone.mixins.json (28)
[25Sep2026 11:21:45.312] [main/DEBUG] [mixin/]: Preparing glitchcore.mixins.json (5)
[25Sep2026 11:21:45.314] [main/DEBUG] [mixin/]: Preparing glitchcore.neoforge.mixins.json (7)
[25Sep2026 11:21:45.317] [main/DEBUG] [mixin/]: Preparing biomesoplenty.mixins.json (0)
[25Sep2026 11:21:45.318] [main/DEBUG] [mixin/]: Preparing biomesoplenty.neoforge.mixins.json (2)
[25Sep2026 11:21:45.319] [main/DEBUG] [mixin/]: Preparing mixins.ipnext.json (17)
[25Sep2026 11:21:45.319] [main/DEBUG] [mixin/]: Preparing balm.mixins.json (12)
[25Sep2026 11:21:45.337] [main/DEBUG] [mixin/]: Preparing balm.api.mixins.json (8)
[25Sep2026 11:21:45.339] [main/DEBUG] [mixin/]: Preparing balm.neoforge.mixins.json (4)
[25Sep2026 11:21:45.340] [main/DEBUG] [mixin/]: Preparing playerrevive.mixins.json (5)
[25Sep2026 11:21:45.344] [main/DEBUG] [mixin/]: Preparing replantingcrops_neoforge.mixins.json (0)
[25Sep2026 11:21:45.344] [main/DEBUG] [mixin/]: Preparing mixinextras.init.mixins.json (0)
[25Sep2026 11:21:45.385] [main/DEBUG] [mixin/]: Inner class glitchcore/neoforge/mixin/impl/MixinPacketHandler$1 in glitchcore/neoforge/mixin/impl/MixinPacketHandler on glitchcore/network/PacketHandler gets unique name glitchcore/network/PacketHandler$Anonymous$bea9914f861f3bb88249739ffeb67def
[25Sep2026 11:21:45.393] [main/DEBUG] [mixin/]: Prepared 105 mixins in 1.251 sec (11.9ms avg) (0ms load, 0ms transform, 0ms plugin)
[25Sep2026 11:21:45.436] [main/DEBUG] [io.netty.util.internal.logging.InternalLoggerFactory/]: Using SLF4J as the default logging framework
[25Sep2026 11:21:45.438] [main/DEBUG] [io.netty.util.ResourceLeakDetector/]: -Dio.netty.leakDetection.level: simple
[25Sep2026 11:21:45.438] [main/DEBUG] [io.netty.util.ResourceLeakDetector/]: -Dio.netty.leakDetection.targetRecords: 4
[25Sep2026 11:21:45.777] [main/INFO] [MixinExtras|Service/]: Initializing MixinExtras via com.llamalad7.mixinextras.service.MixinExtrasServiceImpl(version=0.5.4).
[25Sep2026 11:21:45.784] [main/DEBUG] [mixin/]: Registering new injector for @SugarWrapper with com.llamalad7.mixinextras.sugar.impl.SugarWrapperInjectionInfo
[25Sep2026 11:21:45.785] [main/DEBUG] [mixin/]: Registering new injector for @FactoryRedirectWrapper with com.llamalad7.mixinextras.wrapper.factory.FactoryRedirectWrapperInjectionInfo
[25Sep2026 11:21:45.785] [main/DEBUG] [mixin/]: Registering new injector for @ExpressionInjectorWrapper with com.llamalad7.mixinextras.expression.impl.wrapper.ExpressionInjectorWrapperInjectionInfo
[25Sep2026 11:21:45.812] [main/DEBUG] [mixin/]: Mixing ComponentSerializationMixin from creativecore.mixins.json into net.minecraft.network.chat.ComponentSerialization
[25Sep2026 11:21:45.818] [main/DEBUG] [mixin/]: creativecore.mixins.json:ComponentSerializationMixin from mod creativecore: Class version 69 required is higher than the class version supported by the current version of Mixin (JAVA_21 supports class version 65)
[25Sep2026 11:21:45.886] [main/DEBUG] [mixin/]: creativecore.mixins.json:ComponentSerializationMixin from mod creativecore->@Inject::register(Lnet/minecraft/util/ExtraCodecs$LateBoundIdMapper;Lorg/spongepowered/asm/mixin/injection/callback/CallbackInfo;)V doesn't use it's CallbackInfo
[25Sep2026 11:21:46.199] [main/DEBUG] [oshi.util.FileUtil/]: Reading file /proc/self/auxv
[25Sep2026 11:21:46.200] [main/DEBUG] [oshi.util.FileUtil/]: Reading file /proc/self/auxv
[25Sep2026 11:21:46.205] [main/DEBUG] [oshi.util.FileUtil/]: Reading file /proc/stat
[25Sep2026 11:21:46.211] [main/DEBUG] [oshi.util.FileUtil/]: Reading file /sys/devices/system/cpu/cpu0/topology/core_id
[25Sep2026 11:21:46.211] [main/DEBUG] [oshi.util.FileUtil/]: Reading file /sys/devices/system/cpu/cpu0/topology/core_id
[25Sep2026 11:21:46.211] [main/DEBUG] [oshi.util.FileUtil/]: Reading file /sys/devices/system/cpu/cpu0/topology/physical_package_id
[25Sep2026 11:21:46.211] [main/DEBUG] [oshi.util.FileUtil/]: Reading file /sys/devices/system/cpu/cpu0/topology/physical_package_id
[25Sep2026 11:21:46.211] [main/DEBUG] [oshi.util.FileUtil/]: Reading file /sys/devices/system/cpu/cpu0/cpu_capacity
[25Sep2026 11:21:46.217] [main/DEBUG] [oshi.util.FileUtil/]: Reading file /sys/devices/system/cpu/cpu0/cache/index2/level
[25Sep2026 11:21:46.217] [main/DEBUG] [oshi.util.FileUtil/]: Reading file /sys/devices/system/cpu/cpu0/cache/index2/level
[25Sep2026 11:21:46.218] [main/DEBUG] [oshi.util.FileUtil/]: Reading file /sys/devices/system/cpu/cpu0/cache/index2/type
[25Sep2026 11:21:46.218] [main/DEBUG] [oshi.util.FileUtil/]: Reading file /sys/devices/system/cpu/cpu0/cache/index2/type
[25Sep2026 11:21:46.218] [main/DEBUG] [oshi.util.FileUtil/]: Reading file /sys/devices/system/cpu/cpu0/cache/index2/ways_of_associativity
[25Sep2026 11:21:46.218] [main/DEBUG] [oshi.util.FileUtil/]: Reading file /sys/devices/system/cpu/cpu0/cache/index2/ways_of_associativity
[25Sep2026 11:21:46.218] [main/DEBUG] [oshi.util.FileUtil/]: Reading file /sys/devices/system/cpu/cpu0/cache/index2/coherency_line_size
[25Sep2026 11:21:46.218] [main/DEBUG] [oshi.util.FileUtil/]: Reading file /sys/devices/system/cpu/cpu0/cache/index2/coherency_line_size
[25Sep2026 11:21:46.218] [main/DEBUG] [oshi.util.FileUtil/]: Reading file /sys/devices/system/cpu/cpu0/cache/index2/size
[25Sep2026 11:21:46.219] [main/DEBUG] [oshi.util.FileUtil/]: Reading file /sys/devices/system/cpu/cpu0/cache/index2/size
[25Sep2026 11:21:46.219] [main/DEBUG] [oshi.util.FileUtil/]: Reading file /sys/devices/system/cpu/cpu0/cache/index0/level
[25Sep2026 11:21:46.219] [main/DEBUG] [oshi.util.FileUtil/]: Reading file /sys/devices/system/cpu/cpu0/cache/index0/level
[25Sep2026 11:21:46.219] [main/DEBUG] [oshi.util.FileUtil/]: Reading file /sys/devices/system/cpu/cpu0/cache/index0/type
[25Sep2026 11:21:46.219] [main/DEBUG] [oshi.util.FileUtil/]: Reading file /sys/devices/system/cpu/cpu0/cache/index0/type
[25Sep2026 11:21:46.220] [main/DEBUG] [oshi.util.FileUtil/]: Reading file /sys/devices/system/cpu/cpu0/cache/index0/ways_of_associativity
[25Sep2026 11:21:46.220] [main/DEBUG] [oshi.util.FileUtil/]: Reading file /sys/devices/system/cpu/cpu0/cache/index0/ways_of_associativity
[25Sep2026 11:21:46.220] [main/DEBUG] [oshi.util.FileUtil/]: Reading file /sys/devices/system/cpu/cpu0/cache/index0/coherency_line_size
[25Sep2026 11:21:46.220] [main/DEBUG] [oshi.util.FileUtil/]: Reading file /sys/devices/system/cpu/cpu0/cache/index0/coherency_line_size
[25Sep2026 11:21:46.220] [main/DEBUG] [oshi.util.FileUtil/]: Reading file /sys/devices/system/cpu/cpu0/cache/index0/size
[25Sep2026 11:21:46.220] [main/DEBUG] [oshi.util.FileUtil/]: Reading file /sys/devices/system/cpu/cpu0/cache/index0/size
[25Sep2026 11:21:46.220] [main/DEBUG] [oshi.util.FileUtil/]: Reading file /sys/devices/system/cpu/cpu0/cache/index3/level
[25Sep2026 11:21:46.220] [main/DEBUG] [oshi.util.FileUtil/]: Reading file /sys/devices/system/cpu/cpu0/cache/index3/level
[25Sep2026 11:21:46.220] [main/DEBUG] [oshi.util.FileUtil/]: Reading file /sys/devices/system/cpu/cpu0/cache/index3/type
[25Sep2026 11:21:46.220] [main/DEBUG] [oshi.util.FileUtil/]: Reading file /sys/devices/system/cpu/cpu0/cache/index3/type
[25Sep2026 11:21:46.220] [main/DEBUG] [oshi.util.FileUtil/]: Reading file /sys/devices/system/cpu/cpu0/cache/index3/ways_of_associativity
[25Sep2026 11:21:46.220] [main/DEBUG] [oshi.util.FileUtil/]: Reading file /sys/devices/system/cpu/cpu0/cache/index3/ways_of_associativity
[25Sep2026 11:21:46.221] [main/DEBUG] [oshi.util.FileUtil/]: Reading file /sys/devices/system/cpu/cpu0/cache/index3/coherency_line_size
[25Sep2026 11:21:46.221] [main/DEBUG] [oshi.util.FileUtil/]: Reading file /sys/devices/system/cpu/cpu0/cache/index3/coherency_line_size
[25Sep2026 11:21:46.221] [main/DEBUG] [oshi.util.FileUtil/]: Reading file /sys/devices/system/cpu/cpu0/cache/index3/size
[25Sep2026 11:21:46.221] [main/DEBUG] [oshi.util.FileUtil/]: Reading file /sys/devices/system/cpu/cpu0/cache/index3/size
[25Sep2026 11:21:46.221] [main/DEBUG] [oshi.util.FileUtil/]: Reading file /sys/devices/system/cpu/cpu0/cache/index1/level
[25Sep2026 11:21:46.221] [main/DEBUG] [oshi.util.FileUtil/]: Reading file /sys/devices/system/cpu/cpu0/cache/index1/level
[25Sep2026 11:21:46.221] [main/DEBUG] [oshi.util.FileUtil/]: Reading file /sys/devices/system/cpu/cpu0/cache/index1/type
[25Sep2026 11:21:46.221] [main/DEBUG] [oshi.util.FileUtil/]: Reading file /sys/devices/system/cpu/cpu0/cache/index1/type
[25Sep2026 11:21:46.221] [main/DEBUG] [oshi.util.FileUtil/]: Reading file /sys/devices/system/cpu/cpu0/cache/index1/ways_of_associativity
[25Sep2026 11:21:46.221] [main/DEBUG] [oshi.util.FileUtil/]: Reading file /sys/devices/system/cpu/cpu0/cache/index1/ways_of_associativity
[25Sep2026 11:21:46.221] [main/DEBUG] [oshi.util.FileUtil/]: Reading file /sys/devices/system/cpu/cpu0/cache/index1/coherency_line_size
[25Sep2026 11:21:46.221] [main/DEBUG] [oshi.util.FileUtil/]: Reading file /sys/devices/system/cpu/cpu0/cache/index1/coherency_line_size
[25Sep2026 11:21:46.221] [main/DEBUG] [oshi.util.FileUtil/]: Reading file /sys/devices/system/cpu/cpu0/cache/index1/size
[25Sep2026 11:21:46.221] [main/DEBUG] [oshi.util.FileUtil/]: Reading file /sys/devices/system/cpu/cpu0/cache/index1/size
[25Sep2026 11:21:46.222] [main/DEBUG] [oshi.util.FileUtil/]: Reading file /sys/devices/system/cpu/cpu1/topology/core_id
[25Sep2026 11:21:46.222] [main/DEBUG] [oshi.util.FileUtil/]: Reading file /sys/devices/system/cpu/cpu1/topology/core_id
[25Sep2026 11:21:46.222] [main/DEBUG] [oshi.util.FileUtil/]: Reading file /sys/devices/system/cpu/cpu1/topology/physical_package_id
[25Sep2026 11:21:46.222] [main/DEBUG] [oshi.util.FileUtil/]: Reading file /sys/devices/system/cpu/cpu1/topology/physical_package_id
[25Sep2026 11:21:46.222] [main/DEBUG] [oshi.util.FileUtil/]: Reading file /sys/devices/system/cpu/cpu1/cpu_capacity
[25Sep2026 11:21:46.223] [main/DEBUG] [oshi.util.FileUtil/]: Reading file /sys/devices/system/cpu/cpu1/cache/index2/level
[25Sep2026 11:21:46.223] [main/DEBUG] [oshi.util.FileUtil/]: Reading file /sys/devices/system/cpu/cpu1/cache/index2/level
[25Sep2026 11:21:46.223] [main/DEBUG] [oshi.util.FileUtil/]: Reading file /sys/devices/system/cpu/cpu1/cache/index2/type
[25Sep2026 11:21:46.223] [main/DEBUG] [oshi.util.FileUtil/]: Reading file /sys/devices/system/cpu/cpu1/cache/index2/type
[25Sep2026 11:21:46.223] [main/DEBUG] [oshi.util.FileUtil/]: Reading file /sys/devices/system/cpu/cpu1/cache/index2/ways_of_associativity
[25Sep2026 11:21:46.223] [main/DEBUG] [oshi.util.FileUtil/]: Reading file /sys/devices/system/cpu/cpu1/cache/index2/ways_of_associativity
[25Sep2026 11:21:46.223] [main/DEBUG] [oshi.util.FileUtil/]: Reading file /sys/devices/system/cpu/cpu1/cache/index2/coherency_line_size
[25Sep2026 11:21:46.223] [main/DEBUG] [oshi.util.FileUtil/]: Reading file /sys/devices/system/cpu/cpu1/cache/index2/coherency_line_size
[25Sep2026 11:21:46.223] [main/DEBUG] [oshi.util.FileUtil/]: Reading file /sys/devices/system/cpu/cpu1/cache/index2/size
[25Sep2026 11:21:46.223] [main/DEBUG] [oshi.util.FileUtil/]: Reading file /sys/devices/system/cpu/cpu1/cache/index2/size
[25Sep2026 11:21:46.223] [main/DEBUG] [oshi.util.FileUtil/]: Reading file /sys/devices/system/cpu/cpu1/cache/index0/level
[25Sep2026 11:21:46.223] [main/DEBUG] [oshi.util.FileUtil/]: Reading file /sys/devices/system/cpu/cpu1/cache/index0/level
[25Sep2026 11:21:46.224] [main/DEBUG] [oshi.util.FileUtil/]: Reading file /sys/devices/system/cpu/cpu1/cache/index0/type
[25Sep2026 11:21:46.224] [main/DEBUG] [oshi.util.FileUtil/]: Reading file /sys/devices/system/cpu/cpu1/cache/index0/type
[25Sep2026 11:21:46.224] [main/DEBUG] [oshi.util.FileUtil/]: Reading file /sys/devices/system/cpu/cpu1/cache/index0/ways_of_associativity
[25Sep2026 11:21:46.226] [main/DEBUG] [oshi.util.FileUtil/]: Reading file /sys/devices/system/cpu/cpu1/cache/index0/ways_of_associativity
[25Sep2026 11:21:46.226] [main/DEBUG] [oshi.util.FileUtil/]: Reading file /sys/devices/system/cpu/cpu1/cache/index0/coherency_line_size
[25Sep2026 11:21:46.226] [main/DEBUG] [oshi.util.FileUtil/]: Reading file /sys/devices/system/cpu/cpu1/cache/index0/coherency_line_size
[25Sep2026 11:21:46.226] [main/DEBUG] [oshi.util.FileUtil/]: Reading file /sys/devices/system/cpu/cpu1/cache/index0/size
[25Sep2026 11:21:46.226] [main/DEBUG] [oshi.util.FileUtil/]: Reading file /sys/devices/system/cpu/cpu1/cache/index0/size
[25Sep2026 11:21:46.226] [main/DEBUG] [oshi.util.FileUtil/]: Reading file /sys/devices/system/cpu/cpu1/cache/index3/level
[25Sep2026 11:21:46.226] [main/DEBUG] [oshi.util.FileUtil/]: Reading file /sys/devices/system/cpu/cpu1/cache/index3/level
[25Sep2026 11:21:46.226] [main/DEBUG] [oshi.util.FileUtil/]: Reading file /sys/devices/system/cpu/cpu1/cache/index3/type
[25Sep2026 11:21:46.227] [main/DEBUG] [oshi.util.FileUtil/]: Reading file /sys/devices/system/cpu/cpu1/cache/index3/type
[25Sep2026 11:21:46.227] [main/DEBUG] [oshi.util.FileUtil/]: Reading file /sys/devices/system/cpu/cpu1/cache/index3/ways_of_associativity
[25Sep2026 11:21:46.227] [main/DEBUG] [oshi.util.FileUtil/]: Reading file /sys/devices/system/cpu/cpu1/cache/index3/ways_of_associativity
[25Sep2026 11:21:46.227] [main/DEBUG] [oshi.util.FileUtil/]: Reading file /sys/devices/system/cpu/cpu1/cache/index3/coherency_line_size
[25Sep2026 11:21:46.227] [main/DEBUG] [oshi.util.FileUtil/]: Reading file /sys/devices/system/cpu/cpu1/cache/index3/coherency_line_size
[25Sep2026 11:21:46.227] [main/DEBUG] [oshi.util.FileUtil/]: Reading file /sys/devices/system/cpu/cpu1/cache/index3/size
[25Sep2026 11:21:46.227] [main/DEBUG] [oshi.util.FileUtil/]: Reading file /sys/devices/system/cpu/cpu1/cache/index3/size
[25Sep2026 11:21:46.227] [main/DEBUG] [oshi.util.FileUtil/]: Reading file /sys/devices/system/cpu/cpu1/cache/index1/level
[25Sep2026 11:21:46.227] [main/DEBUG] [oshi.util.FileUtil/]: Reading file /sys/devices/system/cpu/cpu1/cache/index1/level
[25Sep2026 11:21:46.227] [main/DEBUG] [oshi.util.FileUtil/]: Reading file /sys/devices/system/cpu/cpu1/cache/index1/type
[25Sep2026 11:21:46.227] [main/DEBUG] [oshi.util.FileUtil/]: Reading file /sys/devices/system/cpu/cpu1/cache/index1/type
[25Sep2026 11:21:46.227] [main/DEBUG] [oshi.util.FileUtil/]: Reading file /sys/devices/system/cpu/cpu1/cache/index1/ways_of_associativity
[25Sep2026 11:21:46.227] [main/DEBUG] [oshi.util.FileUtil/]: Reading file /sys/devices/system/cpu/cpu1/cache/index1/ways_of_associativity
[25Sep2026 11:21:46.228] [main/DEBUG] [oshi.util.FileUtil/]: Reading file /sys/devices/system/cpu/cpu1/cache/index1/coherency_line_size
[25Sep2026 11:21:46.228] [main/DEBUG] [oshi.util.FileUtil/]: Reading file /sys/devices/system/cpu/cpu1/cache/index1/coherency_line_size
[25Sep2026 11:21:46.228] [main/DEBUG] [oshi.util.FileUtil/]: Reading file /sys/devices/system/cpu/cpu1/cache/index1/size
[25Sep2026 11:21:46.228] [main/DEBUG] [oshi.util.FileUtil/]: Reading file /sys/devices/system/cpu/cpu1/cache/index1/size
[25Sep2026 11:21:46.228] [main/DEBUG] [oshi.util.FileUtil/]: Reading file /sys/devices/system/cpu/cpu2/topology/core_id
[25Sep2026 11:21:46.228] [main/DEBUG] [oshi.util.FileUtil/]: Reading file /sys/devices/system/cpu/cpu2/topology/core_id
[25Sep2026 11:21:46.228] [main/DEBUG] [oshi.util.FileUtil/]: Reading file /sys/devices/system/cpu/cpu2/topology/physical_package_id
[25Sep2026 11:21:46.228] [main/DEBUG] [oshi.util.FileUtil/]: Reading file /sys/devices/system/cpu/cpu2/topology/physical_package_id
[25Sep2026 11:21:46.228] [main/DEBUG] [oshi.util.FileUtil/]: Reading file /sys/devices/system/cpu/cpu2/cpu_capacity
[25Sep2026 11:21:46.229] [main/DEBUG] [oshi.util.FileUtil/]: Reading file /sys/devices/system/cpu/cpu2/cache/index2/level
[25Sep2026 11:21:46.229] [main/DEBUG] [oshi.util.FileUtil/]: Reading file /sys/devices/system/cpu/cpu2/cache/index2/level
[25Sep2026 11:21:46.229] [main/DEBUG] [oshi.util.FileUtil/]: Reading file /sys/devices/system/cpu/cpu2/cache/index2/type
[25Sep2026 11:21:46.229] [main/DEBUG] [oshi.util.FileUtil/]: Reading file /sys/devices/system/cpu/cpu2/cache/index2/type
[25Sep2026 11:21:46.229] [main/DEBUG] [oshi.util.FileUtil/]: Reading file /sys/devices/system/cpu/cpu2/cache/index2/ways_of_associativity
[25Sep2026 11:21:46.229] [main/DEBUG] [oshi.util.FileUtil/]: Reading file /sys/devices/system/cpu/cpu2/cache/index2/ways_of_associativity
[25Sep2026 11:21:46.229] [main/DEBUG] [oshi.util.FileUtil/]: Reading file /sys/devices/system/cpu/cpu2/cache/index2/coherency_line_size
[25Sep2026 11:21:46.229] [main/DEBUG] [oshi.util.FileUtil/]: Reading file /sys/devices/system/cpu/cpu2/cache/index2/coherency_line_size
[25Sep2026 11:21:46.229] [main/DEBUG] [oshi.util.FileUtil/]: Reading file /sys/devices/system/cpu/cpu2/cache/index2/size
[25Sep2026 11:21:46.229] [main/DEBUG] [oshi.util.FileUtil/]: Reading file /sys/devices/system/cpu/cpu2/cache/index2/size
[25Sep2026 11:21:46.229] [main/DEBUG] [oshi.util.FileUtil/]: Reading file /sys/devices/system/cpu/cpu2/cache/index0/level
[25Sep2026 11:21:46.230] [main/DEBUG] [oshi.util.FileUtil/]: Reading file /sys/devices/system/cpu/cpu2/cache/index0/level
[25Sep2026 11:21:46.230] [main/DEBUG] [oshi.util.FileUtil/]: Reading file /sys/devices/system/cpu/cpu2/cache/index0/type
[25Sep2026 11:21:46.230] [main/DEBUG] [oshi.util.FileUtil/]: Reading file /sys/devices/system/cpu/cpu2/cache/index0/type
[25Sep2026 11:21:46.230] [main/DEBUG] [oshi.util.FileUtil/]: Reading file /sys/devices/system/cpu/cpu2/cache/index0/ways_of_associativity
[25Sep2026 11:21:46.230] [main/DEBUG] [oshi.util.FileUtil/]: Reading file /sys/devices/system/cpu/cpu2/cache/index0/ways_of_associativity
[25Sep2026 11:21:46.230] [main/DEBUG] [oshi.util.FileUtil/]: Reading file /sys/devices/system/cpu/cpu2/cache/index0/coherency_line_size
[25Sep2026 11:21:46.230] [main/DEBUG] [oshi.util.FileUtil/]: Reading file /sys/devices/system/cpu/cpu2/cache/index0/coherency_line_size
[25Sep2026 11:21:46.230] [main/DEBUG] [oshi.util.FileUtil/]: Reading file /sys/devices/system/cpu/cpu2/cache/index0/size
[25Sep2026 11:21:46.230] [main/DEBUG] [oshi.util.FileUtil/]: Reading file /sys/devices/system/cpu/cpu2/cache/index0/size
[25Sep2026 11:21:46.230] [main/DEBUG] [oshi.util.FileUtil/]: Reading file /sys/devices/system/cpu/cpu2/cache/index3/level
[25Sep2026 11:21:46.230] [main/DEBUG] [oshi.util.FileUtil/]: Reading file /sys/devices/system/cpu/cpu2/cache/index3/level
[25Sep2026 11:21:46.230] [main/DEBUG] [oshi.util.FileUtil/]: Reading file /sys/devices/system/cpu/cpu2/cache/index3/type
[25Sep2026 11:21:46.230] [main/DEBUG] [oshi.util.FileUtil/]: Reading file /sys/devices/system/cpu/cpu2/cache/index3/type
[25Sep2026 11:21:46.231] [main/DEBUG] [oshi.util.FileUtil/]: Reading file /sys/devices/system/cpu/cpu2/cache/index3/ways_of_associativity
[25Sep2026 11:21:46.231] [main/DEBUG] [oshi.util.FileUtil/]: Reading file /sys/devices/system/cpu/cpu2/cache/index3/ways_of_associativity
[25Sep2026 11:21:46.231] [main/DEBUG] [oshi.util.FileUtil/]: Reading file /sys/devices/system/cpu/cpu2/cache/index3/coherency_line_size
[25Sep2026 11:21:46.231] [main/DEBUG] [oshi.util.FileUtil/]: Reading file /sys/devices/system/cpu/cpu2/cache/index3/coherency_line_size
[25Sep2026 11:21:46.231] [main/DEBUG] [oshi.util.FileUtil/]: Reading file /sys/devices/system/cpu/cpu2/cache/index3/size
[25Sep2026 11:21:46.231] [main/DEBUG] [oshi.util.FileUtil/]: Reading file /sys/devices/system/cpu/cpu2/cache/index3/size
[25Sep2026 11:21:46.231] [main/DEBUG] [oshi.util.FileUtil/]: Reading file /sys/devices/system/cpu/cpu2/cache/index1/level
[25Sep2026 11:21:46.231] [main/DEBUG] [oshi.util.FileUtil/]: Reading file /sys/devices/system/cpu/cpu2/cache/index1/level
[25Sep2026 11:21:46.231] [main/DEBUG] [oshi.util.FileUtil/]: Reading file /sys/devices/system/cpu/cpu2/cache/index1/type
[25Sep2026 11:21:46.231] [main/DEBUG] [oshi.util.FileUtil/]: Reading file /sys/devices/system/cpu/cpu2/cache/index1/type
[25Sep2026 11:21:46.231] [main/DEBUG] [oshi.util.FileUtil/]: Reading file /sys/devices/system/cpu/cpu2/cache/index1/ways_of_associativity
[25Sep2026 11:21:46.231] [main/DEBUG] [oshi.util.FileUtil/]: Reading file /sys/devices/system/cpu/cpu2/cache/index1/ways_of_associativity
[25Sep2026 11:21:46.231] [main/DEBUG] [oshi.util.FileUtil/]: Reading file /sys/devices/system/cpu/cpu2/cache/index1/coherency_line_size
[25Sep2026 11:21:46.231] [main/DEBUG] [oshi.util.FileUtil/]: Reading file /sys/devices/system/cpu/cpu2/cache/index1/coherency_line_size
[25Sep2026 11:21:46.231] [main/DEBUG] [oshi.util.FileUtil/]: Reading file /sys/devices/system/cpu/cpu2/cache/index1/size
[25Sep2026 11:21:46.232] [main/DEBUG] [oshi.util.FileUtil/]: Reading file /sys/devices/system/cpu/cpu2/cache/index1/size
[25Sep2026 11:21:46.232] [main/DEBUG] [oshi.util.FileUtil/]: Reading file /sys/devices/system/cpu/cpu3/topology/core_id
[25Sep2026 11:21:46.232] [main/DEBUG] [oshi.util.FileUtil/]: Reading file /sys/devices/system/cpu/cpu3/topology/core_id
[25Sep2026 11:21:46.232] [main/DEBUG] [oshi.util.FileUtil/]: Reading file /sys/devices/system/cpu/cpu3/topology/physical_package_id
[25Sep2026 11:21:46.232] [main/DEBUG] [oshi.util.FileUtil/]: Reading file /sys/devices/system/cpu/cpu3/topology/physical_package_id
[25Sep2026 11:21:46.232] [main/DEBUG] [oshi.util.FileUtil/]: Reading file /sys/devices/system/cpu/cpu3/cpu_capacity
[25Sep2026 11:21:46.232] [main/DEBUG] [oshi.util.FileUtil/]: Reading file /sys/devices/system/cpu/cpu3/cache/index2/level
[25Sep2026 11:21:46.236] [main/DEBUG] [oshi.util.FileUtil/]: Reading file /sys/devices/system/cpu/cpu3/cache/index2/level
[25Sep2026 11:21:46.237] [main/DEBUG] [oshi.util.FileUtil/]: Reading file /sys/devices/system/cpu/cpu3/cache/index2/type
[25Sep2026 11:21:46.237] [main/DEBUG] [oshi.util.FileUtil/]: Reading file /sys/devices/system/cpu/cpu3/cache/index2/type
[25Sep2026 11:21:46.237] [main/DEBUG] [oshi.util.FileUtil/]: Reading file /sys/devices/system/cpu/cpu3/cache/index2/ways_of_associativity
[25Sep2026 11:21:46.237] [main/DEBUG] [oshi.util.FileUtil/]: Reading file /sys/devices/system/cpu/cpu3/cache/index2/ways_of_associativity
[25Sep2026 11:21:46.237] [main/DEBUG] [oshi.util.FileUtil/]: Reading file /sys/devices/system/cpu/cpu3/cache/index2/coherency_line_size
[25Sep2026 11:21:46.237] [main/DEBUG] [oshi.util.FileUtil/]: Reading file /sys/devices/system/cpu/cpu3/cache/index2/coherency_line_size
[25Sep2026 11:21:46.237] [main/DEBUG] [oshi.util.FileUtil/]: Reading file /sys/devices/system/cpu/cpu3/cache/index2/size
[25Sep2026 11:21:46.237] [main/DEBUG] [oshi.util.FileUtil/]: Reading file /sys/devices/system/cpu/cpu3/cache/index2/size
[25Sep2026 11:21:46.237] [main/DEBUG] [oshi.util.FileUtil/]: Reading file /sys/devices/system/cpu/cpu3/cache/index0/level
[25Sep2026 11:21:46.238] [main/DEBUG] [oshi.util.FileUtil/]: Reading file /sys/devices/system/cpu/cpu3/cache/index0/level
[25Sep2026 11:21:46.238] [main/DEBUG] [oshi.util.FileUtil/]: Reading file /sys/devices/system/cpu/cpu3/cache/index0/type
[25Sep2026 11:21:46.238] [main/DEBUG] [oshi.util.FileUtil/]: Reading file /sys/devices/system/cpu/cpu3/cache/index0/type
[25Sep2026 11:21:46.238] [main/DEBUG] [oshi.util.FileUtil/]: Reading file /sys/devices/system/cpu/cpu3/cache/index0/ways_of_associativity
[25Sep2026 11:21:46.238] [main/DEBUG] [oshi.util.FileUtil/]: Reading file /sys/devices/system/cpu/cpu3/cache/index0/ways_of_associativity
[25Sep2026 11:21:46.238] [main/DEBUG] [oshi.util.FileUtil/]: Reading file /sys/devices/system/cpu/cpu3/cache/index0/coherency_line_size
[25Sep2026 11:21:46.238] [main/DEBUG] [oshi.util.FileUtil/]: Reading file /sys/devices/system/cpu/cpu3/cache/index0/coherency_line_size
[25Sep2026 11:21:46.238] [main/DEBUG] [oshi.util.FileUtil/]: Reading file /sys/devices/system/cpu/cpu3/cache/index0/size
[25Sep2026 11:21:46.238] [main/DEBUG] [oshi.util.FileUtil/]: Reading file /sys/devices/system/cpu/cpu3/cache/index0/size
[25Sep2026 11:21:46.238] [main/DEBUG] [oshi.util.FileUtil/]: Reading file /sys/devices/system/cpu/cpu3/cache/index3/level
[25Sep2026 11:21:46.238] [main/DEBUG] [oshi.util.FileUtil/]: Reading file /sys/devices/system/cpu/cpu3/cache/index3/level
[25Sep2026 11:21:46.238] [main/DEBUG] [oshi.util.FileUtil/]: Reading file /sys/devices/system/cpu/cpu3/cache/index3/type
[25Sep2026 11:21:46.238] [main/DEBUG] [oshi.util.FileUtil/]: Reading file /sys/devices/system/cpu/cpu3/cache/index3/type
[25Sep2026 11:21:46.238] [main/DEBUG] [oshi.util.FileUtil/]: Reading file /sys/devices/system/cpu/cpu3/cache/index3/ways_of_associativity
[25Sep2026 11:21:46.239] [main/DEBUG] [oshi.util.FileUtil/]: Reading file /sys/devices/system/cpu/cpu3/cache/index3/ways_of_associativity
[25Sep2026 11:21:46.239] [main/DEBUG] [oshi.util.FileUtil/]: Reading file /sys/devices/system/cpu/cpu3/cache/index3/coherency_line_size
[25Sep2026 11:21:46.239] [main/DEBUG] [oshi.util.FileUtil/]: Reading file /sys/devices/system/cpu/cpu3/cache/index3/coherency_line_size
[25Sep2026 11:21:46.239] [main/DEBUG] [oshi.util.FileUtil/]: Reading file /sys/devices/system/cpu/cpu3/cache/index3/size
[25Sep2026 11:21:46.239] [main/DEBUG] [oshi.util.FileUtil/]: Reading file /sys/devices/system/cpu/cpu3/cache/index3/size
[25Sep2026 11:21:46.239] [main/DEBUG] [oshi.util.FileUtil/]: Reading file /sys/devices/system/cpu/cpu3/cache/index1/level
[25Sep2026 11:21:46.239] [main/DEBUG] [oshi.util.FileUtil/]: Reading file /sys/devices/system/cpu/cpu3/cache/index1/level
[25Sep2026 11:21:46.239] [main/DEBUG] [oshi.util.FileUtil/]: Reading file /sys/devices/system/cpu/cpu3/cache/index1/type
[25Sep2026 11:21:46.239] [main/DEBUG] [oshi.util.FileUtil/]: Reading file /sys/devices/system/cpu/cpu3/cache/index1/type
[25Sep2026 11:21:46.239] [main/DEBUG] [oshi.util.FileUtil/]: Reading file /sys/devices/system/cpu/cpu3/cache/index1/ways_of_associativity
[25Sep2026 11:21:46.239] [main/DEBUG] [oshi.util.FileUtil/]: Reading file /sys/devices/system/cpu/cpu3/cache/index1/ways_of_associativity
[25Sep2026 11:21:46.239] [main/DEBUG] [oshi.util.FileUtil/]: Reading file /sys/devices/system/cpu/cpu3/cache/index1/coherency_line_size
[25Sep2026 11:21:46.242] [main/DEBUG] [oshi.util.FileUtil/]: Reading file /sys/devices/system/cpu/cpu3/cache/index1/coherency_line_size
[25Sep2026 11:21:46.243] [main/DEBUG] [oshi.util.FileUtil/]: Reading file /sys/devices/system/cpu/cpu3/cache/index1/size
[25Sep2026 11:21:46.244] [main/DEBUG] [oshi.util.FileUtil/]: Reading file /sys/devices/system/cpu/cpu3/cache/index1/size
[25Sep2026 11:21:46.247] [main/DEBUG] [oshi.util.FileUtil/]: Reading file /proc/cpuinfo
[25Sep2026 11:21:46.248] [main/DEBUG] [oshi.util.FileUtil/]: Reading file /proc/cpuinfo
[25Sep2026 11:21:46.269] [main/DEBUG] [oshi.util.FileUtil/]: Reading file /proc/self/auxv
[25Sep2026 11:21:46.305] [main/DEBUG] [oshi.util.FileUtil/]: Reading file /proc/meminfo
[25Sep2026 11:21:46.306] [main/DEBUG] [oshi.util.FileUtil/]: Reading file /proc/meminfo
[25Sep2026 11:21:46.317] [main/DEBUG] [oshi.util.FileUtil/]: Reading file /etc/os-release
[25Sep2026 11:21:46.320] [main/DEBUG] [oshi.software.os.linux.LinuxOperatingSystem/]: os-release: NAME="Ubuntu"
[25Sep2026 11:21:46.320] [main/DEBUG] [oshi.software.os.linux.LinuxOperatingSystem/]: os-release: VERSION_ID="24.04"
[25Sep2026 11:21:46.320] [main/DEBUG] [oshi.software.os.linux.LinuxOperatingSystem/]: os-release: VERSION="24.04.5 LTS (Noble Numbat)"
[25Sep2026 11:21:46.320] [main/DEBUG] [oshi.util.FileUtil/]: Reading file /proc/version
[25Sep2026 11:21:46.328] [main/DEBUG] [oshi.util.FileUtil/]: Reading file /proc/3550/io
[25Sep2026 11:21:46.328] [main/DEBUG] [oshi.util.FileUtil/]: Reading file /proc/3550/io
[25Sep2026 11:21:46.328] [main/DEBUG] [oshi.util.FileUtil/]: Reading file /proc/3550/status
[25Sep2026 11:21:46.328] [main/DEBUG] [oshi.util.FileUtil/]: Reading file /proc/3550/status
[25Sep2026 11:21:46.331] [main/DEBUG] [oshi.util.FileUtil/]: Reading file /proc/3550/stat
[25Sep2026 11:21:46.332] [main/DEBUG] [oshi.util.FileUtil/]: Reading file /proc/3550/stat
[25Sep2026 11:21:46.332] [main/DEBUG] [oshi.util.FileUtil/]: Reading file /proc/self/stat
[25Sep2026 11:21:46.332] [main/DEBUG] [oshi.util.FileUtil/]: Reading file /proc/self/stat
[25Sep2026 11:21:46.429] [main/DEBUG] [mixin/]: Mixing MixinBuiltInRegistries from terrablender.mixins.json into net.minecraft.core.registries.BuiltInRegistries
[25Sep2026 11:21:46.430] [main/DEBUG] [mixin/]: terrablender.mixins.json:MixinBuiltInRegistries from mod terrablender: Class version 69 required is higher than the class version supported by the current version of Mixin (JAVA_17 supports class version 61)
[25Sep2026 11:21:46.430] [main/DEBUG] [mixin/]: Renaming synthetic method lambda$registerSimple$0(Lnet/minecraft/core/registries/BuiltInRegistries$RegistryBootstrap;Lnet/minecraft/core/Registry;)Ljava/lang/Object; to mda57a1a$terrablender$lambda$registerSimple$0$0 in terrablender.mixins.json:MixinBuiltInRegistries from mod terrablender
[25Sep2026 11:21:46.436] [main/DEBUG] [mixin/]: terrablender.mixins.json:MixinBuiltInRegistries from mod terrablender->@Inject::registerSimple(Lnet/minecraft/resources/ResourceKey;Lnet/minecraft/core/registries/BuiltInRegistries$RegistryBootstrap;Lorg/spongepowered/asm/mixin/injection/callback/CallbackInfoReturnable;)V does use it's CallbackInfoReturnable
[25Sep2026 11:21:46.460] [main/DEBUG] [mixin/]: Mixing MappedRegistryAccessor from neoforge.mixins.json into net.minecraft.core.MappedRegistry
[25Sep2026 11:21:46.764] [main/DEBUG] [mixin/]: Mixing BlockStateBaseAccessor from balm.mixins.json into net.minecraft.world.level.block.state.BlockBehaviour$BlockStateBase
[25Sep2026 11:21:46.769] [main/DEBUG] [mixin/]: balm.mixins.json:BlockStateBaseAccessor from mod balm: Class version 69 required is higher than the class version supported by the current version of Mixin (JAVA_17 supports class version 61)
[25Sep2026 11:21:46.773] [main/DEBUG] [mixin/]: Mixing BlockStateBaseMixin from balm.mixins.json into net.minecraft.world.level.block.state.BlockBehaviour$BlockStateBase
[25Sep2026 11:21:46.774] [main/DEBUG] [mixin/]: balm.mixins.json:BlockStateBaseMixin from mod balm: Class version 69 required is higher than the class version supported by the current version of Mixin (JAVA_17 supports class version 61)
[25Sep2026 11:21:46.782] [main/DEBUG] [mixin/]: balm.mixins.json:BlockStateBaseMixin from mod balm->@Inject::getDestroyProgress(Lnet/minecraft/world/entity/player/Player;Lnet/minecraft/world/level/BlockGetter;Lnet/minecraft/core/BlockPos;Lorg/spongepowered/asm/mixin/injection/callback/CallbackInfoReturnable;)V does use it's CallbackInfoReturnable
[25Sep2026 11:21:46.822] [main/DEBUG] [mixin/]: Mixing entities.EntityAccessor from repurposed_structures-common.mixins.json into net.minecraft.world.entity.Entity
[25Sep2026 11:21:46.826] [main/DEBUG] [mixin/]: Mixing EntityMixin from balm.neoforge.mixins.json into net.minecraft.world.entity.Entity
[25Sep2026 11:21:46.826] [main/DEBUG] [mixin/]: balm.neoforge.mixins.json:EntityMixin from mod balm: Class version 69 required is higher than the class version supported by the current version of Mixin (JAVA_21 supports class version 65)
[25Sep2026 11:21:46.831] [main/DEBUG] [mixin/]: Renaming synthetic method lambda$load$1(Lnet/minecraft/world/level/storage/ValueInput;)Ljava/util/Optional; to mda57a1a$balm$lambda$load$1$0 in balm.neoforge.mixins.json:EntityMixin from mod balm
[25Sep2026 11:21:46.832] [main/DEBUG] [mixin/]: Renaming synthetic method lambda$load$0(Lnet/minecraft/world/level/storage/ValueInput;)Ljava/util/Optional; to mda57a1a$balm$lambda$load$0$1 in balm.neoforge.mixins.json:EntityMixin from mod balm
[25Sep2026 11:21:46.832] [main/DEBUG] [mixin/]: Mixing EntityMixin from collective_neoforge.mixins.json into net.minecraft.world.entity.Entity
[25Sep2026 11:21:46.833] [main/DEBUG] [mixin/]: Mixing EntityMixin from tombstone.mixins.json into net.minecraft.world.entity.Entity
[25Sep2026 11:21:46.834] [main/DEBUG] [mixin/]: tombstone.mixins.json:EntityMixin from mod tombstone: Class version 69 required is higher than the class version supported by the current version of Mixin (JAVA_21 supports class version 65)
[25Sep2026 11:21:46.834] [main/DEBUG] [mixin/]: Renaming synthetic method lambda$methodDeflection$0(Lnet/minecraft/world/entity/projectile/Projectile;Lnet/minecraft/world/entity/Entity;Lnet/minecraft/util/RandomSource;)V to mda57a1a$tombstone$lambda$methodDeflection$0$2 in tombstone.mixins.json:EntityMixin from mod tombstone
[25Sep2026 11:21:46.851] [main/DEBUG] [mixin/]: balm.neoforge.mixins.json:EntityMixin from mod balm->@Inject::load(Lnet/minecraft/world/level/storage/ValueInput;Lorg/spongepowered/asm/mixin/injection/callback/CallbackInfo;)V doesn't use it's CallbackInfo
[25Sep2026 11:21:46.855] [main/DEBUG] [mixin/]: balm.neoforge.mixins.json:EntityMixin from mod balm->@Inject::load(Lnet/minecraft/world/level/storage/ValueInput;Lorg/spongepowered/asm/mixin/injection/callback/CallbackInfo;)V has 0 override(s) in child classes
[25Sep2026 11:21:46.855] [main/DEBUG] [mixin/]: balm.neoforge.mixins.json:EntityMixin from mod balm->@Inject::load(Lnet/minecraft/world/level/storage/ValueInput;Lorg/spongepowered/asm/mixin/injection/callback/CallbackInfo;)V won't be passed a CallbackInfo as a result
[25Sep2026 11:21:46.855] [main/DEBUG] [mixin/]: collective_neoforge.mixins.json:EntityMixin from mod collective->@Inject::Entity_saveWithoutId(Lnet/minecraft/world/level/storage/ValueOutput;Lorg/spongepowered/asm/mixin/injection/callback/CallbackInfo;)V doesn't use it's CallbackInfo
[25Sep2026 11:21:46.855] [main/DEBUG] [mixin/]: collective_neoforge.mixins.json:EntityMixin from mod collective->@Inject::Entity_saveWithoutId(Lnet/minecraft/world/level/storage/ValueOutput;Lorg/spongepowered/asm/mixin/injection/callback/CallbackInfo;)V has 0 override(s) in child classes
[25Sep2026 11:21:46.855] [main/DEBUG] [mixin/]: collective_neoforge.mixins.json:EntityMixin from mod collective->@Inject::Entity_saveWithoutId(Lnet/minecraft/world/level/storage/ValueOutput;Lorg/spongepowered/asm/mixin/injection/callback/CallbackInfo;)V won't be passed a CallbackInfo as a result
[25Sep2026 11:21:46.855] [main/DEBUG] [mixin/]: collective_neoforge.mixins.json:EntityMixin from mod collective->@Inject::Entity_load(Lnet/minecraft/world/level/storage/ValueInput;Lorg/spongepowered/asm/mixin/injection/callback/CallbackInfo;)V doesn't use it's CallbackInfo
[25Sep2026 11:21:46.855] [main/DEBUG] [mixin/]: collective_neoforge.mixins.json:EntityMixin from mod collective->@Inject::Entity_load(Lnet/minecraft/world/level/storage/ValueInput;Lorg/spongepowered/asm/mixin/injection/callback/CallbackInfo;)V has 0 override(s) in child classes
[25Sep2026 11:21:46.855] [main/DEBUG] [mixin/]: collective_neoforge.mixins.json:EntityMixin from mod collective->@Inject::Entity_load(Lnet/minecraft/world/level/storage/ValueInput;Lorg/spongepowered/asm/mixin/injection/callback/CallbackInfo;)V won't be passed a CallbackInfo as a result
[25Sep2026 11:21:46.855] [main/DEBUG] [mixin/]: tombstone.mixins.json:EntityMixin from mod tombstone->@Inject::methodIsAlliedTo(Lnet/minecraft/world/entity/Entity;Lorg/spongepowered/asm/mixin/injection/callback/CallbackInfoReturnable;)V does use it's CallbackInfoReturnable
[25Sep2026 11:21:46.855] [main/DEBUG] [mixin/]: tombstone.mixins.json:EntityMixin from mod tombstone->@Inject::methodIsInvisibleTo(Lnet/minecraft/world/entity/player/Player;Lorg/spongepowered/asm/mixin/injection/callback/CallbackInfoReturnable;)V does use it's CallbackInfoReturnable
[25Sep2026 11:21:46.855] [main/DEBUG] [mixin/]: tombstone.mixins.json:EntityMixin from mod tombstone->@Inject::methodDeflection(Lnet/minecraft/world/entity/projectile/Projectile;Lorg/spongepowered/asm/mixin/injection/callback/CallbackInfoReturnable;)V does use it's CallbackInfoReturnable
[25Sep2026 11:21:46.855] [main/DEBUG] [mixin/]: tombstone.mixins.json:EntityMixin from mod tombstone->@Inject::methodOnInsideBlock(Lnet/minecraft/world/level/block/state/BlockState;Lorg/spongepowered/asm/mixin/injection/callback/CallbackInfo;)V doesn't use it's CallbackInfo
[25Sep2026 11:21:46.856] [main/DEBUG] [mixin/]: tombstone.mixins.json:EntityMixin from mod tombstone->@Inject::methodOnInsideBlock(Lnet/minecraft/world/level/block/state/BlockState;Lorg/spongepowered/asm/mixin/injection/callback/CallbackInfo;)V has 0 override(s) in child classes
[25Sep2026 11:21:46.856] [main/DEBUG] [mixin/]: tombstone.mixins.json:EntityMixin from mod tombstone->@Inject::methodOnInsideBlock(Lnet/minecraft/world/level/block/state/BlockState;Lorg/spongepowered/asm/mixin/injection/callback/CallbackInfo;)V won't be passed a CallbackInfo as a result
[25Sep2026 11:21:46.937] [main/DEBUG] [mixin/]: Mixing LivingEntityMixin from balm.mixins.json into net.minecraft.world.entity.LivingEntity
[25Sep2026 11:21:46.938] [main/DEBUG] [mixin/]: balm.mixins.json:LivingEntityMixin from mod balm: Class version 69 required is higher than the class version supported by the current version of Mixin (JAVA_17 supports class version 61)
[25Sep2026 11:21:46.938] [main/DEBUG] [mixin/]: Mixing LivingEntityMixin from balm.neoforge.mixins.json into net.minecraft.world.entity.LivingEntity
[25Sep2026 11:21:46.938] [main/DEBUG] [mixin/]: balm.neoforge.mixins.json:LivingEntityMixin from mod balm: Class version 69 required is higher than the class version supported by the current version of Mixin (JAVA_21 supports class version 65)
[25Sep2026 11:21:46.939] [main/DEBUG] [mixin/]: Mixing LivingEntityMixin from tombstone.mixins.json into net.minecraft.world.entity.LivingEntity
[25Sep2026 11:21:46.939] [main/DEBUG] [mixin/]: tombstone.mixins.json:LivingEntityMixin from mod tombstone: Class version 69 required is higher than the class version supported by the current version of Mixin (JAVA_21 supports class version 65)
[25Sep2026 11:21:46.959] [main/DEBUG] [mixin/]: tombstone.mixins.json:LivingEntityMixin from mod tombstone->@Inject::methodCanAttack(Lnet/minecraft/world/entity/LivingEntity;Lorg/spongepowered/asm/mixin/injection/callback/CallbackInfoReturnable;)V does use it's CallbackInfoReturnable
[25Sep2026 11:21:46.960] [main/DEBUG] [mixin/]: tombstone.mixins.json:LivingEntityMixin from mod tombstone->@Inject::methodResolvePlayerResponsibleForDamage(Lnet/minecraft/world/damagesource/DamageSource;Lorg/spongepowered/asm/mixin/injection/callback/CallbackInfoReturnable;)V does use it's CallbackInfoReturnable
[25Sep2026 11:21:46.960] [main/DEBUG] [mixin/]: tombstone.mixins.json:LivingEntityMixin from mod tombstone->@Inject::methodGetDefaultDimensions(Lnet/minecraft/world/entity/Pose;Lorg/spongepowered/asm/mixin/injection/callback/CallbackInfoReturnable;)V does use it's CallbackInfoReturnable
[25Sep2026 11:21:47.018] [main/DEBUG] [mixin/]: Mixing PlayerMixin from travelersbackpack.mixins.json into net.minecraft.world.entity.player.Player
[25Sep2026 11:21:47.019] [main/DEBUG] [mixin/]: travelersbackpack.mixins.json:PlayerMixin from mod travelersbackpack: Class version 69 required is higher than the class version supported by the current version of Mixin (JAVA_21 supports class version 65)
[25Sep2026 11:21:47.019] [main/DEBUG] [mixin/]: Mixing PlayerMixin from playerrevive.mixins.json into net.minecraft.world.entity.player.Player
[25Sep2026 11:21:47.020] [main/DEBUG] [mixin/]: playerrevive.mixins.json:PlayerMixin from mod playerrevive: Class version 69 required is higher than the class version supported by the current version of Mixin (JAVA_17 supports class version 61)
[25Sep2026 11:21:47.023] [main/DEBUG] [mixin/]: travelersbackpack.mixins.json:PlayerMixin from mod travelersbackpack->@Inject::getFlyingSpeed(Lorg/spongepowered/asm/mixin/injection/callback/CallbackInfoReturnable;)V does use it's CallbackInfoReturnable
[25Sep2026 11:21:47.023] [main/DEBUG] [mixin/]: travelersbackpack.mixins.json:PlayerMixin from mod travelersbackpack->@Inject::getFlyingSpeed(Lorg/spongepowered/asm/mixin/injection/callback/CallbackInfoReturnable;)V does use it's CallbackInfoReturnable
[25Sep2026 11:21:47.023] [main/DEBUG] [mixin/]: playerrevive.mixins.json:PlayerMixin from mod playerrevive->@Inject::isBleeding(Lorg/spongepowered/asm/mixin/injection/callback/CallbackInfoReturnable;)V does use it's CallbackInfoReturnable
[25Sep2026 11:21:47.068] [main/DEBUG] [mixin/]: Mixing ServerLevelMixin from tombstone.mixins.json into net.minecraft.server.level.ServerLevel
[25Sep2026 11:21:47.075] [main/DEBUG] [mixin/]: tombstone.mixins.json:ServerLevelMixin from mod tombstone: Class version 69 required is higher than the class version supported by the current version of Mixin (JAVA_21 supports class version 65)
[25Sep2026 11:21:47.075] [main/DEBUG] [mixin/]: Mixing MixinServerLevel from glitchcore.mixins.json into net.minecraft.server.level.ServerLevel
[25Sep2026 11:21:47.075] [main/DEBUG] [mixin/]: glitchcore.mixins.json:MixinServerLevel from mod glitchcore: Class version 69 required is higher than the class version supported by the current version of Mixin (JAVA_17 supports class version 61)
[25Sep2026 11:21:47.076] [main/DEBUG] [mixin/]: Mixing ServerLevelMixin from collective_neoforge.mixins.json into net.minecraft.server.level.ServerLevel
[25Sep2026 11:21:47.077] [main/DEBUG] [mixin/]: tombstone.mixins.json:ServerLevelMixin from mod tombstone->@Inject::onAddEntity(Lnet/minecraft/world/entity/Entity;Lorg/spongepowered/asm/mixin/injection/callback/CallbackInfoReturnable;)V does use it's CallbackInfoReturnable
[25Sep2026 11:21:47.078] [main/DEBUG] [mixin/]: glitchcore.mixins.json:MixinServerLevel from mod glitchcore->@Inject::onAddPlayer(Lnet/minecraft/server/level/ServerPlayer;Lorg/spongepowered/asm/mixin/injection/callback/CallbackInfo;)V doesn't use it's CallbackInfo
[25Sep2026 11:21:47.078] [main/DEBUG] [mixin/]: glitchcore.mixins.json:MixinServerLevel from mod glitchcore->@Inject::onAddPlayer(Lnet/minecraft/server/level/ServerPlayer;Lorg/spongepowered/asm/mixin/injection/callback/CallbackInfo;)V has 0 override(s) in child classes
[25Sep2026 11:21:47.078] [main/DEBUG] [mixin/]: glitchcore.mixins.json:MixinServerLevel from mod glitchcore->@Inject::onAddPlayer(Lnet/minecraft/server/level/ServerPlayer;Lorg/spongepowered/asm/mixin/injection/callback/CallbackInfo;)V won't be passed a CallbackInfo as a result
[25Sep2026 11:21:47.078] [main/DEBUG] [mixin/]: collective_neoforge.mixins.json:ServerLevelMixin from mod collective->@Inject::serverLevel_close(Lorg/spongepowered/asm/mixin/injection/callback/CallbackInfo;)V doesn't use it's CallbackInfo
[25Sep2026 11:21:47.078] [main/DEBUG] [mixin/]: collective_neoforge.mixins.json:ServerLevelMixin from mod collective->@Inject::serverLevel_close(Lorg/spongepowered/asm/mixin/injection/callback/CallbackInfo;)V has 0 override(s) in child classes
[25Sep2026 11:21:47.078] [main/DEBUG] [mixin/]: collective_neoforge.mixins.json:ServerLevelMixin from mod collective->@Inject::serverLevel_close(Lorg/spongepowered/asm/mixin/injection/callback/CallbackInfo;)V won't be passed a CallbackInfo as a result
[25Sep2026 11:21:47.150] [main/DEBUG] [mixin/]: Mixing ShapesMixin from creativecore.mixins.json into net.minecraft.world.phys.shapes.Shapes
[25Sep2026 11:21:47.151] [main/DEBUG] [mixin/]: creativecore.mixins.json:ShapesMixin from mod creativecore: Class version 69 required is higher than the class version supported by the current version of Mixin (JAVA_21 supports class version 65)
[25Sep2026 11:21:47.159] [main/DEBUG] [mixin/]: creativecore.mixins.json:ShapesMixin from mod creativecore->@Inject::joinUnoptimized(Lnet/minecraft/world/phys/shapes/VoxelShape;Lnet/minecraft/world/phys/shapes/VoxelShape;Lnet/minecraft/world/phys/shapes/BooleanOp;Lorg/spongepowered/asm/mixin/injection/callback/CallbackInfoReturnable;)V does use it's CallbackInfoReturnable
[25Sep2026 11:21:47.159] [main/DEBUG] [mixin/]: creativecore.mixins.json:ShapesMixin from mod creativecore->@Inject::joinUnoptimized(Lnet/minecraft/world/phys/shapes/VoxelShape;Lnet/minecraft/world/phys/shapes/VoxelShape;Lnet/minecraft/world/phys/shapes/BooleanOp;Lorg/spongepowered/asm/mixin/injection/callback/CallbackInfoReturnable;)V does use it's CallbackInfoReturnable
[25Sep2026 11:21:47.159] [main/DEBUG] [mixin/]: creativecore.mixins.json:ShapesMixin from mod creativecore->@Inject::joinUnoptimized(Lnet/minecraft/world/phys/shapes/VoxelShape;Lnet/minecraft/world/phys/shapes/VoxelShape;Lnet/minecraft/world/phys/shapes/BooleanOp;Lorg/spongepowered/asm/mixin/injection/callback/CallbackInfoReturnable;)V does use it's CallbackInfoReturnable
[25Sep2026 11:21:47.159] [main/DEBUG] [mixin/]: creativecore.mixins.json:ShapesMixin from mod creativecore->@Inject::joinIsNotEmpty(Lnet/minecraft/world/phys/shapes/VoxelShape;Lnet/minecraft/world/phys/shapes/VoxelShape;Lnet/minecraft/world/phys/shapes/BooleanOp;Lorg/spongepowered/asm/mixin/injection/callback/CallbackInfoReturnable;)V does use it's CallbackInfoReturnable
[25Sep2026 11:21:47.159] [main/DEBUG] [mixin/]: creativecore.mixins.json:ShapesMixin from mod creativecore->@Inject::joinIsNotEmpty(Lnet/minecraft/world/phys/shapes/VoxelShape;Lnet/minecraft/world/phys/shapes/VoxelShape;Lnet/minecraft/world/phys/shapes/BooleanOp;Lorg/spongepowered/asm/mixin/injection/callback/CallbackInfoReturnable;)V does use it's CallbackInfoReturnable
[25Sep2026 11:21:47.159] [main/DEBUG] [mixin/]: creativecore.mixins.json:ShapesMixin from mod creativecore->@Inject::joinIsNotEmpty(Lnet/minecraft/world/phys/shapes/VoxelShape;Lnet/minecraft/world/phys/shapes/VoxelShape;Lnet/minecraft/world/phys/shapes/BooleanOp;Lorg/spongepowered/asm/mixin/injection/callback/CallbackInfoReturnable;)V does use it's CallbackInfoReturnable
[25Sep2026 11:21:47.176] [main/DEBUG] [mixin/]: Mixing VoxelShapeAccessor from creativecore.mixins.json into net.minecraft.world.phys.shapes.VoxelShape
[25Sep2026 11:21:47.176] [main/DEBUG] [mixin/]: creativecore.mixins.json:VoxelShapeAccessor from mod creativecore: Class version 69 required is higher than the class version supported by the current version of Mixin (JAVA_21 supports class version 65)
[25Sep2026 11:21:47.394] [main/DEBUG] [mixin/]: Mixing ChestBlockMixin from tombstone.mixins.json into net.minecraft.world.level.block.ChestBlock
[25Sep2026 11:21:47.400] [main/DEBUG] [mixin/]: tombstone.mixins.json:ChestBlockMixin from mod tombstone: Class version 69 required is higher than the class version supported by the current version of Mixin (JAVA_21 supports class version 65)
[25Sep2026 11:21:47.404] [main/DEBUG] [mixin/]: tombstone.mixins.json:ChestBlockMixin from mod tombstone->@Inject::methodGetTicker(Lnet/minecraft/world/level/Level;Lnet/minecraft/world/level/block/state/BlockState;Lnet/minecraft/world/level/block/entity/BlockEntityType;Lorg/spongepowered/asm/mixin/injection/callback/CallbackInfoReturnable;)V does use it's CallbackInfoReturnable
[25Sep2026 11:21:47.409] [main/DEBUG] [mixin/]: Mixing client.FlowerPotBlockInvoker from journeymap.mixins.json into net.minecraft.world.level.block.FlowerPotBlock
[25Sep2026 11:21:47.410] [main/DEBUG] [mixin/]: journeymap.mixins.json:client.FlowerPotBlockInvoker from mod journeymap: Class version 69 required is higher than the class version supported by the current version of Mixin (JAVA_17 supports class version 61)
[25Sep2026 11:21:47.443] [main/DEBUG] [mixin/]: Mixing StemBlockMixin from balm.mixins.json into net.minecraft.world.level.block.StemBlock
[25Sep2026 11:21:47.444] [main/DEBUG] [mixin/]: balm.mixins.json:StemBlockMixin from mod balm: Class version 69 required is higher than the class version supported by the current version of Mixin (JAVA_17 supports class version 61)
[25Sep2026 11:21:47.446] [main/DEBUG] [mixin/]: balm.mixins.json:StemBlockMixin from mod balm->@Inject::mayPlaceOn(Lnet/minecraft/world/level/block/state/BlockState;Lnet/minecraft/world/level/BlockGetter;Lnet/minecraft/core/BlockPos;Lorg/spongepowered/asm/mixin/injection/callback/CallbackInfoReturnable;)V does use it's CallbackInfoReturnable
[25Sep2026 11:21:47.491] [main/DEBUG] [mixin/]: Mixing EntityTypeMixin from tombstone.mixins.json into net.minecraft.world.entity.EntityType
[25Sep2026 11:21:47.492] [main/DEBUG] [mixin/]: tombstone.mixins.json:EntityTypeMixin from mod tombstone: Class version 69 required is higher than the class version supported by the current version of Mixin (JAVA_21 supports class version 65)
[25Sep2026 11:21:47.493] [main/DEBUG] [mixin/]: tombstone.mixins.json:EntityTypeMixin from mod tombstone->@Inject::methodCanSpawn(Lnet/minecraft/world/level/Level;Lorg/spongepowered/asm/mixin/injection/callback/CallbackInfoReturnable;)V does use it's CallbackInfoReturnable
[25Sep2026 11:21:47.571] [main/DEBUG] [mixin/]: Mixing BlockEntityMixin from collective_neoforge.mixins.json into net.minecraft.world.level.block.entity.BlockEntity
[25Sep2026 11:21:47.574] [main/DEBUG] [mixin/]: collective_neoforge.mixins.json:BlockEntityMixin from mod collective->@Inject::setLevel(Lnet/minecraft/world/level/Level;Lorg/spongepowered/asm/mixin/injection/callback/CallbackInfo;)V doesn't use it's CallbackInfo
[25Sep2026 11:21:47.574] [main/DEBUG] [mixin/]: collective_neoforge.mixins.json:BlockEntityMixin from mod collective->@Inject::setLevel(Lnet/minecraft/world/level/Level;Lorg/spongepowered/asm/mixin/injection/callback/CallbackInfo;)V has 0 override(s) in child classes
[25Sep2026 11:21:47.574] [main/DEBUG] [mixin/]: collective_neoforge.mixins.json:BlockEntityMixin from mod collective->@Inject::setLevel(Lnet/minecraft/world/level/Level;Lorg/spongepowered/asm/mixin/injection/callback/CallbackInfo;)V won't be passed a CallbackInfo as a result
[25Sep2026 11:21:47.574] [main/DEBUG] [mixin/]: collective_neoforge.mixins.json:BlockEntityMixin from mod collective->@Inject::setRemoved(Lorg/spongepowered/asm/mixin/injection/callback/CallbackInfo;)V doesn't use it's CallbackInfo
[25Sep2026 11:21:47.574] [main/DEBUG] [mixin/]: collective_neoforge.mixins.json:BlockEntityMixin from mod collective->@Inject::setRemoved(Lorg/spongepowered/asm/mixin/injection/callback/CallbackInfo;)V has 0 override(s) in child classes
[25Sep2026 11:21:47.574] [main/DEBUG] [mixin/]: collective_neoforge.mixins.json:BlockEntityMixin from mod collective->@Inject::setRemoved(Lorg/spongepowered/asm/mixin/injection/callback/CallbackInfo;)V won't be passed a CallbackInfo as a result
[25Sep2026 11:21:47.578] [main/DEBUG] [mixin/]: Mixing BrushableBlockEntityMixin from tombstone.mixins.json into net.minecraft.world.level.block.entity.BrushableBlockEntity
[25Sep2026 11:21:47.578] [main/DEBUG] [mixin/]: tombstone.mixins.json:BrushableBlockEntityMixin from mod tombstone: Class version 69 required is higher than the class version supported by the current version of Mixin (JAVA_21 supports class version 65)
[25Sep2026 11:21:47.579] [main/DEBUG] [mixin/]: tombstone.mixins.json:BrushableBlockEntityMixin from mod tombstone->@Inject::methodUnpackLootTable(Lnet/minecraft/server/level/ServerLevel;Lnet/minecraft/world/entity/LivingEntity;Lnet/minecraft/world/item/ItemInstance;Lorg/spongepowered/asm/mixin/injection/callback/CallbackInfo;)V does use it's CallbackInfo
[25Sep2026 11:21:47.803] [main/DEBUG] [mixin/]: Mixing MobMixin from tombstone.mixins.json into net.minecraft.world.entity.Mob
[25Sep2026 11:21:47.803] [main/DEBUG] [mixin/]: tombstone.mixins.json:MobMixin from mod tombstone: Class version 69 required is higher than the class version supported by the current version of Mixin (JAVA_21 supports class version 65)
[25Sep2026 11:21:47.804] [main/DEBUG] [mixin/]: Renaming synthetic method lambda$methodSetTarget$0(Lnet/minecraft/world/entity/LivingEntity;Lnet/minecraft/world/entity/EntityReference;)Ljava/lang/Boolean; to mda57a1a$tombstone$lambda$methodSetTarget$0$0 in tombstone.mixins.json:MobMixin from mod tombstone
[25Sep2026 11:21:47.806] [main/DEBUG] [mixin/]: tombstone.mixins.json:MobMixin from mod tombstone->@Inject::methodIsSunBurnTick(Lorg/spongepowered/asm/mixin/injection/callback/CallbackInfoReturnable;)V does use it's CallbackInfoReturnable
[25Sep2026 11:21:47.806] [main/DEBUG] [mixin/]: tombstone.mixins.json:MobMixin from mod tombstone->@Inject::methodCheckDespawn(Lorg/spongepowered/asm/mixin/injection/callback/CallbackInfo;)V does use it's CallbackInfo
[25Sep2026 11:21:47.806] [main/DEBUG] [mixin/]: tombstone.mixins.json:MobMixin from mod tombstone->@Inject::methodTick(Lorg/spongepowered/asm/mixin/injection/callback/CallbackInfo;)V doesn't use it's CallbackInfo
[25Sep2026 11:21:47.806] [main/DEBUG] [mixin/]: tombstone.mixins.json:MobMixin from mod tombstone->@Inject::methodTick(Lorg/spongepowered/asm/mixin/injection/callback/CallbackInfo;)V has 0 override(s) in child classes
[25Sep2026 11:21:47.806] [main/DEBUG] [mixin/]: tombstone.mixins.json:MobMixin from mod tombstone->@Inject::methodTick(Lorg/spongepowered/asm/mixin/injection/callback/CallbackInfo;)V won't be passed a CallbackInfo as a result
[25Sep2026 11:21:47.806] [main/DEBUG] [mixin/]: tombstone.mixins.json:MobMixin from mod tombstone->@Inject::methodCanBeLeashed(Lorg/spongepowered/asm/mixin/injection/callback/CallbackInfoReturnable;)V does use it's CallbackInfoReturnable
[25Sep2026 11:21:47.806] [main/DEBUG] [mixin/]: tombstone.mixins.json:MobMixin from mod tombstone->@Inject::methodSetTarget(Lnet/minecraft/world/entity/LivingEntity;Lorg/spongepowered/asm/mixin/injection/callback/CallbackInfo;)V does use it's CallbackInfo
[25Sep2026 11:21:47.816] [main/DEBUG] [mixin/]: Mixing MonsterMixin from tombstone.mixins.json into net.minecraft.world.entity.monster.Monster
[25Sep2026 11:21:47.817] [main/DEBUG] [mixin/]: tombstone.mixins.json:MonsterMixin from mod tombstone: Class version 69 required is higher than the class version supported by the current version of Mixin (JAVA_21 supports class version 65)
[25Sep2026 11:21:47.818] [main/DEBUG] [mixin/]: tombstone.mixins.json:MonsterMixin from mod tombstone->@Inject::methodIsPreventingPlayerRest(Lnet/minecraft/server/level/ServerLevel;Lnet/minecraft/world/entity/player/Player;Lorg/spongepowered/asm/mixin/injection/callback/CallbackInfoReturnable;)V does use it's CallbackInfoReturnable
[25Sep2026 11:21:47.818] [main/DEBUG] [mixin/]: tombstone.mixins.json:MonsterMixin from mod tombstone->@Inject::methodGetWalkTargetValue(Lnet/minecraft/core/BlockPos;Lnet/minecraft/world/level/LevelReader;Lorg/spongepowered/asm/mixin/injection/callback/CallbackInfoReturnable;)V does use it's CallbackInfoReturnable
[25Sep2026 11:21:47.884] [main/DEBUG] [mixin/]: Mixing BlockEntityTypeAccessor from neoforge.mixins.json into net.minecraft.world.level.block.entity.BlockEntityType
[25Sep2026 11:21:47.917] [main/DEBUG] [mixin/]: Mixing AbstractContainerMenuMixin from travelersbackpack.mixins.json into net.minecraft.world.inventory.AbstractContainerMenu
[25Sep2026 11:21:47.917] [main/DEBUG] [mixin/]: travelersbackpack.mixins.json:AbstractContainerMenuMixin from mod travelersbackpack: Class version 69 required is higher than the class version supported by the current version of Mixin (JAVA_21 supports class version 65)
[25Sep2026 11:21:47.925] [main/DEBUG] [mixin/]: Mixing CropBlockMixin from balm.mixins.json into net.minecraft.world.level.block.CropBlock
[25Sep2026 11:21:47.925] [main/DEBUG] [mixin/]: balm.mixins.json:CropBlockMixin from mod balm: Class version 69 required is higher than the class version supported by the current version of Mixin (JAVA_17 supports class version 61)
[25Sep2026 11:21:47.926] [main/DEBUG] [mixin/]: balm.mixins.json:CropBlockMixin from mod balm->@Inject::mayPlaceOn(Lnet/minecraft/world/level/block/state/BlockState;Lnet/minecraft/world/level/BlockGetter;Lnet/minecraft/core/BlockPos;Lorg/spongepowered/asm/mixin/injection/callback/CallbackInfoReturnable;)V does use it's CallbackInfoReturnable
[25Sep2026 11:21:48.953] [main/DEBUG] [mixin/]: Mixing ItemStackMixin from travelersbackpack.mixins.json into net.minecraft.world.item.ItemStack
[25Sep2026 11:21:48.955] [main/DEBUG] [mixin/]: travelersbackpack.mixins.json:ItemStackMixin from mod travelersbackpack: Class version 69 required is higher than the class version supported by the current version of Mixin (JAVA_21 supports class version 65)
[25Sep2026 11:21:48.955] [main/DEBUG] [mixin/]: Mixing MixinItemStack from glitchcore.mixins.json into net.minecraft.world.item.ItemStack
[25Sep2026 11:21:48.955] [main/DEBUG] [mixin/]: glitchcore.mixins.json:MixinItemStack from mod glitchcore: Class version 69 required is higher than the class version supported by the current version of Mixin (JAVA_17 supports class version 61)
[25Sep2026 11:21:48.958] [main/DEBUG] [mixin/]: travelersbackpack.mixins.json:ItemStackMixin from mod travelersbackpack->@Inject::afterOverrideOtherStackedOnMe(Lnet/minecraft/world/item/ItemStack;Lnet/minecraft/world/inventory/Slot;Lnet/minecraft/world/inventory/ClickAction;Lnet/minecraft/world/entity/player/Player;Lnet/minecraft/world/entity/SlotAccess;Lorg/spongepowered/asm/mixin/injection/callback/CallbackInfoReturnable;)V does use it's CallbackInfoReturnable
[25Sep2026 11:21:48.959] [main/DEBUG] [mixin/]: glitchcore.mixins.json:MixinItemStack from mod glitchcore->@Inject::onUse(Lnet/minecraft/world/level/Level;Lnet/minecraft/world/entity/player/Player;Lnet/minecraft/world/InteractionHand;Lorg/spongepowered/asm/mixin/injection/callback/CallbackInfoReturnable;)V does use it's CallbackInfoReturnable
[25Sep2026 11:21:48.959] [main/DEBUG] [mixin/]: glitchcore.mixins.json:MixinItemStack from mod glitchcore->@Inject::onFinishUsingItemBegin(Lnet/minecraft/world/level/Level;Lnet/minecraft/world/entity/LivingEntity;Lorg/spongepowered/asm/mixin/injection/callback/CallbackInfoReturnable;)V doesn't use it's CallbackInfoReturnable
[25Sep2026 11:21:48.959] [main/DEBUG] [mixin/]: glitchcore.mixins.json:MixinItemStack from mod glitchcore->@Inject::onFinishUsingItem(Lnet/minecraft/world/level/Level;Lnet/minecraft/world/entity/LivingEntity;Lorg/spongepowered/asm/mixin/injection/callback/CallbackInfoReturnable;)V does use it's CallbackInfoReturnable
[25Sep2026 11:21:48.966] [main/DEBUG] [mixin/]: Mixing ItemStackExtensionMixin from tombstone.mixins.json into net.neoforged.neoforge.common.extensions.IItemStackExtension
[25Sep2026 11:21:48.966] [main/DEBUG] [mixin/]: tombstone.mixins.json:ItemStackExtensionMixin from mod tombstone: Class version 69 required is higher than the class version supported by the current version of Mixin (JAVA_21 supports class version 65)
[25Sep2026 11:21:48.969] [main/DEBUG] [mixin/]: tombstone.mixins.json:ItemStackExtensionMixin from mod tombstone->@Inject::methodIsPrimaryItemFor(Lnet/minecraft/core/Holder;Lorg/spongepowered/asm/mixin/injection/callback/CallbackInfoReturnable;)V does use it's CallbackInfoReturnable
[25Sep2026 11:21:48.969] [main/DEBUG] [mixin/]: tombstone.mixins.json:ItemStackExtensionMixin from mod tombstone->@Inject::methodSupportsEnchantment(Lnet/minecraft/core/Holder;Lorg/spongepowered/asm/mixin/injection/callback/CallbackInfoReturnable;)V does use it's CallbackInfoReturnable
[25Sep2026 11:21:48.976] [main/DEBUG] [mixin/]: Mixing MixinServerPlayer from glitchcore.neoforge.mixins.json into net.minecraft.server.level.ServerPlayer
[25Sep2026 11:21:48.977] [main/DEBUG] [mixin/]: glitchcore.neoforge.mixins.json:MixinServerPlayer from mod glitchcore: Class version 69 required is higher than the class version supported by the current version of Mixin (JAVA_17 supports class version 61)
[25Sep2026 11:21:48.977] [main/DEBUG] [mixin/]: Mixing ServerPlayerMixin from playerrevive.mixins.json into net.minecraft.server.level.ServerPlayer
[25Sep2026 11:21:48.977] [main/DEBUG] [mixin/]: playerrevive.mixins.json:ServerPlayerMixin from mod playerrevive: Class version 69 required is higher than the class version supported by the current version of Mixin (JAVA_17 supports class version 61)
[25Sep2026 11:21:48.978] [main/DEBUG] [mixin/]: Mixing ServerPlayerMixin from collective_neoforge.mixins.json into net.minecraft.server.level.ServerPlayer
[25Sep2026 11:21:48.978] [main/DEBUG] [mixin/]: Mixing ServerPlayerMixin from tombstone.mixins.json into net.minecraft.server.level.ServerPlayer
[25Sep2026 11:21:48.978] [main/DEBUG] [mixin/]: tombstone.mixins.json:ServerPlayerMixin from mod tombstone: Class version 69 required is higher than the class version supported by the current version of Mixin (JAVA_21 supports class version 65)
[25Sep2026 11:21:48.981] [main/DEBUG] [mixin/]: glitchcore.neoforge.mixins.json:MixinServerPlayer from mod glitchcore->@Inject::onTeleport(Lnet/minecraft/world/level/portal/TeleportTransition;Lorg/spongepowered/asm/mixin/injection/callback/CallbackInfoReturnable;)V doesn't use it's CallbackInfoReturnable
[25Sep2026 11:21:48.981] [main/DEBUG] [mixin/]: glitchcore.neoforge.mixins.json:MixinServerPlayer from mod glitchcore->@Inject::onTeleport(Lnet/minecraft/world/level/portal/TeleportTransition;Lorg/spongepowered/asm/mixin/injection/callback/CallbackInfoReturnable;)V has 0 override(s) in child classes
[25Sep2026 11:21:48.981] [main/DEBUG] [mixin/]: glitchcore.neoforge.mixins.json:MixinServerPlayer from mod glitchcore->@Inject::onTeleport(Lnet/minecraft/world/level/portal/TeleportTransition;Lorg/spongepowered/asm/mixin/injection/callback/CallbackInfoReturnable;)V won't be passed a CallbackInfoReturnable as a result
[25Sep2026 11:21:48.981] [main/DEBUG] [mixin/]: playerrevive.mixins.json:ServerPlayerMixin from mod playerrevive->@Inject::getPermissionLevel(Lorg/spongepowered/asm/mixin/injection/callback/CallbackInfoReturnable;)V does use it's CallbackInfoReturnable
[25Sep2026 11:21:48.981] [main/DEBUG] [mixin/]: collective_neoforge.mixins.json:ServerPlayerMixin from mod collective->@Inject::ServerPlayer_restoreFrom(Lnet/minecraft/server/level/ServerPlayer;ZLorg/spongepowered/asm/mixin/injection/callback/CallbackInfo;)V doesn't use it's CallbackInfo
[25Sep2026 11:21:48.981] [main/DEBUG] [mixin/]: collective_neoforge.mixins.json:ServerPlayerMixin from mod collective->@Inject::ServerPlayer_restoreFrom(Lnet/minecraft/server/level/ServerPlayer;ZLorg/spongepowered/asm/mixin/injection/callback/CallbackInfo;)V has 0 override(s) in child classes
[25Sep2026 11:21:48.981] [main/DEBUG] [mixin/]: collective_neoforge.mixins.json:ServerPlayerMixin from mod collective->@Inject::ServerPlayer_restoreFrom(Lnet/minecraft/server/level/ServerPlayer;ZLorg/spongepowered/asm/mixin/injection/callback/CallbackInfo;)V won't be passed a CallbackInfo as a result
[25Sep2026 11:21:48.981] [main/DEBUG] [mixin/]: tombstone.mixins.json:ServerPlayerMixin from mod tombstone->@Inject::methodMayInteract(Lnet/minecraft/server/level/ServerLevel;Lnet/minecraft/core/BlockPos;Lorg/spongepowered/asm/mixin/injection/callback/CallbackInfoReturnable;)V does use it's CallbackInfoReturnable
[25Sep2026 11:21:48.981] [main/DEBUG] [mixin/]: tombstone.mixins.json:ServerPlayerMixin from mod tombstone->@Inject::methodGiveExperiencePoints(ILorg/spongepowered/asm/mixin/injection/callback/CallbackInfo;)V does use it's CallbackInfo
[25Sep2026 11:21:49.652] [main/DEBUG] [mixin/]: Mixing ItemMixin from tombstone.mixins.json into net.minecraft.world.item.Item
[25Sep2026 11:21:49.653] [main/DEBUG] [mixin/]: tombstone.mixins.json:ItemMixin from mod tombstone: Class version 69 required is higher than the class version supported by the current version of Mixin (JAVA_21 supports class version 65)
[25Sep2026 11:21:49.654] [main/DEBUG] [mixin/]: tombstone.mixins.json:ItemMixin from mod tombstone->@Inject::methodGetItemDamageSource(Lnet/minecraft/world/entity/LivingEntity;Lorg/spongepowered/asm/mixin/injection/callback/CallbackInfoReturnable;)V does use it's CallbackInfoReturnable
[25Sep2026 11:21:49.966] [main/DEBUG] [mixin/]: Mixing PotionContentsMixin from tombstone.mixins.json into net.minecraft.world.item.alchemy.PotionContents
[25Sep2026 11:21:49.966] [main/DEBUG] [mixin/]: tombstone.mixins.json:PotionContentsMixin from mod tombstone: Class version 69 required is higher than the class version supported by the current version of Mixin (JAVA_21 supports class version 65)
[25Sep2026 11:21:49.966] [main/DEBUG] [mixin/]: Renaming synthetic method lambda$methodAddToTooltip$0(Ljava/util/function/Consumer;Lnet/minecraft/core/component/DataComponentGetter;Lnet/minecraft/world/item/Item$TooltipContext;Lorg/spongepowered/asm/mixin/injection/callback/CallbackInfo;Lnet/minecraft/world/entity/player/Player;)V to mda57a1a$tombstone$lambda$methodAddToTooltip$0$0 in tombstone.mixins.json:PotionContentsMixin from mod tombstone
[25Sep2026 11:21:49.967] [main/DEBUG] [mixin/]: Renaming synthetic method lambda$methodOnConsume$0(Lnet/minecraft/server/level/ServerLevel;Lnet/minecraft/server/level/ServerPlayer;Lnet/minecraft/world/entity/LivingEntity;FLnet/minecraft/world/effect/MobEffectInstance;)V to mda57a1a$tombstone$lambda$methodOnConsume$0$1 in tombstone.mixins.json:PotionContentsMixin from mod tombstone
[25Sep2026 11:21:49.967] [main/DEBUG] [mixin/]: Renaming synthetic method lambda$methodOnConsume$1(FLnet/minecraft/world/effect/MobEffectInstance;)Ljava/lang/Integer; to mda57a1a$tombstone$lambda$methodOnConsume$1$2 in tombstone.mixins.json:PotionContentsMixin from mod tombstone
[25Sep2026 11:21:49.969] [main/DEBUG] [mixin/]: tombstone.mixins.json:PotionContentsMixin from mod tombstone->@Inject::methodOnConsume(Lnet/minecraft/world/level/Level;Lnet/minecraft/world/entity/LivingEntity;Lnet/minecraft/world/item/ItemStack;Lnet/minecraft/world/item/component/Consumable;Lorg/spongepowered/asm/mixin/injection/callback/CallbackInfo;)V does use it's CallbackInfo
[25Sep2026 11:21:49.969] [main/DEBUG] [mixin/]: tombstone.mixins.json:PotionContentsMixin from mod tombstone->@Inject::methodAddToTooltip(Lnet/minecraft/world/item/Item$TooltipContext;Ljava/util/function/Consumer;Lnet/minecraft/world/item/TooltipFlag;Lnet/minecraft/core/component/DataComponentGetter;Lorg/spongepowered/asm/mixin/injection/callback/CallbackInfo;)V does use it's CallbackInfo
[25Sep2026 11:21:50.010] [main/DEBUG] [mixin/]: Mixing LevelChunkMixin from tombstone.mixins.json into net.minecraft.world.level.chunk.LevelChunk
[25Sep2026 11:21:50.012] [main/DEBUG] [mixin/]: tombstone.mixins.json:LevelChunkMixin from mod tombstone: Class version 69 required is higher than the class version supported by the current version of Mixin (JAVA_21 supports class version 65)
[25Sep2026 11:21:50.012] [main/DEBUG] [mixin/]: Renaming synthetic method lambda$methodSetBlockState$0(Lnet/minecraft/world/level/Level;Lnet/minecraft/core/BlockPos;Lnet/minecraft/world/level/block/state/BlockState;Lnet/minecraft/world/level/block/state/BlockState;Lnet/minecraft/world/level/block/entity/BlockEntity;)V to mda57a1a$tombstone$lambda$methodSetBlockState$0$0 in tombstone.mixins.json:LevelChunkMixin from mod tombstone
[25Sep2026 11:21:50.012] [main/DEBUG] [mixin/]: Renaming synthetic method lambda$methodSetBlockState$1(Lnet/minecraft/world/level/Level;Lnet/minecraft/core/BlockPos;Lnet/minecraft/world/level/block/state/BlockState;Lnet/minecraft/nbt/CompoundTag;Lnet/minecraft/world/level/block/state/BlockState;)V to mda57a1a$tombstone$lambda$methodSetBlockState$1$1 in tombstone.mixins.json:LevelChunkMixin from mod tombstone
[25Sep2026 11:21:50.012] [main/DEBUG] [mixin/]: Renaming synthetic method lambda$methodSetBlockState$2(Lnet/minecraft/nbt/CompoundTag;Lnet/minecraft/world/level/Level;Lnet/minecraft/core/BlockPos;Lnet/minecraft/world/level/block/state/BlockState;Lnet/minecraft/world/level/block/state/BlockState;Lnet/minecraft/world/level/block/entity/BlockEntity;)V to mda57a1a$tombstone$lambda$methodSetBlockState$2$2 in tombstone.mixins.json:LevelChunkMixin from mod tombstone
[25Sep2026 11:21:50.014] [main/DEBUG] [mixin/]: tombstone.mixins.json:LevelChunkMixin from mod tombstone->@Inject::methodSetBlockState(Lnet/minecraft/core/BlockPos;Lnet/minecraft/world/level/block/state/BlockState;ILorg/spongepowered/asm/mixin/injection/callback/CallbackInfoReturnable;)V doesn't use it's CallbackInfoReturnable
[25Sep2026 11:21:50.014] [main/DEBUG] [mixin/]: tombstone.mixins.json:LevelChunkMixin from mod tombstone->@Inject::methodSetBlockState(Lnet/minecraft/core/BlockPos;Lnet/minecraft/world/level/block/state/BlockState;ILorg/spongepowered/asm/mixin/injection/callback/CallbackInfoReturnable;)V has 0 override(s) in child classes
[25Sep2026 11:21:50.014] [main/DEBUG] [mixin/]: tombstone.mixins.json:LevelChunkMixin from mod tombstone->@Inject::methodSetBlockState(Lnet/minecraft/core/BlockPos;Lnet/minecraft/world/level/block/state/BlockState;ILorg/spongepowered/asm/mixin/injection/callback/CallbackInfoReturnable;)V won't be passed a CallbackInfoReturnable as a result
[25Sep2026 11:21:50.060] [main/DEBUG] [mixin/]: Mixing resources.LootContextAccessor from repurposed_structures-common.mixins.json into net.minecraft.world.level.storage.loot.LootContext
[25Sep2026 11:21:50.830] [main/DEBUG] [mixin/]: Mixing entities.BlockAttachedEntityMixin from repurposed_structures-common.mixins.json into net.minecraft.world.entity.decoration.BlockAttachedEntity
[25Sep2026 11:21:50.946] [main/DEBUG] [mixin/]: Mixing accessor.VillagerAccessor from tombstone.mixins.json into net.minecraft.world.entity.npc.villager.Villager
[25Sep2026 11:21:50.948] [main/DEBUG] [mixin/]: tombstone.mixins.json:accessor.VillagerAccessor from mod tombstone: Class version 69 required is higher than the class version supported by the current version of Mixin (JAVA_21 supports class version 65)
[25Sep2026 11:21:51.095] [main/DEBUG] [mixin/]: Mixing CombatTrackerAccessor from playerrevive.mixins.json into net.minecraft.world.damagesource.CombatTracker
[25Sep2026 11:21:51.095] [main/DEBUG] [mixin/]: playerrevive.mixins.json:CombatTrackerAccessor from mod playerrevive: Class version 69 required is higher than the class version supported by the current version of Mixin (JAVA_17 supports class version 61)
[25Sep2026 11:21:51.101] [main/DEBUG] [mixin/]: Mixing BrainMixin from tombstone.mixins.json into net.minecraft.world.entity.ai.Brain
[25Sep2026 11:21:51.101] [main/DEBUG] [mixin/]: tombstone.mixins.json:BrainMixin from mod tombstone: Class version 69 required is higher than the class version supported by the current version of Mixin (JAVA_21 supports class version 65)
[25Sep2026 11:21:51.102] [main/DEBUG] [mixin/]: tombstone.mixins.json:BrainMixin from mod tombstone->@Inject::methodTick(Lnet/minecraft/server/level/ServerLevel;Lnet/minecraft/world/entity/LivingEntity;Lorg/spongepowered/asm/mixin/injection/callback/CallbackInfo;)V does use it's CallbackInfo
[25Sep2026 11:21:51.164] [main/DEBUG] [mixin/]: Mixing entities.ShulkerEntityInvoker from repurposed_structures-common.mixins.json into net.minecraft.world.entity.monster.Shulker
[25Sep2026 11:21:51.184] [main/DEBUG] [mixin/]: Mixing BaseSpawnerMixin from collective_neoforge.mixins.json into net.minecraft.world.level.BaseSpawner
[25Sep2026 11:21:51.187] [main/DEBUG] [mixin/]: collective_neoforge.mixins.json:BaseSpawnerMixin from mod collective->@Inject::BaseSpawner_serverTick(Lnet/minecraft/server/level/ServerLevel;Lnet/minecraft/core/BlockPos;Lorg/spongepowered/asm/mixin/injection/callback/CallbackInfo;ZLnet/minecraft/util/RandomSource;Lnet/minecraft/world/level/SpawnData;ILnet/minecraft/util/ProblemReporter$ScopedCollector;Lnet/minecraft/world/level/storage/ValueInput;Ljava/util/Optional;Lnet/minecraft/world/phys/Vec3;Lnet/minecraft/core/BlockPos;Lnet/minecraft/world/entity/Entity;)V doesn't use it's CallbackInfo
[25Sep2026 11:21:51.187] [main/DEBUG] [mixin/]: collective_neoforge.mixins.json:BaseSpawnerMixin from mod collective->@Inject::BaseSpawner_serverTick(Lnet/minecraft/server/level/ServerLevel;Lnet/minecraft/core/BlockPos;Lorg/spongepowered/asm/mixin/injection/callback/CallbackInfo;ZLnet/minecraft/util/RandomSource;Lnet/minecraft/world/level/SpawnData;ILnet/minecraft/util/ProblemReporter$ScopedCollector;Lnet/minecraft/world/level/storage/ValueInput;Ljava/util/Optional;Lnet/minecraft/world/phys/Vec3;Lnet/minecraft/core/BlockPos;Lnet/minecraft/world/entity/Entity;)V has 0 override(s) in child classes
[25Sep2026 11:21:51.187] [main/DEBUG] [mixin/]: collective_neoforge.mixins.json:BaseSpawnerMixin from mod collective->@Inject::BaseSpawner_serverTick(Lnet/minecraft/server/level/ServerLevel;Lnet/minecraft/core/BlockPos;Lorg/spongepowered/asm/mixin/injection/callback/CallbackInfo;ZLnet/minecraft/util/RandomSource;Lnet/minecraft/world/level/SpawnData;ILnet/minecraft/util/ProblemReporter$ScopedCollector;Lnet/minecraft/world/level/storage/ValueInput;Ljava/util/Optional;Lnet/minecraft/world/phys/Vec3;Lnet/minecraft/core/BlockPos;Lnet/minecraft/world/entity/Entity;)V won't be passed a CallbackInfo as a result
[25Sep2026 11:21:51.295] [main/DEBUG] [mixin/]: Mixing BoneMealItemMixin from collective_neoforge.mixins.json into net.minecraft.world.item.BoneMealItem
[25Sep2026 11:21:51.296] [main/DEBUG] [mixin/]: collective_neoforge.mixins.json:BoneMealItemMixin from mod collective->@Inject::BoneMealItem_useOn(Lnet/minecraft/world/item/context/UseOnContext;Lorg/spongepowered/asm/mixin/injection/callback/CallbackInfoReturnable;)V does use it's CallbackInfoReturnable
[25Sep2026 11:21:51.296] [main/DEBUG] [mixin/]: collective_neoforge.mixins.json:BoneMealItemMixin from mod collective->@Inject::growCrop(Lnet/minecraft/world/item/ItemStack;Lnet/minecraft/world/level/Level;Lnet/minecraft/core/BlockPos;Lorg/spongepowered/asm/mixin/injection/callback/CallbackInfoReturnable;)V doesn't use it's CallbackInfoReturnable
[25Sep2026 11:21:51.319] [main/DEBUG] [mixin/]: Mixing TippedArrowItemMixin from tombstone.mixins.json into net.minecraft.world.item.TippedArrowItem
[25Sep2026 11:21:51.320] [main/DEBUG] [mixin/]: tombstone.mixins.json:TippedArrowItemMixin from mod tombstone: Class version 69 required is higher than the class version supported by the current version of Mixin (JAVA_21 supports class version 65)
[25Sep2026 11:21:51.321] [main/DEBUG] [mixin/]: tombstone.mixins.json:TippedArrowItemMixin from mod tombstone->@Inject::methodGetName(Lnet/minecraft/world/item/ItemStack;Lorg/spongepowered/asm/mixin/injection/callback/CallbackInfoReturnable;)V does use it's CallbackInfoReturnable
[25Sep2026 11:21:52.052] [main/DEBUG] [mixin/]: Mixing SlotAccessor from balm.api.mixins.json into net.minecraft.world.inventory.Slot
[25Sep2026 11:21:52.052] [main/DEBUG] [mixin/]: balm.api.mixins.json:SlotAccessor from mod balm: Class version 69 required is higher than the class version supported by the current version of Mixin (JAVA_17 supports class version 61)
[25Sep2026 11:21:52.564] [main/DEBUG] [mixin/]: Mixing features.LessJungleBushInStructuresMixin from repurposed_structures-common.mixins.json into net.minecraft.world.level.levelgen.feature.TreeFeature
[25Sep2026 11:21:52.565] [main/DEBUG] [mixin/]: Renaming synthetic method lambda$repurposedstructures_lessJungleBushInStructures$0(Lnet/minecraft/core/Registry;Lnet/minecraft/world/level/levelgen/structure/Structure;)Z to mda57a1a$repurposed_structures$lambda$repurposedstructures_lessJungleBushInStructures$0$0 in repurposed_structures-common.mixins.json:features.LessJungleBushInStructuresMixin from mod repurposed_structures
[25Sep2026 11:21:52.567] [main/DEBUG] [mixin/]: repurposed_structures-common.mixins.json:features.LessJungleBushInStructuresMixin from mod repurposed_structures->@Inject::repurposedstructures_lessJungleBushInStructures(Lnet/minecraft/world/level/levelgen/feature/FeaturePlaceContext;Lorg/spongepowered/asm/mixin/injection/callback/CallbackInfoReturnable;)V does use it's CallbackInfoReturnable
[25Sep2026 11:21:52.569] [main/DEBUG] [mixin/]: Mixing features.NoFallsInStructuresMixin from repurposed_structures-common.mixins.json into net.minecraft.world.level.levelgen.feature.SpringFeature
[25Sep2026 11:21:52.569] [main/DEBUG] [mixin/]: Renaming synthetic method lambda$repurposedstructures_noLavaInStructures$1(Lnet/minecraft/core/Registry;Lnet/minecraft/world/level/levelgen/structure/Structure;)Z to mda57a1a$repurposed_structures$lambda$repurposedstructures_noLavaInStructures$1$0 in repurposed_structures-common.mixins.json:features.NoFallsInStructuresMixin from mod repurposed_structures
[25Sep2026 11:21:52.570] [main/DEBUG] [mixin/]: Renaming synthetic method lambda$repurposedstructures_noLavaInStructures$0(Lnet/minecraft/core/Registry;Lnet/minecraft/world/level/levelgen/structure/Structure;)Z to mda57a1a$repurposed_structures$lambda$repurposedstructures_noLavaInStructures$0$1 in repurposed_structures-common.mixins.json:features.NoFallsInStructuresMixin from mod repurposed_structures
[25Sep2026 11:21:52.570] [main/DEBUG] [mixin/]: repurposed_structures-common.mixins.json:features.NoFallsInStructuresMixin from mod repurposed_structures->@Inject::repurposedstructures_noLavaInStructures(Lnet/minecraft/world/level/levelgen/feature/FeaturePlaceContext;Lorg/spongepowered/asm/mixin/injection/callback/CallbackInfoReturnable;)V does use it's CallbackInfoReturnable
[25Sep2026 11:21:52.575] [main/DEBUG] [mixin/]: Mixing features.SmarterSnowPlacingInStructuresMixin from repurposed_structures-common.mixins.json into net.minecraft.world.level.levelgen.feature.SnowAndFreezeFeature
[25Sep2026 11:21:52.575] [main/DEBUG] [mixin/]: Renaming synthetic method lambda$repurposedstructures_smarterSnowPlacingInStructures$0(Lnet/minecraft/core/Registry;Lnet/minecraft/world/level/levelgen/structure/Structure;)Z to mda57a1a$repurposed_structures$lambda$repurposedstructures_smarterSnowPlacingInStructures$0$0 in repurposed_structures-common.mixins.json:features.SmarterSnowPlacingInStructuresMixin from mod repurposed_structures
[25Sep2026 11:21:52.577] [main/DEBUG] [mixin/]: Mixing features.NoVinesInStructuresMixin from repurposed_structures-common.mixins.json into net.minecraft.world.level.levelgen.feature.VinesFeature
[25Sep2026 11:21:52.577] [main/DEBUG] [mixin/]: Renaming synthetic method lambda$repurposedstructures_noLavaInStructures$0(Lnet/minecraft/core/Registry;Lnet/minecraft/world/level/levelgen/structure/Structure;)Z to mda57a1a$repurposed_structures$lambda$repurposedstructures_noLavaInStructures$0$0 in repurposed_structures-common.mixins.json:features.NoVinesInStructuresMixin from mod repurposed_structures
[25Sep2026 11:21:52.578] [main/DEBUG] [mixin/]: repurposed_structures-common.mixins.json:features.NoVinesInStructuresMixin from mod repurposed_structures->@Inject::repurposedstructures_noLavaInStructures(Lnet/minecraft/world/level/levelgen/feature/FeaturePlaceContext;Lorg/spongepowered/asm/mixin/injection/callback/CallbackInfoReturnable;)V does use it's CallbackInfoReturnable
[25Sep2026 11:21:52.581] [main/DEBUG] [mixin/]: Mixing features.DungeonFeatureAccessor from repurposed_structures-common.mixins.json into net.minecraft.world.level.levelgen.feature.MonsterRoomFeature
[25Sep2026 11:21:52.581] [main/DEBUG] [mixin/]: Renaming @Accessor method repurposedstructures$getMOBS()[Lnet/minecraft/world/entity/EntityType; to repurposedstructures$getMOBS$repurposed_structures_$md$a57a1a$0 in repurposed_structures-common.mixins.json:features.DungeonFeatureAccessor from mod repurposed_structures
[25Sep2026 11:21:52.584] [main/DEBUG] [mixin/]: Mixing features.NoLakesInStructuresMixin from repurposed_structures-common.mixins.json into net.minecraft.world.level.levelgen.feature.LakeFeature
[25Sep2026 11:21:52.585] [main/DEBUG] [mixin/]: Renaming synthetic method lambda$repurposedstructures_noLakesInStructures$0(Lnet/minecraft/core/Registry;Lnet/minecraft/world/level/levelgen/structure/Structure;)Z to mda57a1a$repurposed_structures$lambda$repurposedstructures_noLakesInStructures$0$0 in repurposed_structures-common.mixins.json:features.NoLakesInStructuresMixin from mod repurposed_structures
[25Sep2026 11:21:52.585] [main/DEBUG] [mixin/]: repurposed_structures-common.mixins.json:features.NoLakesInStructuresMixin from mod repurposed_structures->@Inject::repurposedstructures_noLakesInStructures(Lnet/minecraft/world/level/levelgen/feature/FeaturePlaceContext;Lorg/spongepowered/asm/mixin/injection/callback/CallbackInfoReturnable;)V does use it's CallbackInfoReturnable
[25Sep2026 11:21:52.594] [main/DEBUG] [mixin/]: Mixing features.LessBambooInStructuresMixin from repurposed_structures-common.mixins.json into net.minecraft.world.level.levelgen.feature.BambooFeature
[25Sep2026 11:21:52.594] [main/DEBUG] [mixin/]: Renaming synthetic method lambda$repurposedstructures_lessBambooInStructures$0(Lnet/minecraft/core/Registry;Lnet/minecraft/world/level/levelgen/structure/Structure;)Z to mda57a1a$repurposed_structures$lambda$repurposedstructures_lessBambooInStructures$0$0 in repurposed_structures-common.mixins.json:features.LessBambooInStructuresMixin from mod repurposed_structures
[25Sep2026 11:21:52.594] [main/DEBUG] [mixin/]: Mixing features.FixBambooPlacementMixin from repurposed_structures-common.mixins.json into net.minecraft.world.level.levelgen.feature.BambooFeature
[25Sep2026 11:21:52.612] [main/DEBUG] [mixin/]: repurposed_structures-common.mixins.json:features.LessBambooInStructuresMixin from mod repurposed_structures->@Inject::repurposedstructures_lessBambooInStructures(Lnet/minecraft/world/level/levelgen/feature/FeaturePlaceContext;Lorg/spongepowered/asm/mixin/injection/callback/CallbackInfoReturnable;)V does use it's CallbackInfoReturnable
[25Sep2026 11:21:52.616] [main/DEBUG] [mixin/]: repurposed_structures-common.mixins.json:features.FixBambooPlacementMixin from mod repurposed_structures->@Inject::repurposedstructures_fixBambooNonAirCheck(Lnet/minecraft/world/level/levelgen/feature/FeaturePlaceContext;Lorg/spongepowered/asm/mixin/injection/callback/CallbackInfoReturnable;)V doesn't use it's CallbackInfoReturnable
[25Sep2026 11:21:52.616] [main/DEBUG] [mixin/]: repurposed_structures-common.mixins.json:features.FixBambooPlacementMixin from mod repurposed_structures->@Inject::repurposedstructures_fixBambooNonAirCheck(Lnet/minecraft/world/level/levelgen/feature/FeaturePlaceContext;Lorg/spongepowered/asm/mixin/injection/callback/CallbackInfoReturnable;)V has 0 override(s) in child classes
[25Sep2026 11:21:52.616] [main/DEBUG] [mixin/]: repurposed_structures-common.mixins.json:features.FixBambooPlacementMixin from mod repurposed_structures->@Inject::repurposedstructures_fixBambooNonAirCheck(Lnet/minecraft/world/level/levelgen/feature/FeaturePlaceContext;Lorg/spongepowered/asm/mixin/injection/callback/CallbackInfoReturnable;)V won't be passed a CallbackInfoReturnable as a result
[25Sep2026 11:21:52.621] [main/DEBUG] [mixin/]: Mixing features.NoBasaltColumnsInStructuresMixin from repurposed_structures-common.mixins.json into net.minecraft.world.level.levelgen.feature.BasaltColumnsFeature
[25Sep2026 11:21:52.621] [main/DEBUG] [mixin/]: Renaming synthetic method lambda$repurposedstructures_noBasaltColumnsInStructures2$0(Lnet/minecraft/core/Registry;Lnet/minecraft/world/level/levelgen/structure/Structure;)Z to mda57a1a$repurposed_structures$lambda$repurposedstructures_noBasaltColumnsInStructures2$0$0 in repurposed_structures-common.mixins.json:features.NoBasaltColumnsInStructuresMixin from mod repurposed_structures
[25Sep2026 11:21:52.621] [main/DEBUG] [mixin/]: Renaming synthetic method lambda$repurposedstructures_noBasaltColumnsInStructures1$0(Lnet/minecraft/core/Registry;Lnet/minecraft/world/level/levelgen/structure/Structure;)Z to mda57a1a$repurposed_structures$lambda$repurposedstructures_noBasaltColumnsInStructures1$0$1 in repurposed_structures-common.mixins.json:features.NoBasaltColumnsInStructuresMixin from mod repurposed_structures
[25Sep2026 11:21:52.624] [main/DEBUG] [mixin/]: Mixing features.NoDeltasInStructuresMixin from repurposed_structures-common.mixins.json into net.minecraft.world.level.levelgen.feature.DeltaFeature
[25Sep2026 11:21:52.625] [main/DEBUG] [mixin/]: Renaming synthetic method lambda$repurposedstructures_noDeltasInStructures$0(Lnet/minecraft/core/Registry;Lnet/minecraft/world/level/levelgen/structure/Structure;)Z to mda57a1a$repurposed_structures$lambda$repurposedstructures_noDeltasInStructures$0$0 in repurposed_structures-common.mixins.json:features.NoDeltasInStructuresMixin from mod repurposed_structures
[25Sep2026 11:21:52.625] [main/DEBUG] [mixin/]: repurposed_structures-common.mixins.json:features.NoDeltasInStructuresMixin from mod repurposed_structures->@Inject::repurposedstructures_noDeltasInStructures(Lnet/minecraft/world/level/levelgen/feature/FeaturePlaceContext;Lorg/spongepowered/asm/mixin/injection/callback/CallbackInfoReturnable;)V does use it's CallbackInfoReturnable
[25Sep2026 11:21:52.633] [main/DEBUG] [mixin/]: Mixing features.NoGeodesInStructuresMixin from repurposed_structures-common.mixins.json into net.minecraft.world.level.levelgen.feature.GeodeFeature
[25Sep2026 11:21:52.633] [main/DEBUG] [mixin/]: Renaming synthetic method lambda$repurposedstructures_noGeodesInStructures$0(Lnet/minecraft/core/Registry;Lnet/minecraft/world/level/levelgen/structure/Structure;)Z to mda57a1a$repurposed_structures$lambda$repurposedstructures_noGeodesInStructures$0$0 in repurposed_structures-common.mixins.json:features.NoGeodesInStructuresMixin from mod repurposed_structures
[25Sep2026 11:21:52.633] [main/DEBUG] [mixin/]: repurposed_structures-common.mixins.json:features.NoGeodesInStructuresMixin from mod repurposed_structures->@Inject::repurposedstructures_noGeodesInStructures(Lnet/minecraft/world/level/levelgen/feature/FeaturePlaceContext;Lorg/spongepowered/asm/mixin/injection/callback/CallbackInfoReturnable;)V does use it's CallbackInfoReturnable
[25Sep2026 11:21:52.723] [main/DEBUG] [mixin/]: Mixing structures.StructurePieceAccessor from repurposed_structures-common.mixins.json into net.minecraft.world.level.levelgen.structure.StructurePiece
[25Sep2026 11:21:52.759] [main/DEBUG] [mixin/]: Mixing structures.PoolElementStructurePieceAccessor from repurposed_structures-common.mixins.json into net.minecraft.world.level.levelgen.structure.PoolElementStructurePiece
[25Sep2026 11:21:52.771] [main/DEBUG] [mixin/]: Mixing structures.StructurePoolAccessor from repurposed_structures-common.mixins.json into net.minecraft.world.level.levelgen.structure.pools.StructureTemplatePool
[25Sep2026 11:21:52.771] [main/DEBUG] [mixin/]: Renaming @Accessor method repurposedstructures$getCODEC_REFERENCE()Lorg/apache/commons/lang3/mutable/MutableObject; to repurposedstructures$getCODEC_REFERENCE$repurposed_structures_$md$a57a1a$0 in repurposed_structures-common.mixins.json:structures.StructurePoolAccessor from mod repurposed_structures
[25Sep2026 11:21:52.772] [main/DEBUG] [mixin/]: Mixing structures.StructurePoolMixin from repurposed_structures-common.mixins.json into net.minecraft.world.level.levelgen.structure.pools.StructureTemplatePool
[25Sep2026 11:21:52.826] [main/DEBUG] [mixin/]: Mixing MixinBiomeSource from terrablender.mixins.json into net.minecraft.world.level.biome.BiomeSource
[25Sep2026 11:21:52.826] [main/DEBUG] [mixin/]: terrablender.mixins.json:MixinBiomeSource from mod terrablender: Class version 69 required is higher than the class version supported by the current version of Mixin (JAVA_17 supports class version 61)
[25Sep2026 11:21:52.827] [main/DEBUG] [mixin/]: Renaming synthetic method lambda$appendDeferredBiomesList$0(Ljava/util/List;)Ljava/util/Set; to mda57a1a$terrablender$lambda$appendDeferredBiomesList$0$0 in terrablender.mixins.json:MixinBiomeSource from mod terrablender
[25Sep2026 11:21:52.857] [main/DEBUG] [mixin/]: Mixing MixinMultiNoiseBiomeSource from terrablender.mixins.json into net.minecraft.world.level.biome.MultiNoiseBiomeSource
[25Sep2026 11:21:52.857] [main/DEBUG] [mixin/]: terrablender.mixins.json:MixinMultiNoiseBiomeSource from mod terrablender: Class version 69 required is higher than the class version supported by the current version of Mixin (JAVA_17 supports class version 61)
[25Sep2026 11:21:52.858] [main/DEBUG] [mixin/]: Mixing MultiNoiseBiomeSourceAccess from terrablender.mixins.json into net.minecraft.world.level.biome.MultiNoiseBiomeSource
[25Sep2026 11:21:52.858] [main/DEBUG] [mixin/]: terrablender.mixins.json:MultiNoiseBiomeSourceAccess from mod terrablender: Class version 69 required is higher than the class version supported by the current version of Mixin (JAVA_17 supports class version 61)
[25Sep2026 11:21:52.859] [main/DEBUG] [mixin/]: terrablender.mixins.json:MixinMultiNoiseBiomeSource from mod terrablender->@Inject::getNoiseBiome(IIILnet/minecraft/world/level/biome/Climate$Sampler;Lorg/spongepowered/asm/mixin/injection/callback/CallbackInfoReturnable;)V does use it's CallbackInfoReturnable
[25Sep2026 11:21:52.859] [main/DEBUG] [mixin/]: terrablender.mixins.json:MixinMultiNoiseBiomeSource from mod terrablender->@Inject::addDebugInfo(Ljava/util/List;Lnet/minecraft/core/BlockPos;Lnet/minecraft/world/level/biome/Climate$Sampler;Lorg/spongepowered/asm/mixin/injection/callback/CallbackInfo;)V doesn't use it's CallbackInfo
[25Sep2026 11:21:52.859] [main/DEBUG] [mixin/]: terrablender.mixins.json:MixinMultiNoiseBiomeSource from mod terrablender->@Inject::addDebugInfo(Ljava/util/List;Lnet/minecraft/core/BlockPos;Lnet/minecraft/world/level/biome/Climate$Sampler;Lorg/spongepowered/asm/mixin/injection/callback/CallbackInfo;)V has 0 override(s) in child classes
[25Sep2026 11:21:52.859] [main/DEBUG] [mixin/]: terrablender.mixins.json:MixinMultiNoiseBiomeSource from mod terrablender->@Inject::addDebugInfo(Ljava/util/List;Lnet/minecraft/core/BlockPos;Lnet/minecraft/world/level/biome/Climate$Sampler;Lorg/spongepowered/asm/mixin/injection/callback/CallbackInfo;)V won't be passed a CallbackInfo as a result
[25Sep2026 11:21:52.862] [main/DEBUG] [mixin/]: Mixing MixinParameterList from terrablender.mixins.json into net.minecraft.world.level.biome.Climate$ParameterList
[25Sep2026 11:21:52.862] [main/DEBUG] [mixin/]: terrablender.mixins.json:MixinParameterList from mod terrablender: Class version 69 required is higher than the class version supported by the current version of Mixin (JAVA_17 supports class version 61)
[25Sep2026 11:21:52.862] [main/DEBUG] [mixin/]: Renaming synthetic method lambda$initializeForTerraBlender$1(Lnet/minecraft/core/Registry;Ljava/util/List;Lcom/mojang/datafixers/util/Pair;)V to mda57a1a$terrablender$lambda$initializeForTerraBlender$1$0 in terrablender.mixins.json:MixinParameterList from mod terrablender
[25Sep2026 11:21:52.863] [main/DEBUG] [mixin/]: Renaming synthetic method lambda$initializeForTerraBlender$0(Lterrablender/api/RegionType;JLterrablender/worldgen/noise/InitialLayer;)Lterrablender/worldgen/noise/Area; to mda57a1a$terrablender$lambda$initializeForTerraBlender$0$1 in terrablender.mixins.json:MixinParameterList from mod terrablender
[25Sep2026 11:21:52.875] [main/DEBUG] [mixin/]: Mixing MixinTheEndBiomeSource from terrablender.mixins.json into net.minecraft.world.level.biome.TheEndBiomeSource
[25Sep2026 11:21:52.875] [main/DEBUG] [mixin/]: terrablender.mixins.json:MixinTheEndBiomeSource from mod terrablender: Class version 69 required is higher than the class version supported by the current version of Mixin (JAVA_17 supports class version 61)
[25Sep2026 11:21:52.876] [main/DEBUG] [mixin/]: Renaming synthetic method lambda$initializeForTerraBlender$0(Lnet/minecraft/resources/ResourceKey;)V to mda57a1a$terrablender$lambda$initializeForTerraBlender$0$0 in terrablender.mixins.json:MixinTheEndBiomeSource from mod terrablender
[25Sep2026 11:21:52.880] [main/DEBUG] [mixin/]: terrablender.mixins.json:MixinTheEndBiomeSource from mod terrablender->@Inject::onCollectPossibleBiomes(Lorg/spongepowered/asm/mixin/injection/callback/CallbackInfoReturnable;)V does use it's CallbackInfoReturnable
[25Sep2026 11:21:52.880] [main/DEBUG] [mixin/]: terrablender.mixins.json:MixinTheEndBiomeSource from mod terrablender->@Inject::onGetNoiseBiome(IIILnet/minecraft/world/level/biome/Climate$Sampler;Lorg/spongepowered/asm/mixin/injection/callback/CallbackInfoReturnable;)V does use it's CallbackInfoReturnable
[25Sep2026 11:21:52.884] [main/DEBUG] [mixin/]: Mixing MixinNoiseBasedChunkGenerator from terrablender.mixins.json into net.minecraft.world.level.levelgen.NoiseBasedChunkGenerator
[25Sep2026 11:21:52.884] [main/DEBUG] [mixin/]: terrablender.mixins.json:MixinNoiseBasedChunkGenerator from mod terrablender: Class version 69 required is higher than the class version supported by the current version of Mixin (JAVA_17 supports class version 61)
[25Sep2026 11:21:52.888] [main/DEBUG] [mixin/]: Mixing MixinChunkGenerator from terrablender.mixins.json into net.minecraft.world.level.chunk.ChunkGenerator
[25Sep2026 11:21:52.888] [main/DEBUG] [mixin/]: terrablender.mixins.json:MixinChunkGenerator from mod terrablender: Class version 69 required is higher than the class version supported by the current version of Mixin (JAVA_17 supports class version 61)
[25Sep2026 11:21:52.889] [main/DEBUG] [mixin/]: terrablender.mixins.json:MixinChunkGenerator from mod terrablender->@Inject::validate(Lorg/spongepowered/asm/mixin/injection/callback/CallbackInfo;)V does use it's CallbackInfo
[25Sep2026 11:21:52.894] [main/DEBUG] [mixin/]: Mixing MixinNoiseGeneratorSettings from terrablender.mixins.json into net.minecraft.world.level.levelgen.NoiseGeneratorSettings
[25Sep2026 11:21:52.894] [main/DEBUG] [mixin/]: terrablender.mixins.json:MixinNoiseGeneratorSettings from mod terrablender: Class version 69 required is higher than the class version supported by the current version of Mixin (JAVA_17 supports class version 61)
[25Sep2026 11:21:52.895] [main/DEBUG] [mixin/]: terrablender.mixins.json:MixinNoiseGeneratorSettings from mod terrablender->@Inject::surfaceRule(Lorg/spongepowered/asm/mixin/injection/callback/CallbackInfoReturnable;)V does use it's CallbackInfoReturnable
[25Sep2026 11:21:52.969] [main/DEBUG] [mixin/]: Mixing structures.SinglePoolElementAccessor from repurposed_structures-common.mixins.json into net.minecraft.world.level.levelgen.structure.pools.SinglePoolElement
[25Sep2026 11:21:53.318] [main/DEBUG] [net.neoforged.fml.ModWorkManager/LOADING]: Using 4 threads for parallel mod-loading
[25Sep2026 11:21:53.325] [main/DEBUG] [net.neoforged.fml.javafmlmod.FMLModContainer/LOADING]: Creating FMLModContainer instance for repurposed_structures with entrypoints [com.telepathicgrunt.repurposedstructures.neoforge.RepurposedStructuresNeoforge]
[25Sep2026 11:21:53.329] [main/DEBUG] [net.neoforged.fml.javafmlmod.FMLModContainer/LOADING]: Creating FMLModContainer instance for libipn with entrypoints [org.anti_ad.mc.libipn.LibIPNModEntry]
[25Sep2026 11:21:53.330] [main/DEBUG] [net.neoforged.fml.javafmlmod.FMLModContainer/LOADING]: Creating FMLModContainer instance for kuma_api with entrypoints []
[25Sep2026 11:21:53.330] [main/DEBUG] [net.neoforged.fml.javafmlmod.FMLModContainer/LOADING]: Creating FMLModContainer instance for terrablender with entrypoints [terrablender.core.TerraBlenderNeoForge]
[25Sep2026 11:21:53.331] [main/DEBUG] [net.neoforged.fml.javafmlmod.FMLModContainer/LOADING]: Creating FMLModContainer instance for trashslot with entrypoints [net.blay09.mods.trashslot.neoforge.NeoForgeTrashSlot]
[25Sep2026 11:21:53.331] [main/DEBUG] [net.neoforged.fml.javafmlmod.FMLModContainer/LOADING]: Creating FMLModContainer instance for explorify with entrypoints []
[25Sep2026 11:21:53.331] [main/DEBUG] [net.neoforged.fml.javafmlmod.FMLModContainer/LOADING]: Creating FMLModContainer instance for justhammers with entrypoints [pro.mikey.justhammers.neoforge.HammersNeoForge]
[25Sep2026 11:21:53.332] [main/DEBUG] [net.neoforged.fml.javafmlmod.FMLModContainer/LOADING]: Creating FMLModContainer instance for creativecore with entrypoints [team.creative.creativecore.CreativeCore]
[25Sep2026 11:21:53.333] [main/DEBUG] [net.neoforged.fml.javafmlmod.FMLModContainer/LOADING]: Creating FMLModContainer instance for jei with entrypoints [mezz.jei.neoforge.JustEnoughItems]
[25Sep2026 11:21:53.333] [main/DEBUG] [net.neoforged.fml.javafmlmod.FMLModContainer/LOADING]: Creating FMLModContainer instance for commonnetworking with entrypoints [commonnetwork.CommonNetworkNeoForge]
[25Sep2026 11:21:53.334] [main/DEBUG] [net.neoforged.fml.javafmlmod.FMLModContainer/LOADING]: Creating FMLModContainer instance for rottenfleshtoleather with entrypoints [team.smartstreamlabs.rottenfleshtoleather.RottenFleshToLeatherNeoForge]
[25Sep2026 11:21:53.334] [main/DEBUG] [net.neoforged.fml.javafmlmod.FMLModContainer/LOADING]: Creating FMLModContainer instance for collective with entrypoints [com.natamus.collective.CollectiveNeoForge]
[25Sep2026 11:21:53.335] [main/DEBUG] [net.neoforged.fml.javafmlmod.FMLModContainer/LOADING]: Creating FMLModContainer instance for journeymap with entrypoints [journeymap.common.JourneymapNeoForge]
[25Sep2026 11:21:53.335] [main/DEBUG] [net.neoforged.fml.javafmlmod.FMLModContainer/LOADING]: Creating FMLModContainer instance for neoforge with entrypoints [net.neoforged.neoforge.common.NeoForgeMod, net.neoforged.neoforge.common.OnlyInWarningsHandler, net.neoforged.neoforge.internal.LogoFileWarningsHandler]
[25Sep2026 11:21:53.338] [main/DEBUG] [net.neoforged.fml.javafmlmod.FMLModContainer/LOADING]: Creating FMLModContainer instance for travelersbackpack with entrypoints [com.tiviacz.travelersbackpack.TravelersBackpack]
[25Sep2026 11:21:53.339] [main/DEBUG] [net.neoforged.fml.javafmlmod.FMLModContainer/LOADING]: Creating FMLModContainer instance for tombstone with entrypoints [ovh.corail.tombstone.ModTombstone]
[25Sep2026 11:21:53.339] [main/DEBUG] [net.neoforged.fml.javafmlmod.FMLModContainer/LOADING]: Creating FMLModContainer instance for dungeoncrawl with entrypoints [xiroc.dungeoncrawl.DungeonCrawl]
[25Sep2026 11:21:53.340] [main/DEBUG] [net.neoforged.fml.javafmlmod.FMLModContainer/LOADING]: Creating FMLModContainer instance for glitchcore with entrypoints [glitchcore.neoforge.GlitchCoreNeoForge]
[25Sep2026 11:21:53.340] [main/DEBUG] [net.neoforged.fml.javafmlmod.FMLModContainer/LOADING]: Creating FMLModContainer instance for biomesoplenty with entrypoints [biomesoplenty.neoforge.core.BiomesOPlentyNeoForge]
[25Sep2026 11:21:53.341] [main/DEBUG] [net.neoforged.fml.javafmlmod.FMLModContainer/LOADING]: Creating FMLModContainer instance for inventoryprofilesnext with entrypoints [org.anti_ad.mc.ipnext.neoforge.IPNForgeModInit]
[25Sep2026 11:21:53.342] [main/DEBUG] [net.neoforged.fml.javafmlmod.FMLModContainer/LOADING]: Creating FMLModContainer instance for balm with entrypoints [net.blay09.mods.balm.neoforge.internal.NeoForgeBalm]
[25Sep2026 11:21:53.343] [main/DEBUG] [net.neoforged.fml.javafmlmod.FMLModContainer/LOADING]: Creating FMLModContainer instance for fallingtree with entrypoints [fr.rakambda.fallingtree.neoforge.FallingTree]
[25Sep2026 11:21:53.343] [main/DEBUG] [net.neoforged.fml.javafmlmod.FMLModContainer/LOADING]: Creating FMLModContainer instance for journeymap_api with entrypoints [journeymap.JourneyMapAPI]
[25Sep2026 11:21:53.343] [main/DEBUG] [net.neoforged.fml.javafmlmod.FMLModContainer/LOADING]: Creating FMLModContainer instance for playerrevive with entrypoints [team.creative.playerrevive.PlayerRevive]
[25Sep2026 11:21:53.344] [main/DEBUG] [net.neoforged.fml.javafmlmod.FMLModContainer/LOADING]: Creating FMLModContainer instance for replantingcrops with entrypoints [com.natamus.replantingcrops.ModNeoForge]
[25Sep2026 11:21:53.348] [modloading-worker-0/DEBUG] [net.neoforged.fml.javafmlmod.AutomaticEventSubscriber/LOADING]: Attempting to inject @EventBusSubscriber classes into the eventbus for kuma_api
[25Sep2026 11:21:53.357] [modloading-worker-0/DEBUG] [net.neoforged.fml.javafmlmod.AutomaticEventSubscriber/LOADING]: Attempting to inject @EventBusSubscriber classes into the eventbus for libipn
[25Sep2026 11:21:53.358] [modloading-worker-0/DEBUG] [net.neoforged.fml.javafmlmod.AutomaticEventSubscriber/LOADING]: Attempting to inject @EventBusSubscriber classes into the eventbus for explorify
[25Sep2026 11:21:53.362] [modloading-worker-0/DEBUG] [net.neoforged.fml.javafmlmod.AutomaticEventSubscriber/LOADING]: Attempting to inject @EventBusSubscriber classes into the eventbus for terrablender
[25Sep2026 11:21:53.369] [modloading-worker-0/DEBUG] [net.neoforged.fml.javafmlmod.AutomaticEventSubscriber/LOADING]: Attempting to inject @EventBusSubscriber classes into the eventbus for justhammers
[25Sep2026 11:21:53.379] [modloading-worker-0/DEBUG] [net.neoforged.fml.config.ConfigTracker/CONFIG]: Config file jei-server.toml for jei tracking
[25Sep2026 11:21:53.380] [modloading-worker-0/DEBUG] [net.neoforged.fml.config.ConfigTracker/CONFIG]: Config file repurposed_structures-neoforge/modded_loot.toml for repurposed_structures tracking
[25Sep2026 11:21:53.396] [modloading-worker-0/DEBUG] [net.neoforged.fml.javafmlmod.AutomaticEventSubscriber/LOADING]: Attempting to inject @EventBusSubscriber classes into the eventbus for jei
[25Sep2026 11:21:53.407] [modloading-worker-0/DEBUG] [mixin/]: Mixing MinecraftServerMixin from balm.mixins.json into net.minecraft.server.MinecraftServer
[25Sep2026 11:21:53.409] [modloading-worker-0/DEBUG] [mixin/]: balm.mixins.json:MinecraftServerMixin from mod balm: Class version 69 required is higher than the class version supported by the current version of Mixin (JAVA_17 supports class version 61)
[25Sep2026 11:21:53.409] [modloading-worker-0/DEBUG] [mixin/]: Renaming synthetic method lambda$reloadResources$0(Ljava/lang/Void;)V to mda57a1a$balm$lambda$reloadResources$0$0 in balm.mixins.json:MinecraftServerMixin from mod balm
[25Sep2026 11:21:53.410] [modloading-worker-0/DEBUG] [mixin/]: balm.mixins.json:MinecraftServerMixin from mod balm->@Inject::reloadResources(Ljava/util/Collection;Lorg/spongepowered/asm/mixin/injection/callback/CallbackInfoReturnable;)V does use it's CallbackInfoReturnable
[25Sep2026 11:21:53.434] [modloading-worker-0/DEBUG] [net.neoforged.fml.javafmlmod.AutomaticEventSubscriber/LOADING]: Attempting to inject @EventBusSubscriber classes into the eventbus for commonnetworking
[25Sep2026 11:21:53.435] [modloading-worker-0/INFO] [rottenfleshtoleather/]: Loaded rottenfleshtoleather
[25Sep2026 11:21:53.435] [modloading-worker-0/DEBUG] [net.neoforged.fml.javafmlmod.AutomaticEventSubscriber/LOADING]: Attempting to inject @EventBusSubscriber classes into the eventbus for rottenfleshtoleather
[25Sep2026 11:21:53.437] [modloading-worker-0/DEBUG] [mixin/]: Mixing ReloadableServerResourcesMixin from balm.mixins.json into net.minecraft.server.ReloadableServerResources
[25Sep2026 11:21:53.437] [modloading-worker-0/DEBUG] [mixin/]: balm.mixins.json:ReloadableServerResourcesMixin from mod balm: Class version 69 required is higher than the class version supported by the current version of Mixin (JAVA_17 supports class version 61)
[25Sep2026 11:21:53.438] [modloading-worker-0/DEBUG] [mixin/]: Renaming synthetic method lambda$loadResources$0(Lnet/minecraft/server/ReloadableServerResources;)V to mda57a1a$balm$lambda$loadResources$0$0 in balm.mixins.json:ReloadableServerResourcesMixin from mod balm
[25Sep2026 11:21:53.438] [modloading-worker-0/DEBUG] [mixin/]: balm.mixins.json:ReloadableServerResourcesMixin from mod balm->@Inject::loadResources(Lnet/minecraft/server/packs/resources/ResourceManager;Lnet/minecraft/core/LayeredRegistryAccess;Ljava/util/List;Lnet/minecraft/world/flag/FeatureFlagSet;Lnet/minecraft/commands/Commands$CommandSelection;Lnet/minecraft/server/permissions/PermissionSet;Ljava/util/concurrent/Executor;Ljava/util/concurrent/Executor;Lorg/spongepowered/asm/mixin/injection/callback/CallbackInfoReturnable;)V does use it's CallbackInfoReturnable
[25Sep2026 11:21:53.439] [modloading-worker-0/INFO] [Collective/]: Loading Collective version 8.39.
[25Sep2026 11:21:53.445] [modloading-worker-0/DEBUG] [creativecore/]: Created network creativecore:main
[25Sep2026 11:21:53.451] [modloading-worker-0/DEBUG] [net.neoforged.fml.javafmlmod.AutomaticEventSubscriber/LOADING]: Attempting to inject @EventBusSubscriber classes into the eventbus for creativecore
[25Sep2026 11:21:53.457] [modloading-worker-0/DEBUG] [net.neoforged.fml.javafmlmod.AutomaticEventSubscriber/LOADING]: Attempting to inject @EventBusSubscriber classes into the eventbus for repurposed_structures
[25Sep2026 11:21:53.458] [modloading-worker-0/DEBUG] [net.neoforged.fml.javafmlmod.AutomaticEventSubscriber/LOADING]: Scanning class com.telepathicgrunt.repurposedstructures.datagen.StructureNbtUpdaterDatagen for @SubscribeEvent-annotated methods
[25Sep2026 11:21:53.462] [modloading-worker-0/DEBUG] [net.neoforged.fml.javafmlmod.AutomaticEventSubscriber/LOADING]: Subscribing method public static void com.telepathicgrunt.repurposedstructures.datagen.StructureNbtUpdaterDatagen.gatherData(net.neoforged.neoforge.data.event.GatherDataEvent$Server) to the event bus of mod repurposed_structures
[25Sep2026 11:21:53.500] [modloading-worker-0/DEBUG] [net.neoforged.fml.config.ConfigTracker/CONFIG]: Config file journeymap-server.toml for journeymap tracking
[25Sep2026 11:21:53.500] [modloading-worker-0/DEBUG] [net.neoforged.fml.javafmlmod.AutomaticEventSubscriber/LOADING]: Attempting to inject @EventBusSubscriber classes into the eventbus for journeymap
[25Sep2026 11:21:53.509] [modloading-worker-0/INFO] [net.neoforged.neoforge.common.NeoForgeMod/NEOFORGE-MOD]: NeoForge mod loading, version 26.2.0.75, for MC 26.2
[25Sep2026 11:21:53.518] [modloading-worker-0/DEBUG] [net.neoforged.fml.config.ConfigTracker/CONFIG]: Config file neoforge-server.toml for neoforge tracking
[25Sep2026 11:21:53.519] [modloading-worker-0/DEBUG] [net.neoforged.fml.config.ConfigTracker/CONFIG]: Config file neoforge-common.toml for neoforge tracking
[25Sep2026 11:21:53.525] [modloading-worker-0/INFO] [net.blay09.mods.balm.neoforge.platform.config.internal.NeoForgeBalmConfig/]: Registering config for trashslot:common (COMMON) with 5 properties.
[25Sep2026 11:21:53.526] [modloading-worker-0/DEBUG] [net.neoforged.fml.config.ConfigTracker/CONFIG]: Config file trashslot-common.toml for trashslot tracking
[25Sep2026 11:21:53.539] [modloading-worker-0/DEBUG] [net.neoforged.fml.config.ConfigTracker/CONFIG]: Config file travelersbackpack-server.toml for travelersbackpack tracking
[25Sep2026 11:21:53.540] [modloading-worker-0/DEBUG] [net.neoforged.fml.config.ConfigTracker/CONFIG]: Config file travelersbackpack-common.toml for travelersbackpack tracking
[25Sep2026 11:21:53.540] [modloading-worker-0/DEBUG] [net.neoforged.fml.config.ConfigTracker/CONFIG]: Config file travelersbackpack-client.toml for travelersbackpack tracking
[25Sep2026 11:21:53.552] [modloading-worker-0/DEBUG] [net.neoforged.fml.javafmlmod.AutomaticEventSubscriber/LOADING]: Attempting to inject @EventBusSubscriber classes into the eventbus for trashslot
[25Sep2026 11:21:53.559] [modloading-worker-0/DEBUG] [net.neoforged.fml.javafmlmod.AutomaticEventSubscriber/LOADING]: Attempting to inject @EventBusSubscriber classes into the eventbus for neoforge
[25Sep2026 11:21:53.564] [modloading-worker-0/DEBUG] [net.neoforged.fml.javafmlmod.AutomaticEventSubscriber/LOADING]: Scanning class net.neoforged.neoforge.attachment.AttachmentInternals for @SubscribeEvent-annotated methods
[25Sep2026 11:21:53.566] [modloading-worker-0/DEBUG] [net.neoforged.fml.javafmlmod.AutomaticEventSubscriber/LOADING]: Subscribing method public static void net.neoforged.neoforge.attachment.AttachmentInternals.onLivingConvert(net.neoforged.neoforge.event.entity.living.LivingConversionEvent$Post) to the game event bus
[25Sep2026 11:21:53.569] [modloading-worker-0/DEBUG] [net.neoforged.fml.javafmlmod.AutomaticEventSubscriber/LOADING]: Subscribing method public static void net.neoforged.neoforge.attachment.AttachmentInternals.onPlayerClone(net.neoforged.neoforge.event.entity.player.PlayerEvent$Clone) to the game event bus
[25Sep2026 11:21:53.569] [modloading-worker-0/DEBUG] [net.neoforged.fml.javafmlmod.AutomaticEventSubscriber/LOADING]: Scanning class net.neoforged.neoforge.attachment.AttachmentSync for @SubscribeEvent-annotated methods
[25Sep2026 11:21:53.573] [modloading-worker-0/DEBUG] [net.neoforged.fml.javafmlmod.AutomaticEventSubscriber/LOADING]: Subscribing method public static void net.neoforged.neoforge.attachment.AttachmentSync.onChunkSent(net.neoforged.neoforge.event.level.ChunkWatchEvent$Sent) to the game event bus
[25Sep2026 11:21:53.574] [modloading-worker-0/DEBUG] [net.neoforged.fml.javafmlmod.AutomaticEventSubscriber/LOADING]: Scanning class net.neoforged.neoforge.common.MonsterRoomHooks for @SubscribeEvent-annotated methods
[25Sep2026 11:21:53.575] [modloading-worker-0/DEBUG] [net.neoforged.fml.javafmlmod.AutomaticEventSubscriber/LOADING]: Subscribing method public static void net.neoforged.neoforge.common.MonsterRoomHooks.onDataMapsUpdated(net.neoforged.neoforge.registries.datamaps.DataMapsUpdatedEvent) to the game event bus
[25Sep2026 11:21:53.575] [modloading-worker-0/DEBUG] [net.neoforged.fml.javafmlmod.AutomaticEventSubscriber/LOADING]: Scanning class net.neoforged.neoforge.network.ConfigurationInitialization for @SubscribeEvent-annotated methods
[25Sep2026 11:21:53.582] [modloading-worker-0/DEBUG] [net.neoforged.fml.config.ConfigTracker/CONFIG]: Config file tombstone-client.toml for tombstone tracking
[25Sep2026 11:21:53.582] [modloading-worker-0/DEBUG] [net.neoforged.fml.config.ConfigTracker/CONFIG]: Config file tombstone-common.toml for tombstone tracking
[25Sep2026 11:21:53.584] [modloading-worker-0/DEBUG] [net.neoforged.fml.javafmlmod.AutomaticEventSubscriber/LOADING]: Subscribing method private static void net.neoforged.neoforge.network.ConfigurationInitialization.configureModdedClient(net.neoforged.neoforge.network.event.RegisterConfigurationTasksEvent) to the event bus of mod neoforge
[25Sep2026 11:21:53.584] [modloading-worker-0/DEBUG] [net.neoforged.fml.javafmlmod.AutomaticEventSubscriber/LOADING]: Scanning class net.neoforged.neoforge.network.NetworkInitialization for @SubscribeEvent-annotated methods
[25Sep2026 11:21:53.585] [modloading-worker-0/DEBUG] [net.neoforged.fml.javafmlmod.AutomaticEventSubscriber/LOADING]: Subscribing method private static void net.neoforged.neoforge.network.NetworkInitialization.register(net.neoforged.neoforge.network.event.RegisterPayloadHandlersEvent) to the event bus of mod neoforge
[25Sep2026 11:21:53.585] [modloading-worker-0/DEBUG] [net.neoforged.fml.javafmlmod.AutomaticEventSubscriber/LOADING]: Scanning class net.neoforged.neoforge.network.filters.GenericPacketSplitter for @SubscribeEvent-annotated methods
[25Sep2026 11:21:53.593] [modloading-worker-0/DEBUG] [net.neoforged.fml.config.ConfigTracker/CONFIG]: Config file tombstone-server.toml for tombstone tracking
[25Sep2026 11:21:53.593] [modloading-worker-0/DEBUG] [net.neoforged.fml.javafmlmod.AutomaticEventSubscriber/LOADING]: Attempting to inject @EventBusSubscriber classes into the eventbus for tombstone
[25Sep2026 11:21:53.594] [modloading-worker-0/DEBUG] [net.neoforged.fml.javafmlmod.AutomaticEventSubscriber/LOADING]: Scanning class ovh.corail.tombstone.config.ConfigTombstone$ConfigEvent for @SubscribeEvent-annotated methods
[25Sep2026 11:21:53.594] [modloading-worker-0/DEBUG] [net.neoforged.fml.javafmlmod.AutomaticEventSubscriber/LOADING]: Subscribing method public static void ovh.corail.tombstone.config.ConfigTombstone$ConfigEvent.onReloadConfig(net.neoforged.fml.event.config.ModConfigEvent$Reloading) to the event bus of mod tombstone
[25Sep2026 11:21:53.595] [modloading-worker-0/DEBUG] [net.neoforged.fml.javafmlmod.AutomaticEventSubscriber/LOADING]: Scanning class ovh.corail.tombstone.entity.trade.TradeManager for @SubscribeEvent-annotated methods
[25Sep2026 11:21:53.613] [modloading-worker-0/DEBUG] [net.neoforged.fml.javafmlmod.AutomaticEventSubscriber/LOADING]: Subscribing method public static void ovh.corail.tombstone.entity.trade.TradeManager.onAddReloadListener(net.neoforged.neoforge.event.AddServerReloadListenersEvent) to the game event bus
[25Sep2026 11:21:53.614] [modloading-worker-0/DEBUG] [net.neoforged.fml.javafmlmod.AutomaticEventSubscriber/LOADING]: Scanning class ovh.corail.tombstone.event.EventHandler for @SubscribeEvent-annotated methods
[25Sep2026 11:21:53.623] [modloading-worker-0/DEBUG] [net.neoforged.fml.javafmlmod.AutomaticEventSubscriber/LOADING]: Subscribing method public static void ovh.corail.tombstone.event.EventHandler.onClone(net.neoforged.neoforge.event.entity.player.PlayerEvent$Clone) to the game event bus
[25Sep2026 11:21:53.623] [modloading-worker-0/DEBUG] [net.neoforged.fml.javafmlmod.AutomaticEventSubscriber/LOADING]: Subscribing method public static void ovh.corail.tombstone.event.EventHandler.onServerStoppingEvent(net.neoforged.neoforge.event.server.ServerStoppingEvent) to the game event bus
[25Sep2026 11:21:53.624] [modloading-worker-0/DEBUG] [net.neoforged.fml.javafmlmod.AutomaticEventSubscriber/LOADING]: Subscribing method public static void ovh.corail.tombstone.event.EventHandler.onPlayerLoggedIn(net.neoforged.neoforge.event.entity.player.PlayerEvent$PlayerLoggedInEvent) to the game event bus
[25Sep2026 11:21:53.625] [modloading-worker-0/DEBUG] [net.neoforged.fml.javafmlmod.AutomaticEventSubscriber/LOADING]: Subscribing method public static void ovh.corail.tombstone.event.EventHandler.onPlayerLoggedOut(net.neoforged.neoforge.event.entity.player.PlayerEvent$PlayerLoggedOutEvent) to the game event bus
[25Sep2026 11:21:53.625] [modloading-worker-0/DEBUG] [net.neoforged.fml.javafmlmod.AutomaticEventSubscriber/LOADING]: Subscribing method public static void ovh.corail.tombstone.event.EventHandler.onRegisterCommand(net.neoforged.neoforge.event.RegisterCommandsEvent) to the game event bus
[25Sep2026 11:21:53.626] [modloading-worker-0/DEBUG] [net.neoforged.fml.javafmlmod.AutomaticEventSubscriber/LOADING]: Subscribing method public static void ovh.corail.tombstone.event.EventHandler.onUseCommand(net.neoforged.neoforge.event.CommandEvent) to the game event bus
[25Sep2026 11:21:53.626] [modloading-worker-0/DEBUG] [net.neoforged.fml.javafmlmod.AutomaticEventSubscriber/LOADING]: Subscribing method public static void ovh.corail.tombstone.event.EventHandler.onDetonate(net.neoforged.neoforge.event.level.ExplosionEvent$Detonate) to the game event bus
[25Sep2026 11:21:53.627] [modloading-worker-0/DEBUG] [net.neoforged.fml.javafmlmod.AutomaticEventSubscriber/LOADING]: Subscribing method public static void ovh.corail.tombstone.event.EventHandler.onModifyCustomSpawners(net.neoforged.neoforge.event.level.ModifyCustomSpawnersEvent) to the game event bus
[25Sep2026 11:21:53.627] [modloading-worker-0/DEBUG] [net.neoforged.fml.javafmlmod.AutomaticEventSubscriber/LOADING]: Subscribing method public static void ovh.corail.tombstone.event.EventHandler.onWorldLoad(net.neoforged.neoforge.event.level.LevelEvent$Load) to the game event bus
[25Sep2026 11:21:53.628] [modloading-worker-0/DEBUG] [net.neoforged.fml.javafmlmod.AutomaticEventSubscriber/LOADING]: Subscribing method public static void ovh.corail.tombstone.event.EventHandler.onLivingIncomingDamage(net.neoforged.neoforge.event.entity.living.LivingIncomingDamageEvent) to the game event bus
[25Sep2026 11:21:53.628] [modloading-worker-0/DEBUG] [net.neoforged.fml.javafmlmod.AutomaticEventSubscriber/LOADING]: Subscribing method public static void ovh.corail.tombstone.event.EventHandler.onPreventDeathPre(net.neoforged.neoforge.event.entity.living.LivingDamageEvent$Pre) to the game event bus
[25Sep2026 11:21:53.629] [modloading-worker-0/DEBUG] [net.neoforged.fml.javafmlmod.AutomaticEventSubscriber/LOADING]: Subscribing method public static void ovh.corail.tombstone.event.EventHandler.onCheckHidden(net.neoforged.neoforge.event.entity.living.LivingEvent$LivingVisibilityEvent) to the game event bus
[25Sep2026 11:21:53.629] [modloading-worker-0/DEBUG] [net.neoforged.fml.javafmlmod.AutomaticEventSubscriber/LOADING]: Subscribing method public static void ovh.corail.tombstone.event.EventHandler.onCheckDiscretion(net.neoforged.neoforge.event.entity.living.LivingEvent$LivingVisibilityEvent) to the game event bus
[25Sep2026 11:21:53.630] [modloading-worker-0/DEBUG] [net.neoforged.fml.javafmlmod.AutomaticEventSubscriber/LOADING]: Subscribing method public static void ovh.corail.tombstone.event.EventHandler.onPlayerRespawn(net.neoforged.neoforge.event.entity.player.PlayerEvent$PlayerRespawnEvent) to the game event bus
[25Sep2026 11:21:53.630] [modloading-worker-0/DEBUG] [net.neoforged.fml.javafmlmod.AutomaticEventSubscriber/LOADING]: Subscribing method public static void ovh.corail.tombstone.event.EventHandler.onPlayerDeath(net.neoforged.neoforge.event.entity.living.LivingDeathEvent) to the game event bus
[25Sep2026 11:21:53.631] [modloading-worker-0/DEBUG] [net.neoforged.fml.javafmlmod.AutomaticEventSubscriber/LOADING]: Subscribing method public static void ovh.corail.tombstone.event.EventHandler.onLivingExperienceDrop(net.neoforged.neoforge.event.entity.living.LivingExperienceDropEvent) to the game event bus
[25Sep2026 11:21:53.631] [modloading-worker-0/DEBUG] [net.neoforged.fml.javafmlmod.AutomaticEventSubscriber/LOADING]: Subscribing method public static void ovh.corail.tombstone.event.EventHandler.onHandleSoulbound(net.neoforged.neoforge.event.entity.living.LivingDropsEvent) to the game event bus
[25Sep2026 11:21:53.631] [modloading-worker-0/DEBUG] [net.neoforged.fml.javafmlmod.AutomaticEventSubscriber/LOADING]: Subscribing method public static void ovh.corail.tombstone.event.EventHandler.onDrops(net.neoforged.neoforge.event.entity.living.LivingDropsEvent) to the game event bus
[25Sep2026 11:21:53.632] [modloading-worker-0/DEBUG] [net.neoforged.fml.javafmlmod.AutomaticEventSubscriber/LOADING]: Subscribing method public static void ovh.corail.tombstone.event.EventHandler.onAnvilRepair(net.neoforged.neoforge.event.entity.player.AnvilCraftEvent$Post) to the game event bus
[25Sep2026 11:21:53.632] [modloading-worker-0/DEBUG] [net.neoforged.fml.javafmlmod.AutomaticEventSubscriber/LOADING]: Subscribing method public static void ovh.corail.tombstone.event.EventHandler.onLivingUpdate(net.neoforged.neoforge.event.tick.EntityTickEvent$Pre) to the game event bus
[25Sep2026 11:21:53.633] [modloading-worker-0/DEBUG] [net.neoforged.fml.javafmlmod.AutomaticEventSubscriber/LOADING]: Subscribing method public static void ovh.corail.tombstone.event.EventHandler.onTrackingStart(net.neoforged.neoforge.event.entity.player.PlayerEvent$StartTracking) to the game event bus
[25Sep2026 11:21:53.633] [modloading-worker-0/DEBUG] [net.neoforged.fml.javafmlmod.AutomaticEventSubscriber/LOADING]: Subscribing method public static void ovh.corail.tombstone.event.EventHandler.onEffectApplied(net.neoforged.neoforge.event.entity.living.MobEffectEvent$Applicable) to the game event bus
[25Sep2026 11:21:53.633] [modloading-worker-0/DEBUG] [net.neoforged.fml.javafmlmod.AutomaticEventSubscriber/LOADING]: Subscribing method public static void ovh.corail.tombstone.event.EventHandler.onEffectExpired(net.neoforged.neoforge.event.entity.living.MobEffectEvent$Expired) to the game event bus
[25Sep2026 11:21:53.634] [modloading-worker-0/DEBUG] [net.neoforged.fml.javafmlmod.AutomaticEventSubscriber/LOADING]: Subscribing method public static void ovh.corail.tombstone.event.EventHandler.onSyncOnChangedDimension(net.neoforged.neoforge.event.entity.player.PlayerEvent$PlayerChangedDimensionEvent) to the game event bus
[25Sep2026 11:21:53.634] [modloading-worker-0/DEBUG] [net.neoforged.fml.javafmlmod.AutomaticEventSubscriber/LOADING]: Subscribing method public static void ovh.corail.tombstone.event.EventHandler.onPlayerInteractEntity(net.neoforged.neoforge.event.entity.player.PlayerInteractEvent$EntityInteract) to the game event bus
[25Sep2026 11:21:53.634] [modloading-worker-0/DEBUG] [net.neoforged.fml.javafmlmod.AutomaticEventSubscriber/LOADING]: Subscribing method public static void ovh.corail.tombstone.event.EventHandler.onPhantomTime(ovh.corail.tombstone.api.event.PhantomSpawnerEvent$TimeForCheck) to the game event bus
[25Sep2026 11:21:53.635] [modloading-worker-0/DEBUG] [net.neoforged.fml.javafmlmod.AutomaticEventSubscriber/LOADING]: Subscribing method public static void ovh.corail.tombstone.event.EventHandler.onEntitySpawn(net.neoforged.neoforge.event.entity.EntityJoinLevelEvent) to the game event bus
[25Sep2026 11:21:53.635] [modloading-worker-0/DEBUG] [io.netty.util.internal.PlatformDependent0/]: Java version: 25
[25Sep2026 11:21:53.635] [modloading-worker-0/DEBUG] [io.netty.util.internal.PlatformDependent0/]: -Dio.netty.noUnsafe: false
[25Sep2026 11:21:53.635] [modloading-worker-0/DEBUG] [io.netty.util.internal.PlatformDependent0/]: sun.misc.Unsafe: unavailable (io.netty.noUnsafe=true by default on Java 25+)
[25Sep2026 11:21:53.635] [modloading-worker-0/DEBUG] [net.neoforged.fml.javafmlmod.AutomaticEventSubscriber/LOADING]: Subscribing method public static void ovh.corail.tombstone.event.EventHandler.onEntityHeal(net.neoforged.neoforge.event.entity.living.LivingHealEvent) to the game event bus
[25Sep2026 11:21:53.636] [modloading-worker-0/DEBUG] [net.neoforged.fml.javafmlmod.AutomaticEventSubscriber/LOADING]: Subscribing method public static void ovh.corail.tombstone.event.EventHandler.onStartingLivingConversion(net.neoforged.neoforge.event.entity.living.LivingConversionEvent$Pre) to the game event bus
[25Sep2026 11:21:53.636] [modloading-worker-0/DEBUG] [net.neoforged.fml.javafmlmod.AutomaticEventSubscriber/LOADING]: Subscribing method public static void ovh.corail.tombstone.event.EventHandler.onCriticalHit(net.neoforged.neoforge.event.entity.player.CriticalHitEvent) to the game event bus
[25Sep2026 11:21:53.636] [modloading-worker-0/DEBUG] [net.neoforged.fml.javafmlmod.AutomaticEventSubscriber/LOADING]: Subscribing method public static void ovh.corail.tombstone.event.EventHandler.onServerLevelTick(net.neoforged.neoforge.event.tick.LevelTickEvent$Post) to the game event bus
[25Sep2026 11:21:53.637] [modloading-worker-0/DEBUG] [net.neoforged.fml.javafmlmod.AutomaticEventSubscriber/LOADING]: Subscribing method public static void ovh.corail.tombstone.event.EventHandler.onPlayerWakeUp(net.neoforged.neoforge.event.entity.player.PlayerWakeUpEvent) to the game event bus
[25Sep2026 11:21:53.637] [modloading-worker-0/DEBUG] [net.neoforged.fml.javafmlmod.AutomaticEventSubscriber/LOADING]: Subscribing method public static void ovh.corail.tombstone.event.EventHandler.onBlockPlaced(net.neoforged.neoforge.event.level.BlockEvent$EntityPlaceEvent) to the game event bus
[25Sep2026 11:21:53.637] [modloading-worker-0/DEBUG] [net.neoforged.fml.javafmlmod.AutomaticEventSubscriber/LOADING]: Subscribing method public static void ovh.corail.tombstone.event.EventHandler.onEnteringSection(net.neoforged.neoforge.event.entity.EntityEvent$EnteringSection) to the game event bus
[25Sep2026 11:21:53.638] [modloading-worker-0/DEBUG] [net.neoforged.fml.javafmlmod.AutomaticEventSubscriber/LOADING]: Subscribing method public static void ovh.corail.tombstone.event.EventHandler.onServerTick(net.neoforged.neoforge.event.tick.ServerTickEvent$Post) to the game event bus
[25Sep2026 11:21:53.638] [modloading-worker-0/DEBUG] [net.neoforged.fml.javafmlmod.AutomaticEventSubscriber/LOADING]: Subscribing method public static void ovh.corail.tombstone.event.EventHandler.onEffectRemoved(net.neoforged.neoforge.event.entity.living.MobEffectEvent$Remove) to the game event bus
[25Sep2026 11:21:53.639] [modloading-worker-0/DEBUG] [net.neoforged.fml.javafmlmod.AutomaticEventSubscriber/LOADING]: Subscribing method public static void ovh.corail.tombstone.event.EventHandler.onLivingDamagePre(net.neoforged.neoforge.event.entity.living.LivingDamageEvent$Pre) to the game event bus
[25Sep2026 11:21:53.639] [modloading-worker-0/DEBUG] [net.neoforged.fml.javafmlmod.AutomaticEventSubscriber/LOADING]: Subscribing method public static void ovh.corail.tombstone.event.EventHandler.onProjectileImpact(net.neoforged.neoforge.event.entity.ProjectileImpactEvent) to the game event bus
[25Sep2026 11:21:53.640] [modloading-worker-0/DEBUG] [net.neoforged.fml.javafmlmod.AutomaticEventSubscriber/LOADING]: Subscribing method public static void ovh.corail.tombstone.event.EventHandler.onAnvilUpdate(net.neoforged.neoforge.event.AnvilUpdateEvent) to the game event bus
[25Sep2026 11:21:53.640] [modloading-worker-0/DEBUG] [net.neoforged.fml.javafmlmod.AutomaticEventSubscriber/LOADING]: Subscribing method public static void ovh.corail.tombstone.event.EventHandler.onBreak(net.neoforged.neoforge.event.level.block.BreakBlockEvent) to the game event bus
[25Sep2026 11:21:53.640] [modloading-worker-0/DEBUG] [net.neoforged.fml.javafmlmod.AutomaticEventSubscriber/LOADING]: Subscribing method public static void ovh.corail.tombstone.event.EventHandler.onLeftClickBlock(net.neoforged.neoforge.event.entity.player.PlayerInteractEvent$LeftClickBlock) to the game event bus
[25Sep2026 11:21:53.641] [modloading-worker-0/DEBUG] [net.neoforged.fml.javafmlmod.AutomaticEventSubscriber/LOADING]: Subscribing method public static void ovh.corail.tombstone.event.EventHandler.onRightClickBlock(net.neoforged.neoforge.event.entity.player.PlayerInteractEvent$RightClickBlock) to the game event bus
[25Sep2026 11:21:53.641] [modloading-worker-0/DEBUG] [net.neoforged.fml.javafmlmod.AutomaticEventSubscriber/LOADING]: Subscribing method public static void ovh.corail.tombstone.event.EventHandler.onServerStarting(net.neoforged.neoforge.event.server.ServerStartingEvent) to the game event bus
[25Sep2026 11:21:53.642] [modloading-worker-0/DEBUG] [net.neoforged.fml.javafmlmod.AutomaticEventSubscriber/LOADING]: Scanning class ovh.corail.tombstone.helper.LootHelper for @SubscribeEvent-annotated methods
[25Sep2026 11:21:53.643] [modloading-worker-0/DEBUG] [io.netty.util.internal.PlatformDependent0/]: java.nio.DirectByteBuffer.<init>(long, {int,long}): unavailable
[25Sep2026 11:21:53.643] [modloading-worker-0/DEBUG] [io.netty.util.internal.PlatformDependent/]: maxDirectMemory: 15032385536 bytes (maybe)
[25Sep2026 11:21:53.643] [modloading-worker-0/DEBUG] [io.netty.util.internal.PlatformDependent/]: -Dio.netty.tmpdir: /tmp (java.io.tmpdir)
[25Sep2026 11:21:53.644] [modloading-worker-0/DEBUG] [io.netty.util.internal.PlatformDependent/]: -Dio.netty.bitMode: 64 (sun.arch.data.model)
[25Sep2026 11:21:53.645] [modloading-worker-0/DEBUG] [io.netty.util.internal.PlatformDependent/]: -Dio.netty.maxDirectMemory: 15032385536 bytes
[25Sep2026 11:21:53.646] [modloading-worker-0/DEBUG] [io.netty.util.internal.CleanerJava9/]: java.nio.ByteBuffer.cleaner(): unavailable
java.lang.UnsupportedOperationException: sun.misc.Unsafe unavailable
	at io.netty.util.internal.CleanerJava9.<clinit>(CleanerJava9.java:70) ~[netty-common-4.2.15.Final.jar:4.2.15.Final]
	at io.netty.util.internal.PlatformDependent.<clinit>(PlatformDependent.java:209) ~[netty-common-4.2.15.Final.jar:4.2.15.Final]
	at io.netty.buffer.UnpooledByteBufAllocator.<clinit>(UnpooledByteBufAllocator.java:38) ~[netty-buffer-4.2.15.Final.jar:4.2.15.Final]
	at io.netty.buffer.Unpooled.<clinit>(Unpooled.java:75) ~[netty-buffer-4.2.15.Final.jar:4.2.15.Final]
	at TRANSFORMER/neoforge@26.2.0.75/net.neoforged.neoforge.network.filters.GenericPacketSplitter.determineMaxPayloadSize(GenericPacketSplitter.java:188) ~[neoforge-26.2.0.75-universal.jar:?]
	at TRANSFORMER/neoforge@26.2.0.75/net.neoforged.neoforge.network.filters.GenericPacketSplitter$SizeLimits.<init>(GenericPacketSplitter.java:46) ~[neoforge-26.2.0.75-universal.jar:?]
	at TRANSFORMER/neoforge@26.2.0.75/net.neoforged.neoforge.network.filters.GenericPacketSplitter.<clinit>(GenericPacketSplitter.java:51) ~[neoforge-26.2.0.75-universal.jar:?]
	at java.base/java.lang.Class.forName0(Native Method) ~[?:?]
	at java.base/java.lang.Class.forName(Class.java:547) ~[?:?]
	at net.neoforged.fml.javafmlmod.AutomaticEventSubscriber.lambda$inject$4(AutomaticEventSubscriber.java:54) ~[loader-11.0.16.jar:11.0]
	at java.base/java.util.ArrayList.forEach(ArrayList.java:1604) ~[?:?]
	at net.neoforged.fml.javafmlmod.AutomaticEventSubscriber.inject(AutomaticEventSubscriber.java:47) ~[loader-11.0.16.jar:11.0]
	at net.neoforged.fml.javafmlmod.FMLModContainer.constructMod(FMLModContainer.java:136) ~[loader-11.0.16.jar:11.0]
	at net.neoforged.fml.ModLoader.lambda$constructMods$0(ModLoader.java:125) [loader-11.0.16.jar:11.0]
	at net.neoforged.fml.ModLoader.lambda$dispatchParallelTask$3(ModLoader.java:203) [loader-11.0.16.jar:11.0]
	at java.base/java.util.concurrent.CompletableFuture.uniHandle(CompletableFuture.java:955) [?:?]
	at java.base/java.util.concurrent.CompletableFuture$UniHandle.tryFire(CompletableFuture.java:932) [?:?]
	at java.base/java.util.concurrent.CompletableFuture$Completion.exec(CompletableFuture.java:504) [?:?]
	at java.base/java.util.concurrent.ForkJoinTask.doExec(ForkJoinTask.java:511) [?:?]
	at java.base/java.util.concurrent.ForkJoinPool$WorkQueue.topLevelExec(ForkJoinPool.java:1450) [?:?]
	at java.base/java.util.concurrent.ForkJoinPool.runWorker(ForkJoinPool.java:2019) [?:?]
	at java.base/java.util.concurrent.ForkJoinWorkerThread.run(ForkJoinWorkerThread.java:187) [?:?]
[25Sep2026 11:21:53.662] [modloading-worker-0/DEBUG] [net.neoforged.fml.javafmlmod.AutomaticEventSubscriber/LOADING]: Subscribing method public static void ovh.corail.tombstone.helper.LootHelper.onDrops(net.neoforged.neoforge.event.entity.living.LivingDropsEvent) to the game event bus
[25Sep2026 11:21:53.663] [modloading-worker-0/DEBUG] [net.neoforged.fml.javafmlmod.AutomaticEventSubscriber/LOADING]: Subscribing method public static void ovh.corail.tombstone.helper.LootHelper.onLootTableLoad(net.neoforged.neoforge.event.LootTableLoadEvent) to the game event bus
[25Sep2026 11:21:53.664] [modloading-worker-0/DEBUG] [net.neoforged.fml.javafmlmod.AutomaticEventSubscriber/LOADING]: Subscribing method public static void ovh.corail.tombstone.helper.LootHelper.onReloadListener(net.neoforged.neoforge.event.AddServerReloadListenersEvent) to the game event bus
[25Sep2026 11:21:53.665] [modloading-worker-0/DEBUG] [net.neoforged.fml.javafmlmod.AutomaticEventSubscriber/LOADING]: Scanning class ovh.corail.tombstone.helper.PlacedBlocksTracker$PlacedBlocksEvents for @SubscribeEvent-annotated methods
[25Sep2026 11:21:53.665] [modloading-worker-0/DEBUG] [net.neoforged.fml.javafmlmod.AutomaticEventSubscriber/LOADING]: Subscribing method public static void ovh.corail.tombstone.helper.PlacedBlocksTracker$PlacedBlocksEvents.onPlacedBlock(net.neoforged.neoforge.event.level.BlockEvent$EntityPlaceEvent) to the game event bus
[25Sep2026 11:21:53.666] [modloading-worker-0/DEBUG] [net.neoforged.fml.javafmlmod.AutomaticEventSubscriber/LOADING]: Subscribing method public static void ovh.corail.tombstone.helper.PlacedBlocksTracker$PlacedBlocksEvents.onBrokenBlock(net.neoforged.neoforge.event.level.block.BreakBlockEvent) to the game event bus
[25Sep2026 11:21:53.666] [modloading-worker-0/DEBUG] [net.neoforged.fml.javafmlmod.AutomaticEventSubscriber/LOADING]: Scanning class ovh.corail.tombstone.network.PacketHandler for @SubscribeEvent-annotated methods
[25Sep2026 11:21:53.667] [modloading-worker-0/DEBUG] [net.neoforged.fml.javafmlmod.AutomaticEventSubscriber/LOADING]: Subscribing method public static void ovh.corail.tombstone.network.PacketHandler.onRegisterPayloadHandler(net.neoforged.neoforge.network.event.RegisterPayloadHandlersEvent) to the event bus of mod tombstone
[25Sep2026 11:21:53.668] [modloading-worker-0/DEBUG] [net.neoforged.fml.javafmlmod.AutomaticEventSubscriber/LOADING]: Scanning class ovh.corail.tombstone.perk.PerkRegistry for @SubscribeEvent-annotated methods
[25Sep2026 11:21:53.669] [modloading-worker-0/DEBUG] [net.neoforged.fml.javafmlmod.AutomaticEventSubscriber/LOADING]: Subscribing method public static void ovh.corail.tombstone.perk.PerkRegistry.createRegistry(net.neoforged.neoforge.registries.NewRegistryEvent) to the event bus of mod tombstone
[25Sep2026 11:21:53.670] [modloading-worker-0/DEBUG] [net.neoforged.fml.javafmlmod.AutomaticEventSubscriber/LOADING]: Scanning class ovh.corail.tombstone.registry.ModPotions for @SubscribeEvent-annotated methods
[25Sep2026 11:21:53.673] [modloading-worker-0/DEBUG] [net.neoforged.fml.javafmlmod.AutomaticEventSubscriber/LOADING]: Subscribing method public static void ovh.corail.tombstone.registry.ModPotions.onBrewingRecipeRegister(net.neoforged.neoforge.event.brewing.RegisterBrewingRecipesEvent) to the game event bus
[25Sep2026 11:21:53.673] [modloading-worker-0/DEBUG] [net.neoforged.fml.javafmlmod.AutomaticEventSubscriber/LOADING]: Scanning class ovh.corail.tombstone.registry.Registration for @SubscribeEvent-annotated methods
[25Sep2026 11:21:53.675] [modloading-worker-0/DEBUG] [net.neoforged.fml.javafmlmod.AutomaticEventSubscriber/LOADING]: Subscribing method public static void ovh.corail.tombstone.registry.Registration.onRegistration(net.neoforged.neoforge.registries.RegisterEvent) to the event bus of mod tombstone
[25Sep2026 11:21:53.675] [modloading-worker-0/DEBUG] [net.neoforged.fml.javafmlmod.AutomaticEventSubscriber/LOADING]: Subscribing method public static void ovh.corail.tombstone.registry.Registration.onRegisterAttributes(net.neoforged.neoforge.event.entity.EntityAttributeCreationEvent) to the event bus of mod tombstone
[25Sep2026 11:21:53.676] [modloading-worker-0/INFO] [Dungeon Crawl/]: Here we go! Launching Dungeon Crawl 2.3.17...
[25Sep2026 11:21:53.678] [modloading-worker-0/DEBUG] [net.neoforged.fml.config.ConfigTracker/CONFIG]: Config file dungeon_crawl.toml for dungeoncrawl tracking
[25Sep2026 11:21:53.683] [modloading-worker-0/DEBUG] [net.neoforged.fml.javafmlmod.AutomaticEventSubscriber/LOADING]: Attempting to inject @EventBusSubscriber classes into the eventbus for dungeoncrawl
[25Sep2026 11:21:53.685] [modloading-worker-0/DEBUG] [mixin/]: Mixing impl.MixinPacketHandler from glitchcore.neoforge.mixins.json into glitchcore.network.PacketHandler
[25Sep2026 11:21:53.687] [modloading-worker-0/DEBUG] [mixin/]: glitchcore.neoforge.mixins.json:impl.MixinPacketHandler from mod glitchcore: Class version 69 required is higher than the class version supported by the current version of Mixin (JAVA_17 supports class version 61)
[25Sep2026 11:21:53.688] [modloading-worker-0/DEBUG] [mixin/]: Renaming synthetic method lambda$register$2(Lglitchcore/neoforge/network/GCPayloadFactory;Lnet/neoforged/neoforge/client/network/event/RegisterClientPayloadHandlersEvent;)V to mda57a1a$glitchcore$lambda$register$2$0 in glitchcore.neoforge.mixins.json:impl.MixinPacketHandler from mod glitchcore
[25Sep2026 11:21:53.688] [modloading-worker-0/DEBUG] [mixin/]: Renaming synthetic method lambda$register$1(Ljava/lang/String;Lglitchcore/network/CustomPacket;Lglitchcore/neoforge/network/GCPayloadFactory;Lnet/neoforged/neoforge/network/event/RegisterPayloadHandlersEvent;)V to mda57a1a$glitchcore$lambda$register$1$1 in glitchcore.neoforge.mixins.json:impl.MixinPacketHandler from mod glitchcore
[25Sep2026 11:21:53.688] [modloading-worker-0/DEBUG] [mixin/]: Renaming synthetic method lambda$register$0()Ljava/lang/IllegalArgumentException; to mda57a1a$glitchcore$lambda$register$0$2 in glitchcore.neoforge.mixins.json:impl.MixinPacketHandler from mod glitchcore
[25Sep2026 11:21:53.694] [modloading-worker-0/DEBUG] [net.neoforged.fml.javafmlmod.AutomaticEventSubscriber/LOADING]: Attempting to inject @EventBusSubscriber classes into the eventbus for glitchcore
[25Sep2026 11:21:53.694] [modloading-worker-0/DEBUG] [net.neoforged.fml.javafmlmod.AutomaticEventSubscriber/LOADING]: Scanning class glitchcore.neoforge.handlers.InteractionEventHandler for @SubscribeEvent-annotated methods
[25Sep2026 11:21:53.695] [modloading-worker-0/DEBUG] [net.neoforged.fml.javafmlmod.AutomaticEventSubscriber/LOADING]: Subscribing method public static void glitchcore.neoforge.handlers.InteractionEventHandler.onRightClickBlock(net.neoforged.neoforge.event.entity.player.PlayerInteractEvent$RightClickBlock) to the game event bus
[25Sep2026 11:21:53.695] [modloading-worker-0/DEBUG] [net.neoforged.fml.javafmlmod.AutomaticEventSubscriber/LOADING]: Scanning class glitchcore.neoforge.handlers.RegisterCommandsEventHandler for @SubscribeEvent-annotated methods
[25Sep2026 11:21:53.696] [modloading-worker-0/DEBUG] [net.neoforged.fml.javafmlmod.AutomaticEventSubscriber/LOADING]: Subscribing method public static void glitchcore.neoforge.handlers.RegisterCommandsEventHandler.onRegisterCommands(net.neoforged.neoforge.event.RegisterCommandsEvent) to the game event bus
[25Sep2026 11:21:53.697] [modloading-worker-0/DEBUG] [net.neoforged.fml.javafmlmod.AutomaticEventSubscriber/LOADING]: Scanning class glitchcore.neoforge.handlers.RegistryEventHandler for @SubscribeEvent-annotated methods
[25Sep2026 11:21:53.697] [modloading-worker-0/DEBUG] [net.neoforged.fml.javafmlmod.AutomaticEventSubscriber/LOADING]: Subscribing method private static void glitchcore.neoforge.handlers.RegistryEventHandler.onRegister(net.neoforged.neoforge.registries.RegisterEvent) to the event bus of mod glitchcore
[25Sep2026 11:21:53.698] [modloading-worker-0/DEBUG] [net.neoforged.fml.javafmlmod.AutomaticEventSubscriber/LOADING]: Scanning class glitchcore.neoforge.handlers.RemapperEventHandler for @SubscribeEvent-annotated methods
[25Sep2026 11:21:53.698] [modloading-worker-0/DEBUG] [net.neoforged.fml.javafmlmod.AutomaticEventSubscriber/LOADING]: Subscribing method public static void glitchcore.neoforge.handlers.RemapperEventHandler.onRegister(net.neoforged.neoforge.registries.RegisterEvent) to the event bus of mod glitchcore
[25Sep2026 11:21:53.698] [modloading-worker-0/DEBUG] [net.neoforged.fml.javafmlmod.AutomaticEventSubscriber/LOADING]: Scanning class glitchcore.neoforge.handlers.TagsUpdatedEventHandler for @SubscribeEvent-annotated methods
[25Sep2026 11:21:53.699] [modloading-worker-0/DEBUG] [net.neoforged.fml.javafmlmod.AutomaticEventSubscriber/LOADING]: Subscribing method public static void glitchcore.neoforge.handlers.TagsUpdatedEventHandler.onTagsUpdated(net.neoforged.neoforge.event.TagsUpdatedEvent) to the game event bus
[25Sep2026 11:21:53.700] [modloading-worker-0/DEBUG] [net.neoforged.fml.javafmlmod.AutomaticEventSubscriber/LOADING]: Scanning class glitchcore.neoforge.handlers.TickEventHandler for @SubscribeEvent-annotated methods
[25Sep2026 11:21:53.701] [modloading-worker-0/DEBUG] [net.neoforged.fml.javafmlmod.AutomaticEventSubscriber/LOADING]: Subscribing method public static void glitchcore.neoforge.handlers.TickEventHandler.onLevelTick(net.neoforged.neoforge.event.tick.LevelTickEvent$Pre) to the game event bus
[25Sep2026 11:21:53.701] [modloading-worker-0/DEBUG] [net.neoforged.fml.javafmlmod.AutomaticEventSubscriber/LOADING]: Subscribing method public static void glitchcore.neoforge.handlers.TickEventHandler.onLevelTick(net.neoforged.neoforge.event.tick.LevelTickEvent$Post) to the game event bus
[25Sep2026 11:21:53.701] [modloading-worker-0/DEBUG] [net.neoforged.fml.javafmlmod.AutomaticEventSubscriber/LOADING]: Scanning class glitchcore.neoforge.handlers.ToolModificationEventHandler for @SubscribeEvent-annotated methods
[25Sep2026 11:21:53.702] [modloading-worker-0/DEBUG] [net.neoforged.fml.javafmlmod.AutomaticEventSubscriber/LOADING]: Subscribing method public static void glitchcore.neoforge.handlers.ToolModificationEventHandler.onToolModification(net.neoforged.neoforge.event.level.BlockEvent$BlockToolModificationEvent) to the game event bus
[25Sep2026 11:21:53.702] [modloading-worker-0/DEBUG] [net.neoforged.fml.javafmlmod.AutomaticEventSubscriber/LOADING]: Scanning class glitchcore.neoforge.handlers.TooltipEventHandler for @SubscribeEvent-annotated methods
[25Sep2026 11:21:53.703] [modloading-worker-0/DEBUG] [net.neoforged.fml.javafmlmod.AutomaticEventSubscriber/LOADING]: Subscribing method public static void glitchcore.neoforge.handlers.TooltipEventHandler.onItemTooltip(net.neoforged.neoforge.event.entity.player.ItemTooltipEvent) to the game event bus
[25Sep2026 11:21:53.707] [modloading-worker-0/DEBUG] [mixin/]: Mixing impl.MixinEnvironment from glitchcore.neoforge.mixins.json into glitchcore.util.Environment
[25Sep2026 11:21:53.707] [modloading-worker-0/DEBUG] [mixin/]: glitchcore.neoforge.mixins.json:impl.MixinEnvironment from mod glitchcore: Class version 69 required is higher than the class version supported by the current version of Mixin (JAVA_17 supports class version 61)
[25Sep2026 11:21:53.750] [modloading-worker-0/DEBUG] [io.netty.util.internal.CleanerJava24Linker/]: java.nio.ByteBuffer.cleaner(): available
[25Sep2026 11:21:53.750] [modloading-worker-0/DEBUG] [io.netty.util.internal.PlatformDependent/]: -Dio.netty.noPreferDirect: false
[25Sep2026 11:21:53.750] [modloading-worker-0/DEBUG] [io.netty.util.internal.PlatformDependent/]: -Dio.netty.ignoreExpensiveClean: false
[25Sep2026 11:21:53.758] [modloading-worker-0/DEBUG] [io.netty.util.internal.PlatformDependent/]: -Dio.netty.jfr.enabled: true
[25Sep2026 11:21:53.764] [modloading-worker-0/DEBUG] [io.netty.util.internal.PlatformDependent/]: java.lang.invoke.VarHandle: available
[25Sep2026 11:21:53.764] [modloading-worker-0/DEBUG] [io.netty.util.internal.PlatformDependent/]: -Dio.netty.varHandle.enabled: true
[25Sep2026 11:21:53.767] [modloading-worker-0/DEBUG] [mixin/]: Mixing MixinBloodFluid from biomesoplenty.neoforge.mixins.json into biomesoplenty.block.BloodFluid
[25Sep2026 11:21:53.768] [modloading-worker-0/DEBUG] [mixin/]: biomesoplenty.neoforge.mixins.json:MixinBloodFluid from mod biomesoplenty: Class version 69 required is higher than the class version supported by the current version of Mixin (JAVA_17 supports class version 61)
[25Sep2026 11:21:53.772] [modloading-worker-0/DEBUG] [io.netty.buffer.AbstractByteBuf/]: -Dio.netty.buffer.checkAccessible: true
[25Sep2026 11:21:53.772] [modloading-worker-0/DEBUG] [io.netty.buffer.AbstractByteBuf/]: -Dio.netty.buffer.checkBounds: true
[25Sep2026 11:21:53.773] [modloading-worker-0/DEBUG] [io.netty.util.ResourceLeakDetectorFactory/]: Loaded default ResourceLeakDetector: io.netty.util.ResourceLeakDetector@b70333d
[25Sep2026 11:21:53.775] [modloading-worker-0/DEBUG] [mixin/]: Mixing MixinLiquidNullFluid from biomesoplenty.neoforge.mixins.json into biomesoplenty.block.LiquidNullFluid
[25Sep2026 11:21:53.775] [modloading-worker-0/DEBUG] [mixin/]: biomesoplenty.neoforge.mixins.json:MixinLiquidNullFluid from mod biomesoplenty: Class version 69 required is higher than the class version supported by the current version of Mixin (JAVA_17 supports class version 61)
[25Sep2026 11:21:53.787] [modloading-worker-0/DEBUG] [io.netty.util.internal.InternalThreadLocalMap/]: -Dio.netty.threadLocalMap.stringBuilder.initialSize: 1024
[25Sep2026 11:21:53.787] [modloading-worker-0/DEBUG] [io.netty.util.internal.InternalThreadLocalMap/]: -Dio.netty.threadLocalMap.stringBuilder.maxSize: 4096
[25Sep2026 11:21:53.788] [modloading-worker-0/DEBUG] [io.netty.buffer.AdaptiveByteBufAllocator/]: -Dio.netty.allocator.useCachedMagazinesForNonEventLoopThreads: false
[25Sep2026 11:21:53.808] [modloading-worker-0/DEBUG] [io.netty.util.Recycler/]: -Dio.netty.recycler.maxCapacityPerThread: 4096
[25Sep2026 11:21:53.808] [modloading-worker-0/DEBUG] [io.netty.util.Recycler/]: -Dio.netty.recycler.ratio: 8
[25Sep2026 11:21:53.808] [modloading-worker-0/DEBUG] [io.netty.util.Recycler/]: -Dio.netty.recycler.chunkSize: 32
[25Sep2026 11:21:53.808] [modloading-worker-0/DEBUG] [io.netty.util.Recycler/]: -Dio.netty.recycler.blocking: false
[25Sep2026 11:21:53.809] [modloading-worker-0/DEBUG] [io.netty.util.Recycler/]: -Dio.netty.recycler.batchFastThreadLocalOnly: true
[25Sep2026 11:21:53.822] [modloading-worker-0/DEBUG] [io.netty.buffer.ByteBufUtil/]: -Dio.netty.allocator.type: adaptive
[25Sep2026 11:21:53.822] [modloading-worker-0/DEBUG] [io.netty.buffer.ByteBufUtil/]: -Dio.netty.threadLocalDirectBufferSize: 0
[25Sep2026 11:21:53.822] [modloading-worker-0/DEBUG] [io.netty.buffer.ByteBufUtil/]: -Dio.netty.maxThreadLocalCharBufferSize: 16384
[25Sep2026 11:21:53.828] [modloading-worker-0/DEBUG] [net.neoforged.fml.javafmlmod.AutomaticEventSubscriber/LOADING]: Attempting to inject @EventBusSubscriber classes into the eventbus for collective
[25Sep2026 11:21:53.828] [modloading-worker-0/DEBUG] [net.neoforged.fml.javafmlmod.AutomaticEventSubscriber/LOADING]: Scanning class com.natamus.collective.neoforge.events.RegisterCollectiveNeoForgeEvents for @SubscribeEvent-annotated methods
[25Sep2026 11:21:53.828] [modloading-worker-0/DEBUG] [net.neoforged.fml.javafmlmod.AutomaticEventSubscriber/LOADING]: Attempting to inject @EventBusSubscriber classes into the eventbus for travelersbackpack
[25Sep2026 11:21:53.829] [modloading-worker-0/DEBUG] [net.neoforged.fml.javafmlmod.AutomaticEventSubscriber/LOADING]: Scanning class com.tiviacz.travelersbackpack.handlers.ModEventHandler for @SubscribeEvent-annotated methods
[25Sep2026 11:21:53.829] [modloading-worker-0/DEBUG] [net.neoforged.fml.javafmlmod.AutomaticEventSubscriber/LOADING]: Subscribing method public static void com.natamus.collective.neoforge.events.RegisterCollectiveNeoForgeEvents.registerCommands(net.neoforged.neoforge.event.RegisterCommandsEvent) to the game event bus
[25Sep2026 11:21:53.829] [modloading-worker-0/DEBUG] [net.neoforged.fml.javafmlmod.AutomaticEventSubscriber/LOADING]: Subscribing method public static void com.natamus.collective.neoforge.events.RegisterCollectiveNeoForgeEvents.onPlayerLoggedIn(net.neoforged.neoforge.event.entity.player.PlayerEvent$PlayerLoggedInEvent) to the game event bus
[25Sep2026 11:21:53.830] [modloading-worker-0/DEBUG] [net.neoforged.fml.javafmlmod.AutomaticEventSubscriber/LOADING]: Subscribing method public static void com.tiviacz.travelersbackpack.handlers.ModEventHandler.onGatherData(net.neoforged.neoforge.data.event.GatherDataEvent$Client) to the event bus of mod travelersbackpack
[25Sep2026 11:21:53.830] [modloading-worker-0/DEBUG] [net.neoforged.fml.javafmlmod.AutomaticEventSubscriber/LOADING]: Subscribing method public static void com.natamus.collective.neoforge.events.RegisterCollectiveNeoForgeEvents.onWorldLoad(net.neoforged.neoforge.event.level.LevelEvent$Load) to the game event bus
[25Sep2026 11:21:53.832] [modloading-worker-0/DEBUG] [net.neoforged.fml.javafmlmod.AutomaticEventSubscriber/LOADING]: Subscribing method public static void com.natamus.collective.neoforge.events.RegisterCollectiveNeoForgeEvents.onServerTick(net.neoforged.neoforge.event.tick.ServerTickEvent$Post) to the game event bus
[25Sep2026 11:21:53.833] [modloading-worker-0/DEBUG] [net.neoforged.fml.javafmlmod.AutomaticEventSubscriber/LOADING]: Subscribing method public static void com.natamus.collective.neoforge.events.RegisterCollectiveNeoForgeEvents.onWorldTick(net.neoforged.neoforge.event.tick.LevelTickEvent$Post) to the game event bus
[25Sep2026 11:21:53.833] [modloading-worker-0/DEBUG] [net.neoforged.fml.javafmlmod.AutomaticEventSubscriber/LOADING]: Subscribing method public static void com.tiviacz.travelersbackpack.handlers.ModEventHandler.registerPayloadHandler(net.neoforged.neoforge.network.event.RegisterPayloadHandlersEvent) to the event bus of mod travelersbackpack
[25Sep2026 11:21:53.832] [modloading-worker-0/DEBUG] [net.neoforged.fml.javafmlmod.AutomaticEventSubscriber/LOADING]: Subscribing method private static void net.neoforged.neoforge.network.filters.GenericPacketSplitter.register(net.neoforged.neoforge.network.event.RegisterPayloadHandlersEvent) to the event bus of mod neoforge
[25Sep2026 11:21:53.833] [modloading-worker-0/DEBUG] [net.neoforged.fml.javafmlmod.AutomaticEventSubscriber/LOADING]: Subscribing method public static void com.tiviacz.travelersbackpack.handlers.ModEventHandler.onModConfigLoad(net.neoforged.fml.event.config.ModConfigEvent$Loading) to the event bus of mod travelersbackpack
[25Sep2026 11:21:53.833] [modloading-worker-0/DEBUG] [net.neoforged.fml.javafmlmod.AutomaticEventSubscriber/LOADING]: Subscribing method public static void com.tiviacz.travelersbackpack.handlers.ModEventHandler.onModConfigReload(net.neoforged.fml.event.config.ModConfigEvent$Reloading) to the event bus of mod travelersbackpack
[25Sep2026 11:21:53.834] [modloading-worker-0/DEBUG] [net.neoforged.fml.javafmlmod.AutomaticEventSubscriber/LOADING]: Subscribing method public static void com.tiviacz.travelersbackpack.handlers.ModEventHandler.registerCapabilities(net.neoforged.neoforge.capabilities.RegisterCapabilitiesEvent) to the event bus of mod travelersbackpack
[25Sep2026 11:21:53.834] [modloading-worker-0/DEBUG] [net.neoforged.fml.javafmlmod.AutomaticEventSubscriber/LOADING]: Subscribing method public static void com.natamus.collective.neoforge.events.RegisterCollectiveNeoForgeEvents.onEntityJoinLevel(net.neoforged.neoforge.event.entity.EntityJoinLevelEvent) to the game event bus
[25Sep2026 11:21:53.835] [modloading-worker-0/DEBUG] [net.neoforged.fml.javafmlmod.AutomaticEventSubscriber/LOADING]: Subscribing method public static void com.natamus.collective.neoforge.events.RegisterCollectiveNeoForgeEvents.onServerStarted(net.neoforged.neoforge.event.server.ServerAboutToStartEvent) to the game event bus
[25Sep2026 11:21:53.835] [modloading-worker-0/DEBUG] [net.neoforged.fml.javafmlmod.AutomaticEventSubscriber/LOADING]: Scanning class com.tiviacz.travelersbackpack.handlers.NeoForgeEventHandler for @SubscribeEvent-annotated methods
[25Sep2026 11:21:53.844] [modloading-worker-0/DEBUG] [net.neoforged.fml.javafmlmod.AutomaticEventSubscriber/LOADING]: Attempting to inject @EventBusSubscriber classes into the eventbus for biomesoplenty
[25Sep2026 11:21:53.844] [modloading-worker-0/DEBUG] [net.neoforged.fml.javafmlmod.AutomaticEventSubscriber/LOADING]: Scanning class biomesoplenty.neoforge.client.FluidClientHandler for @SubscribeEvent-annotated methods
[25Sep2026 11:21:53.848] [modloading-worker-0/DEBUG] [net.neoforged.fml.javafmlmod.AutomaticEventSubscriber/LOADING]: Subscribing method public static void biomesoplenty.neoforge.client.FluidClientHandler.onRegisterFluidModels(net.neoforged.neoforge.client.event.RegisterFluidModelsEvent) to the event bus of mod biomesoplenty
[25Sep2026 11:21:53.848] [modloading-worker-0/DEBUG] [net.neoforged.fml.javafmlmod.AutomaticEventSubscriber/LOADING]: Subscribing method public static void biomesoplenty.neoforge.client.FluidClientHandler.onRegisterClientExtensions(net.neoforged.neoforge.client.extensions.common.RegisterClientExtensionsEvent) to the event bus of mod biomesoplenty
[25Sep2026 11:21:53.848] [modloading-worker-0/DEBUG] [net.neoforged.fml.javafmlmod.AutomaticEventSubscriber/LOADING]: Scanning class biomesoplenty.neoforge.datagen.DataGenerationHandler for @SubscribeEvent-annotated methods
[25Sep2026 11:21:53.850] [modloading-worker-0/DEBUG] [net.neoforged.fml.javafmlmod.AutomaticEventSubscriber/LOADING]: Subscribing method public static void com.tiviacz.travelersbackpack.handlers.NeoForgeEventHandler.onPlayerDrops(net.neoforged.neoforge.event.entity.living.LivingDropsEvent) to the game event bus
[25Sep2026 11:21:53.851] [modloading-worker-0/INFO] [Inventory Profiles Next/]: [Inventory Profiles Next] Inventory Profiles Next - init in Kotlin
[25Sep2026 11:21:53.855] [modloading-worker-0/DEBUG] [net.neoforged.fml.javafmlmod.AutomaticEventSubscriber/LOADING]: Subscribing method public static void com.tiviacz.travelersbackpack.handlers.NeoForgeEventHandler.playerSetSpawn(net.neoforged.neoforge.event.entity.player.PlayerSetSpawnEvent) to the game event bus
[25Sep2026 11:21:53.855] [modloading-worker-0/DEBUG] [net.neoforged.fml.javafmlmod.AutomaticEventSubscriber/LOADING]: Subscribing method public static void com.tiviacz.travelersbackpack.handlers.NeoForgeEventHandler.playerWakeUp(net.neoforged.neoforge.event.entity.player.PlayerWakeUpEvent) to the game event bus
[25Sep2026 11:21:53.855] [modloading-worker-0/DEBUG] [net.neoforged.fml.javafmlmod.AutomaticEventSubscriber/LOADING]: Subscribing method public static void com.tiviacz.travelersbackpack.handlers.NeoForgeEventHandler.playerRightClickBlock(net.neoforged.neoforge.event.entity.player.PlayerInteractEvent$RightClickBlock) to the game event bus
[25Sep2026 11:21:53.856] [modloading-worker-0/DEBUG] [net.neoforged.fml.javafmlmod.AutomaticEventSubscriber/LOADING]: Subscribing method public static void com.tiviacz.travelersbackpack.handlers.NeoForgeEventHandler.onEnderManAngerEvent(net.neoforged.neoforge.event.entity.living.EnderManAngerEvent) to the game event bus
[25Sep2026 11:21:53.856] [modloading-worker-0/DEBUG] [net.neoforged.fml.javafmlmod.AutomaticEventSubscriber/LOADING]: Subscribing method public static void com.tiviacz.travelersbackpack.handlers.NeoForgeEventHandler.blockBlazeProjectile(net.neoforged.neoforge.event.entity.ProjectileImpactEvent) to the game event bus
[25Sep2026 11:21:53.856] [modloading-worker-0/DEBUG] [net.neoforged.fml.javafmlmod.AutomaticEventSubscriber/LOADING]: Subscribing method public static void com.tiviacz.travelersbackpack.handlers.NeoForgeEventHandler.livingChangeTarget(net.neoforged.neoforge.event.entity.living.LivingChangeTargetEvent) to the game event bus
[25Sep2026 11:21:53.857] [modloading-worker-0/DEBUG] [net.neoforged.fml.javafmlmod.AutomaticEventSubscriber/LOADING]: Subscribing method public static void com.tiviacz.travelersbackpack.handlers.NeoForgeEventHandler.onExpPickup(net.neoforged.neoforge.event.entity.player.PlayerXpEvent$PickupXp) to the game event bus
[25Sep2026 11:21:53.859] [modloading-worker-0/DEBUG] [net.neoforged.fml.javafmlmod.AutomaticEventSubscriber/LOADING]: Subscribing method public static void com.tiviacz.travelersbackpack.handlers.NeoForgeEventHandler.playerDeath(net.neoforged.neoforge.event.entity.living.LivingDeathEvent) to the game event bus
[25Sep2026 11:21:53.860] [modloading-worker-0/DEBUG] [net.neoforged.fml.javafmlmod.AutomaticEventSubscriber/LOADING]: Attempting to inject @EventBusSubscriber classes into the eventbus for inventoryprofilesnext
[25Sep2026 11:21:53.860] [modloading-worker-0/DEBUG] [net.neoforged.fml.javafmlmod.AutomaticEventSubscriber/LOADING]: Subscribing method public static void com.tiviacz.travelersbackpack.handlers.NeoForgeEventHandler.playerChangeDimension(net.neoforged.neoforge.event.entity.player.PlayerEvent$PlayerChangedDimensionEvent) to the game event bus
[25Sep2026 11:21:53.860] [modloading-worker-0/DEBUG] [net.neoforged.fml.javafmlmod.AutomaticEventSubscriber/LOADING]: Subscribing method public static void com.tiviacz.travelersbackpack.handlers.NeoForgeEventHandler.playerJoin(net.neoforged.neoforge.event.entity.player.PlayerEvent$PlayerRespawnEvent) to the game event bus
[25Sep2026 11:21:53.861] [modloading-worker-0/DEBUG] [net.neoforged.fml.javafmlmod.AutomaticEventSubscriber/LOADING]: Subscribing method public static void com.tiviacz.travelersbackpack.handlers.NeoForgeEventHandler.playerJoin(net.neoforged.neoforge.event.entity.player.PlayerEvent$PlayerLoggedInEvent) to the game event bus
[25Sep2026 11:21:53.861] [modloading-worker-0/DEBUG] [net.neoforged.fml.javafmlmod.AutomaticEventSubscriber/LOADING]: Subscribing method public static void com.tiviacz.travelersbackpack.handlers.NeoForgeEventHandler.entityJoin(net.neoforged.neoforge.event.entity.EntityJoinLevelEvent) to the game event bus
[25Sep2026 11:21:53.861] [modloading-worker-0/DEBUG] [net.neoforged.fml.javafmlmod.AutomaticEventSubscriber/LOADING]: Subscribing method public static void com.tiviacz.travelersbackpack.handlers.NeoForgeEventHandler.finalizeSpawnEvent(net.neoforged.neoforge.event.entity.living.FinalizeSpawnEvent) to the game event bus
[25Sep2026 11:21:53.861] [modloading-worker-0/DEBUG] [net.neoforged.fml.javafmlmod.AutomaticEventSubscriber/LOADING]: Subscribing method public static void com.tiviacz.travelersbackpack.handlers.NeoForgeEventHandler.playerTracking(net.neoforged.neoforge.event.entity.player.PlayerEvent$StartTracking) to the game event bus
[25Sep2026 11:21:53.862] [modloading-worker-0/DEBUG] [net.neoforged.fml.javafmlmod.AutomaticEventSubscriber/LOADING]: Subscribing method public static void com.tiviacz.travelersbackpack.handlers.NeoForgeEventHandler.playerTick(net.neoforged.neoforge.event.tick.PlayerTickEvent$Post) to the game event bus
[25Sep2026 11:21:53.862] [modloading-worker-0/DEBUG] [net.neoforged.fml.javafmlmod.AutomaticEventSubscriber/LOADING]: Subscribing method public static void com.tiviacz.travelersbackpack.handlers.NeoForgeEventHandler.registerCommands(net.neoforged.neoforge.event.RegisterCommandsEvent) to the game event bus
[25Sep2026 11:21:53.862] [modloading-worker-0/DEBUG] [net.neoforged.fml.javafmlmod.AutomaticEventSubscriber/LOADING]: Subscribing method public static void com.tiviacz.travelersbackpack.handlers.NeoForgeEventHandler.onServerTick(net.neoforged.neoforge.event.tick.ServerTickEvent$Post) to the game event bus
[25Sep2026 11:21:53.863] [modloading-worker-0/DEBUG] [net.neoforged.fml.javafmlmod.AutomaticEventSubscriber/LOADING]: Subscribing method public static void com.tiviacz.travelersbackpack.handlers.NeoForgeEventHandler.onWorldTick(net.neoforged.neoforge.event.tick.LevelTickEvent$Post) to the game event bus
[25Sep2026 11:21:53.863] [modloading-worker-0/DEBUG] [net.neoforged.fml.javafmlmod.AutomaticEventSubscriber/LOADING]: Subscribing method public static void com.tiviacz.travelersbackpack.handlers.NeoForgeEventHandler.onHit(net.neoforged.neoforge.event.entity.player.AttackEntityEvent) to the game event bus
[25Sep2026 11:21:53.863] [modloading-worker-0/DEBUG] [net.neoforged.fml.javafmlmod.AutomaticEventSubscriber/LOADING]: Subscribing method public static void com.tiviacz.travelersbackpack.handlers.NeoForgeEventHandler.onItemPickup(net.neoforged.neoforge.event.entity.player.ItemEntityPickupEvent$Pre) to the game event bus
[25Sep2026 11:21:53.864] [modloading-worker-0/DEBUG] [net.neoforged.fml.javafmlmod.AutomaticEventSubscriber/LOADING]: Attempting to inject @EventBusSubscriber classes into the eventbus for journeymap_api
[25Sep2026 11:21:53.864] [modloading-worker-0/DEBUG] [playerrevive/]: Created network playerrevive:main
[25Sep2026 11:21:53.868] [modloading-worker-0/DEBUG] [net.neoforged.fml.javafmlmod.AutomaticEventSubscriber/LOADING]: Attempting to inject @EventBusSubscriber classes into the eventbus for playerrevive
[25Sep2026 11:21:53.869] [modloading-worker-0/DEBUG] [net.neoforged.fml.javafmlmod.AutomaticEventSubscriber/LOADING]: Subscribing method public static void biomesoplenty.neoforge.datagen.DataGenerationHandler.onGatherData(net.neoforged.neoforge.data.event.GatherDataEvent$Client) to the event bus of mod biomesoplenty
[25Sep2026 11:21:53.875] [modloading-worker-0/DEBUG] [net.neoforged.fml.javafmlmod.AutomaticEventSubscriber/LOADING]: Attempting to inject @EventBusSubscriber classes into the eventbus for replantingcrops
[25Sep2026 11:21:53.907] [modloading-worker-0/DEBUG] [net.neoforged.fml.javafmlmod.AutomaticEventSubscriber/LOADING]: Attempting to inject @EventBusSubscriber classes into the eventbus for balm
[25Sep2026 11:21:53.924] [modloading-worker-0/DEBUG] [net.neoforged.fml.javafmlmod.AutomaticEventSubscriber/LOADING]: Attempting to inject @EventBusSubscriber classes into the eventbus for fallingtree
[25Sep2026 11:21:54.526] [Collective Update Checker/WARN] [Collective/]: [Update] Collective has an update available: 8.39 -> 8.40
[25Sep2026 11:21:54.533] [modloading-sync-worker/DEBUG] [mixin/]: Mixing impl.MixinBlockHelper from glitchcore.neoforge.mixins.json into glitchcore.util.BlockHelper
[25Sep2026 11:21:54.534] [modloading-sync-worker/DEBUG] [mixin/]: glitchcore.neoforge.mixins.json:impl.MixinBlockHelper from mod glitchcore: Class version 69 required is higher than the class version supported by the current version of Mixin (JAVA_17 supports class version 61)
[25Sep2026 11:21:55.184] [modloading-sync-worker/DEBUG] [net.neoforged.fml.config.ConfigTracker/CONFIG]: Loading configs type COMMON
[25Sep2026 11:21:55.191] [modloading-sync-worker/DEBUG] [net.neoforged.fml.config.ConfigTracker/CONFIG]: Loaded TOML config file /workspaces/SERVER-DISLEXICO-05/servidor_minecraft/config/repurposed_structures-neoforge/modded_loot.toml
[25Sep2026 11:21:55.197] [modloading-sync-worker/DEBUG] [net.neoforged.fml.config.ConfigTracker/CONFIG]: Watching TOML config file /workspaces/SERVER-DISLEXICO-05/servidor_minecraft/config/repurposed_structures-neoforge/modded_loot.toml for changes
[25Sep2026 11:21:55.197] [modloading-sync-worker/DEBUG] [net.neoforged.neoforge.common.NeoForgeMod/FORGEMOD]: Loaded NeoForge config file neoforge-common.toml
[25Sep2026 11:21:55.197] [modloading-sync-worker/DEBUG] [net.neoforged.fml.config.ConfigTracker/CONFIG]: Loaded TOML config file /workspaces/SERVER-DISLEXICO-05/servidor_minecraft/config/neoforge-common.toml
[25Sep2026 11:21:55.198] [modloading-sync-worker/DEBUG] [net.neoforged.fml.config.ConfigTracker/CONFIG]: Watching TOML config file /workspaces/SERVER-DISLEXICO-05/servidor_minecraft/config/neoforge-common.toml for changes
[25Sep2026 11:21:55.199] [modloading-sync-worker/DEBUG] [net.neoforged.fml.config.ConfigTracker/CONFIG]: Loaded TOML config file /workspaces/SERVER-DISLEXICO-05/servidor_minecraft/config/trashslot-common.toml
[25Sep2026 11:21:55.199] [modloading-sync-worker/DEBUG] [net.neoforged.fml.config.ConfigTracker/CONFIG]: Watching TOML config file /workspaces/SERVER-DISLEXICO-05/servidor_minecraft/config/trashslot-common.toml for changes
[25Sep2026 11:21:55.200] [modloading-sync-worker/DEBUG] [net.neoforged.fml.config.ConfigTracker/CONFIG]: Loaded TOML config file /workspaces/SERVER-DISLEXICO-05/servidor_minecraft/config/travelersbackpack-common.toml
[25Sep2026 11:21:55.200] [modloading-sync-worker/DEBUG] [net.neoforged.fml.config.ConfigTracker/CONFIG]: Watching TOML config file /workspaces/SERVER-DISLEXICO-05/servidor_minecraft/config/travelersbackpack-common.toml for changes
[25Sep2026 11:21:55.202] [modloading-sync-worker/DEBUG] [net.neoforged.fml.config.ConfigTracker/CONFIG]: Loaded TOML config file /workspaces/SERVER-DISLEXICO-05/servidor_minecraft/config/tombstone-common.toml
[25Sep2026 11:21:55.202] [modloading-sync-worker/DEBUG] [net.neoforged.fml.config.ConfigTracker/CONFIG]: Watching TOML config file /workspaces/SERVER-DISLEXICO-05/servidor_minecraft/config/tombstone-common.toml for changes
[25Sep2026 11:21:55.203] [modloading-sync-worker/DEBUG] [net.neoforged.fml.config.ConfigTracker/CONFIG]: Loaded TOML config file /workspaces/SERVER-DISLEXICO-05/servidor_minecraft/config/dungeon_crawl.toml
[25Sep2026 11:21:55.203] [modloading-sync-worker/DEBUG] [net.neoforged.fml.config.ConfigTracker/CONFIG]: Watching TOML config file /workspaces/SERVER-DISLEXICO-05/servidor_minecraft/config/dungeon_crawl.toml for changes
[25Sep2026 11:21:55.210] [NeoForge Version Check/INFO] [net.neoforged.fml.VersionChecker/]: [journeymap] Starting version check at https://neoforge.curseupdate.com/32274/journeymap
[25Sep2026 11:21:55.254] [modloading-sync-worker/DEBUG] [net.neoforged.fml.DeferredWorkQueue/LOADING]: Dispatching synchronous work for work queue Common setup: 3 jobs
[25Sep2026 11:21:55.261] [modloading-sync-worker/INFO] [com.tiviacz.travelersbackpack.TravelersBackpack/]: Registered the FluidEffect with Unique ID of minecraft:water for Reference{ResourceKey[minecraft:fluid / minecraft:water]=minecraft:water} (Fluid Amount Required: 1000) with the ID 0
[25Sep2026 11:21:55.261] [modloading-sync-worker/INFO] [com.tiviacz.travelersbackpack.TravelersBackpack/]: Registered the FluidEffect with Unique ID of minecraft:lava for Reference{ResourceKey[minecraft:fluid / minecraft:lava]=minecraft:lava} (Fluid Amount Required: 1000) with the ID 1
[25Sep2026 11:21:55.262] [modloading-sync-worker/INFO] [com.tiviacz.travelersbackpack.TravelersBackpack/]: Registered the FluidEffect with Unique ID of travelersbackpack:potion for Reference{ResourceKey[minecraft:fluid / travelersbackpack:potion_fluid]=travelersbackpack:potion_fluid} (Fluid Amount Required: 250) with the ID 2
[25Sep2026 11:21:55.262] [modloading-sync-worker/INFO] [com.tiviacz.travelersbackpack.TravelersBackpack/]: Registered the FluidEffect with Unique ID of minecraft:milk for Reference{ResourceKey[minecraft:fluid / minecraft:milk]=minecraft:milk} (Fluid Amount Required: 1000) with the ID 3
[25Sep2026 11:21:55.266] [modloading-sync-worker/INFO] [terrablender/]: Registered region minecraft:overworld to index 0 for type OVERWORLD
[25Sep2026 11:21:55.266] [modloading-sync-worker/INFO] [terrablender/]: Registered region minecraft:nether to index 0 for type NETHER
[25Sep2026 11:21:55.266] [modloading-sync-worker/INFO] [terrablender/]: Registered region biomesoplenty:overworld_primary to index 1 for type OVERWORLD
[25Sep2026 11:21:55.266] [modloading-sync-worker/INFO] [terrablender/]: Registered region biomesoplenty:overworld_secondary to index 2 for type OVERWORLD
[25Sep2026 11:21:55.266] [modloading-sync-worker/INFO] [terrablender/]: Registered region biomesoplenty:overworld_rare to index 3 for type OVERWORLD
[25Sep2026 11:21:55.266] [modloading-sync-worker/INFO] [terrablender/]: Registered region biomesoplenty:nether_common to index 1 for type NETHER
[25Sep2026 11:21:55.267] [modloading-sync-worker/INFO] [terrablender/]: Registered region biomesoplenty:nether_rare to index 2 for type NETHER
[25Sep2026 11:21:55.273] [modloading-sync-worker/DEBUG] [net.neoforged.fml.DeferredWorkQueue/LOADING]: Synchronous work queue completed in 17.36 ms
[25Sep2026 11:21:55.301] [NeoForge Version Check/DEBUG] [net.neoforged.fml.VersionChecker/]: [journeymap] Received version check data:
{"promos":{"1.20.1-latest":"5.9.18","1.20.1-recommended":"5.9.18","1.20.2-latest":"5.9.22","1.20.2-recommended":"5.9.22","1.20.3-latest":"5.9.18","1.20.3-recommended":"5.9.18","1.20.4-latest":"5.10.0","1.20.4-recommended":"5.10.0","1.20.5-latest":"5.9.27","1.20.5-recommended":"5.9.27","1.20.6-latest":"5.10.0","1.20.6-recommended":"5.10.0","1.21-latest":"1.21-6.0.0-beta.27","1.21.1-latest":"1.21.1-6.0.0-beta.52","1.21.4-latest":"1.21.4-6.0.0-beta.45","1.21.5-latest":"1.21.5-6.0.0-beta.52","1.21.6-latest":"1.21.6-6.0.0-beta.52","1.21.7-latest":"1.21.7-6.0.0-beta.53","1.21.8-latest":"1.21.8-6.0.0-beta.52"},"homepage":"https://www.curseforge.com/minecraft/mc-mods/journeymap"}
[25Sep2026 11:21:55.302] [NeoForge Version Check/INFO] [net.neoforged.fml.VersionChecker/]: [journeymap] Found status: BETA Current: 26.2-6.0.8 Target: null
[25Sep2026 11:21:55.302] [NeoForge Version Check/INFO] [net.neoforged.fml.VersionChecker/]: [tombstone] Starting version check at https://raw.githubusercontent.com/Corail31/tombstone_lite/master/neoforge-update.json
[25Sep2026 11:21:55.348] [NeoForge Version Check/DEBUG] [net.neoforged.fml.VersionChecker/]: [tombstone] Received version check data:
{
	"homepage": "https://modrinth.com/mod/corail-tombstone",
	"promos": {
		"26.2-latest": "9.9.3",
		"26.2-recommended": "9.9.3",
		"26.1.2-latest": "9.8.4",
		"26.1.2-recommended": "9.8.4",
		"1.21.11-latest": "9.7.1",
		"1.21.11-recommended": "9.7.1",
		"1.21.10-latest": "9.6.2",
		"1.21.10-recommended": "9.6.2",
		"1.21.9-latest": "9.6.2",
		"1.21.9-recommended": "9.6.2",
		"1.21.8-latest": "9.5.11",
		"1.21.8-recommended": "9.5.11",
		"1.21.7-latest": "9.5.11",
		"1.21.7-recommended": "9.5.11",
		"1.21.6-latest": "9.5.1",
		"1.21.6-recommended": "9.5.1",
		"1.21.5-latest": "9.4.4",
		"1.21.5-recommended": "9.4.4",
		"1.21.4-latest": "9.3.10",
		"1.21.4-recommended": "9.3.10",
		"1.21.3-latest": "9.2.4",
		"1.21.3-recommended": "9.2.4",
		"1.21.1-latest": "9.5.6",
		"1.21.1-recommended": "9.5.6"
	},
	"26.2.0": {
		"9.9.3": "new lore Nights of Nour",
		"9.9.2": "improvements",
		"9.9.1": "fixes",
		"9.9.0": "initial port"
	},
	"26.1.2": {
		"9.8.4": "new lore Nights of Nour",
		"9.8.3": "improvements"
	},
	"1.21.11": {
		"9.7.1": "final version"
	},
	"1.21.10": {
		"9.6.2": "final version"
	},
	"1.21.9": {
		"9.6.2": "final version"
	},
	"1.21.8": {
		"9.5.11": "final version"
	},
	"1.21.7": {
		"9.5.11": "final version"
	},
	"1.21.6": {
		"9.5.1": "final version"
	},
	"1.21.5": {
		"9.4.4": "final version"
	},
	"1.21.4": {
		"9.3.10": "final version"
	},
	"1.21.3": {
		"9.2.4": "final version"
	},
	"1.21.1": {
		"9.5.6": "fixes",
		"9.5.5": "compatibility Create Aeronautics",
		"9.5.4": "ritual flute interaction",
		"9.5.3": "new lore Nights of Nour",
		"9.5.2": "data-driven trades",
		"9.5.1": "improvements"
	}
}
[25Sep2026 11:21:55.348] [NeoForge Version Check/INFO] [net.neoforged.fml.VersionChecker/]: [tombstone] Found status: UP_TO_DATE Current: 9.9.3 Target: null
[25Sep2026 11:21:55.392] [modloading-sync-worker/DEBUG] [mixin/]: Generating mapped inner class glitchcore/network/PacketHandler$Anonymous$bea9914f861f3bb88249739ffeb67def (originally glitchcore/neoforge/mixin/impl/MixinPacketHandler$1)
[25Sep2026 11:21:55.430] [main/INFO] [com.mojang.authlib.yggdrasil.YggdrasilAuthenticationService/]: Environment: Environment[sessionHost=https://sessionserver.mojang.com, servicesHost=https://api.minecraftservices.com, profilesHost=https://api.mojang.com, name=PROD]
[25Sep2026 11:21:55.541] [main/DEBUG] [mixin/]: Mixing MixinPrimaryLevelData from terrablender.mixins.json into net.minecraft.world.level.storage.PrimaryLevelData
[25Sep2026 11:21:55.542] [main/DEBUG] [mixin/]: terrablender.mixins.json:MixinPrimaryLevelData from mod terrablender: Class version 69 required is higher than the class version supported by the current version of Mixin (JAVA_17 supports class version 61)
[25Sep2026 11:21:55.542] [main/DEBUG] [mixin/]: Mixing PrimaryLevelDataMixin from collective_neoforge.mixins.json into net.minecraft.world.level.storage.PrimaryLevelData
[25Sep2026 11:21:55.544] [main/DEBUG] [mixin/]: terrablender.mixins.json:MixinPrimaryLevelData from mod terrablender->@Inject::forceStable(Lorg/spongepowered/asm/mixin/injection/callback/CallbackInfoReturnable;)V does use it's CallbackInfoReturnable
[25Sep2026 11:21:55.544] [main/DEBUG] [mixin/]: collective_neoforge.mixins.json:PrimaryLevelDataMixin from mod collective->@Inject::PrimaryLevelData(Lorg/spongepowered/asm/mixin/injection/callback/CallbackInfo;)V doesn't use it's CallbackInfo
[25Sep2026 11:21:55.544] [main/DEBUG] [mixin/]: collective_neoforge.mixins.json:PrimaryLevelDataMixin from mod collective->@Inject::PrimaryLevelData(Lorg/spongepowered/asm/mixin/injection/callback/CallbackInfo;)V has 0 override(s) in child classes
[25Sep2026 11:21:55.544] [main/DEBUG] [mixin/]: collective_neoforge.mixins.json:PrimaryLevelDataMixin from mod collective->@Inject::PrimaryLevelData(Lorg/spongepowered/asm/mixin/injection/callback/CallbackInfo;)V won't be passed a CallbackInfo as a result
[25Sep2026 11:21:55.544] [main/DEBUG] [mixin/]: collective_neoforge.mixins.json:PrimaryLevelDataMixin from mod collective->@Inject::PrimaryLevelData(Lorg/spongepowered/asm/mixin/injection/callback/CallbackInfo;)V doesn't use it's CallbackInfo
[25Sep2026 11:21:55.544] [main/DEBUG] [mixin/]: collective_neoforge.mixins.json:PrimaryLevelDataMixin from mod collective->@Inject::PrimaryLevelData(Lorg/spongepowered/asm/mixin/injection/callback/CallbackInfo;)V has 0 override(s) in child classes
[25Sep2026 11:21:55.544] [main/DEBUG] [mixin/]: collective_neoforge.mixins.json:PrimaryLevelDataMixin from mod collective->@Inject::PrimaryLevelData(Lorg/spongepowered/asm/mixin/injection/callback/CallbackInfo;)V won't be passed a CallbackInfo as a result
[25Sep2026 11:21:55.544] [main/DEBUG] [mixin/]: collective_neoforge.mixins.json:PrimaryLevelDataMixin from mod collective->@Inject::withConfirmedWarning(ZLorg/spongepowered/asm/mixin/injection/callback/CallbackInfoReturnable;)V doesn't use it's CallbackInfoReturnable
[25Sep2026 11:21:55.544] [main/DEBUG] [mixin/]: collective_neoforge.mixins.json:PrimaryLevelDataMixin from mod collective->@Inject::withConfirmedWarning(ZLorg/spongepowered/asm/mixin/injection/callback/CallbackInfoReturnable;)V has 0 override(s) in child classes
[25Sep2026 11:21:55.544] [main/DEBUG] [mixin/]: collective_neoforge.mixins.json:PrimaryLevelDataMixin from mod collective->@Inject::withConfirmedWarning(ZLorg/spongepowered/asm/mixin/injection/callback/CallbackInfoReturnable;)V won't be passed a CallbackInfoReturnable as a result
[25Sep2026 11:21:55.544] [main/DEBUG] [mixin/]: collective_neoforge.mixins.json:PrimaryLevelDataMixin from mod collective->@Inject::hasConfirmedExperimentalWarning(Lorg/spongepowered/asm/mixin/injection/callback/CallbackInfoReturnable;)V does use it's CallbackInfoReturnable
[25Sep2026 11:21:55.566] [main/DEBUG] [mixin/]: Mixing VanillaPackResourcesAccessor from creativecore.mixins.json into net.minecraft.server.packs.VanillaPackResources
[25Sep2026 11:21:55.566] [main/DEBUG] [mixin/]: creativecore.mixins.json:VanillaPackResourcesAccessor from mod creativecore: Class version 69 required is higher than the class version supported by the current version of Mixin (JAVA_21 supports class version 65)
[25Sep2026 11:21:55.647] [main/DEBUG] [mixin/]: Mixing ServerPlayerGameModeMixinNeoForge from justhammers.mixins.json into net.minecraft.server.level.ServerPlayerGameMode
[25Sep2026 11:21:55.647] [main/DEBUG] [mixin/]: justhammers.mixins.json:ServerPlayerGameModeMixinNeoForge from mod justhammers: Class version 69 required is higher than the class version supported by the current version of Mixin (JAVA_17 supports class version 61)
[25Sep2026 11:21:55.649] [main/DEBUG] [mixin/]: justhammers.mixins.json:ServerPlayerGameModeMixinNeoForge from mod justhammers->@Inject::justhammers$beforeRemoveBlock(Lnet/minecraft/core/BlockPos;Lorg/spongepowered/asm/mixin/injection/callback/CallbackInfoReturnable;)V doesn't use it's CallbackInfoReturnable
[25Sep2026 11:21:55.649] [main/DEBUG] [mixin/]: justhammers.mixins.json:ServerPlayerGameModeMixinNeoForge from mod justhammers->@Inject::justhammers$beforeRemoveBlock(Lnet/minecraft/core/BlockPos;Lorg/spongepowered/asm/mixin/injection/callback/CallbackInfoReturnable;)V has 0 override(s) in child classes
[25Sep2026 11:21:55.649] [main/DEBUG] [mixin/]: justhammers.mixins.json:ServerPlayerGameModeMixinNeoForge from mod justhammers->@Inject::justhammers$beforeRemoveBlock(Lnet/minecraft/core/BlockPos;Lorg/spongepowered/asm/mixin/injection/callback/CallbackInfoReturnable;)V won't be passed a CallbackInfoReturnable as a result
[25Sep2026 11:21:55.649] [main/DEBUG] [mixin/]: justhammers.mixins.json:ServerPlayerGameModeMixinNeoForge from mod justhammers->@Inject::justhammers$beforeMineBlock(Lnet/minecraft/core/BlockPos;Lorg/spongepowered/asm/mixin/injection/callback/CallbackInfoReturnable;)V doesn't use it's CallbackInfoReturnable
[25Sep2026 11:21:55.649] [main/DEBUG] [mixin/]: justhammers.mixins.json:ServerPlayerGameModeMixinNeoForge from mod justhammers->@Inject::justhammers$beforeMineBlock(Lnet/minecraft/core/BlockPos;Lorg/spongepowered/asm/mixin/injection/callback/CallbackInfoReturnable;)V has 0 override(s) in child classes
[25Sep2026 11:21:55.649] [main/DEBUG] [mixin/]: justhammers.mixins.json:ServerPlayerGameModeMixinNeoForge from mod justhammers->@Inject::justhammers$beforeMineBlock(Lnet/minecraft/core/BlockPos;Lorg/spongepowered/asm/mixin/injection/callback/CallbackInfoReturnable;)V won't be passed a CallbackInfoReturnable as a result
[25Sep2026 11:21:55.802] [main/DEBUG] [mixin/]: Mixing PathPackResourcesAccessor from creativecore.mixins.json into net.minecraft.server.packs.PathPackResources
[25Sep2026 11:21:55.803] [main/DEBUG] [mixin/]: creativecore.mixins.json:PathPackResourcesAccessor from mod creativecore: Class version 69 required is higher than the class version supported by the current version of Mixin (JAVA_21 supports class version 65)
[25Sep2026 11:21:55.833] [main/DEBUG] [mixin/]: Mixing SharedZipFileAccessAccessor from creativecore.mixins.json into net.minecraft.server.packs.FilePackResources$SharedZipFileAccess
[25Sep2026 11:21:55.833] [main/DEBUG] [mixin/]: creativecore.mixins.json:SharedZipFileAccessAccessor from mod creativecore: Class version 69 required is higher than the class version supported by the current version of Mixin (JAVA_21 supports class version 65)
[25Sep2026 11:21:55.835] [main/DEBUG] [mixin/]: Mixing FilePackResourcesAccessor from creativecore.mixins.json into net.minecraft.server.packs.FilePackResources
[25Sep2026 11:21:55.835] [main/DEBUG] [mixin/]: creativecore.mixins.json:FilePackResourcesAccessor from mod creativecore: Class version 69 required is higher than the class version supported by the current version of Mixin (JAVA_21 supports class version 65)
[25Sep2026 11:21:55.835] [main/DEBUG] [mixin/]: Renaming @Invoker method callGetPathFromLocation(Lnet/minecraft/server/packs/PackType;Lnet/minecraft/resources/Identifier;)Ljava/lang/String; to callGetPathFromLocation$creativecore_$md$a57a1a$0 in creativecore.mixins.json:FilePackResourcesAccessor from mod creativecore
[25Sep2026 11:21:58.202] [Worker-Main-3/DEBUG] [tombstone/]: Updating LootTables
[25Sep2026 11:21:58.275] [Worker-Main-1/DEBUG] [mixin/]: Mixing RecipeManagerAccessor from balm.api.mixins.json into net.minecraft.world.item.crafting.RecipeManager
[25Sep2026 11:21:58.276] [Worker-Main-1/DEBUG] [mixin/]: balm.api.mixins.json:RecipeManagerAccessor from mod balm: Class version 69 required is higher than the class version supported by the current version of Mixin (JAVA_17 supports class version 61)
[25Sep2026 11:21:58.383] [Worker-Main-1/DEBUG] [mixin/]: Mixing structures.LocateCommandMixin from repurposed_structures-common.mixins.json into net.minecraft.server.commands.LocateCommand
[25Sep2026 11:21:58.384] [Worker-Main-1/DEBUG] [mixin/]: Renaming synthetic method lambda$repurposedstructures_increaseLocateRadius$0(Lnet/minecraft/core/Holder;)Z to mda57a1a$repurposed_structures$lambda$repurposedstructures_increaseLocateRadius$0$0 in repurposed_structures-common.mixins.json:structures.LocateCommandMixin from mod repurposed_structures
[25Sep2026 11:21:58.386] [Worker-Main-1/DEBUG] [mixin/]: repurposed_structures-common.mixins.json:structures.LocateCommandMixin from mod repurposed_structures->@Inject::repurposedstructures_increaseLocateRadius(Lnet/minecraft/commands/CommandSourceStack;Lnet/minecraft/commands/arguments/ResourceOrTagKeyArgument$Result;Lorg/spongepowered/asm/mixin/injection/callback/CallbackInfoReturnable;)V does use it's CallbackInfoReturnable
[25Sep2026 11:21:58.705] [Worker-Main-1/ERROR] [net.minecraft.server.packs.resources.SimpleJsonResourceReloadListener/]: Couldn't parse data file 'travelersbackpack:hay' from 'travelersbackpack:loot_modifiers/hay.json': DataResult.Error['Item minecraft:beetroot does not have components yet; Item minecraft:potato does not have components yet; Item minecraft:carrot does not have components yet': Optional[com.tiviacz.travelersbackpack.loot.HayBackpackLootModifier@302222df]]
[25Sep2026 11:22:00.825] [main/INFO] [net.minecraft.world.item.crafting.RecipeManager/]: Loaded 2284 recipes
[25Sep2026 11:22:00.851] [main/INFO] [net.minecraft.advancements.AdvancementTree/]: Loaded 2583 advancements
[25Sep2026 11:22:00.865] [main/INFO] [net.neoforged.neoforge.common.crafting.RecipePriorityManager/]: Loaded 0 recipe priority overrides
[25Sep2026 11:22:00.871] [main/INFO] [ovh.corail.tombstone.entity.trade.TradeManager/]: Loaded 63 trades for Grave Guardian
[25Sep2026 11:22:00.871] [ForkJoinPool.commonPool-worker-3/INFO] [Dungeon Crawl/]: Loading data...
[25Sep2026 11:22:00.895] [ForkJoinPool.commonPool-worker-3/DEBUG] [Dungeon Crawl/]: Loading dungeoncrawl:models/catacombs/corridor/linker/linker.nbt
[25Sep2026 11:22:00.913] [ForkJoinPool.commonPool-worker-3/DEBUG] [Dungeon Crawl/]: Loading dungeoncrawl:models/catacombs/corridor/linker/linker.json
[25Sep2026 11:22:00.920] [ForkJoinPool.commonPool-worker-3/DEBUG] [Dungeon Crawl/]: Loading dungeoncrawl:models/catacombs/corridor/linker/linker_trap.nbt
[25Sep2026 11:22:00.921] [ForkJoinPool.commonPool-worker-3/DEBUG] [Dungeon Crawl/]: Loading dungeoncrawl:models/catacombs/corridor/linker/linker_trap.json
[25Sep2026 11:22:00.926] [ForkJoinPool.commonPool-worker-3/DEBUG] [Dungeon Crawl/]: Loading dungeoncrawl:models/catacombs/multipart/connector.nbt
[25Sep2026 11:22:00.927] [ForkJoinPool.commonPool-worker-3/DEBUG] [Dungeon Crawl/]: Loading dungeoncrawl:models/catacombs/multipart/connector_2.nbt
[25Sep2026 11:22:00.928] [ForkJoinPool.commonPool-worker-3/DEBUG] [Dungeon Crawl/]: Loading dungeoncrawl:models/catacombs/multipart/corridor/ceiling.nbt
[25Sep2026 11:22:00.928] [ForkJoinPool.commonPool-worker-3/DEBUG] [Dungeon Crawl/]: Loading dungeoncrawl:models/catacombs/multipart/corridor/ceiling_glowstone.nbt
[25Sep2026 11:22:00.929] [ForkJoinPool.commonPool-worker-3/DEBUG] [Dungeon Crawl/]: Loading dungeoncrawl:models/catacombs/multipart/corridor/ceiling_lamp.nbt
[25Sep2026 11:22:00.929] [ForkJoinPool.commonPool-worker-3/DEBUG] [Dungeon Crawl/]: Loading dungeoncrawl:models/catacombs/multipart/crypt_graves.nbt
[25Sep2026 11:22:00.930] [ForkJoinPool.commonPool-worker-3/DEBUG] [Dungeon Crawl/]: Loading dungeoncrawl:models/catacombs/multipart/crypt_graves.json
[25Sep2026 11:22:00.930] [ForkJoinPool.commonPool-worker-3/DEBUG] [Dungeon Crawl/]: Loading dungeoncrawl:models/catacombs/multipart/hidden_piston.nbt
[25Sep2026 11:22:00.931] [ForkJoinPool.commonPool-worker-3/DEBUG] [Dungeon Crawl/]: Loading dungeoncrawl:models/catacombs/multipart/large_connector.nbt
[25Sep2026 11:22:00.931] [ForkJoinPool.commonPool-worker-3/DEBUG] [Dungeon Crawl/]: Loading dungeoncrawl:models/catacombs/multipart/large_spawner_cell_open.nbt
[25Sep2026 11:22:00.932] [ForkJoinPool.commonPool-worker-3/DEBUG] [Dungeon Crawl/]: Loading dungeoncrawl:models/catacombs/multipart/node/ceiling/crumbled.nbt
[25Sep2026 11:22:00.933] [ForkJoinPool.commonPool-worker-3/DEBUG] [Dungeon Crawl/]: Loading dungeoncrawl:models/catacombs/multipart/node/ceiling/dome.nbt
[25Sep2026 11:22:00.934] [ForkJoinPool.commonPool-worker-3/DEBUG] [Dungeon Crawl/]: Loading dungeoncrawl:models/catacombs/multipart/node/ceiling/flat.nbt
[25Sep2026 11:22:00.934] [ForkJoinPool.commonPool-worker-3/DEBUG] [Dungeon Crawl/]: Loading dungeoncrawl:models/catacombs/multipart/node/ceiling/light.nbt
[25Sep2026 11:22:00.935] [ForkJoinPool.commonPool-worker-3/DEBUG] [Dungeon Crawl/]: Loading dungeoncrawl:models/catacombs/node/crypt_dead_end.nbt
[25Sep2026 11:22:00.937] [ForkJoinPool.commonPool-worker-3/DEBUG] [Dungeon Crawl/]: Loading dungeoncrawl:models/catacombs/node/crypt_dead_end.json
[25Sep2026 11:22:00.939] [ForkJoinPool.commonPool-worker-3/DEBUG] [Dungeon Crawl/]: Loading dungeoncrawl:models/catacombs/node/crypt_turn.nbt
[25Sep2026 11:22:00.942] [ForkJoinPool.commonPool-worker-3/DEBUG] [Dungeon Crawl/]: Loading dungeoncrawl:models/catacombs/node/crypt_turn.json
[25Sep2026 11:22:00.943] [ForkJoinPool.commonPool-worker-3/DEBUG] [Dungeon Crawl/]: Loading dungeoncrawl:models/catacombs/node/fountain.nbt
[25Sep2026 11:22:00.948] [ForkJoinPool.commonPool-worker-3/DEBUG] [Dungeon Crawl/]: Loading dungeoncrawl:models/catacombs/node/fountain.json
[25Sep2026 11:22:00.948] [ForkJoinPool.commonPool-worker-3/DEBUG] [Dungeon Crawl/]: Loading dungeoncrawl:models/catacombs/node/prison.nbt
[25Sep2026 11:22:00.952] [ForkJoinPool.commonPool-worker-3/DEBUG] [Dungeon Crawl/]: Loading dungeoncrawl:models/catacombs/node/prison.json
[25Sep2026 11:22:00.952] [ForkJoinPool.commonPool-worker-3/DEBUG] [Dungeon Crawl/]: Loading dungeoncrawl:models/catacombs/node/prison_fork.nbt
[25Sep2026 11:22:00.955] [ForkJoinPool.commonPool-worker-3/DEBUG] [Dungeon Crawl/]: Loading dungeoncrawl:models/catacombs/node/prison_fork.json
[25Sep2026 11:22:00.956] [ForkJoinPool.commonPool-worker-3/DEBUG] [Dungeon Crawl/]: Loading dungeoncrawl:models/catacombs/node/room.nbt
[25Sep2026 11:22:00.958] [ForkJoinPool.commonPool-worker-3/DEBUG] [Dungeon Crawl/]: Loading dungeoncrawl:models/catacombs/node/room.json
[25Sep2026 11:22:00.958] [ForkJoinPool.commonPool-worker-3/DEBUG] [Dungeon Crawl/]: Loading dungeoncrawl:models/catacombs/node/room_2.nbt
[25Sep2026 11:22:00.961] [ForkJoinPool.commonPool-worker-3/DEBUG] [Dungeon Crawl/]: Loading dungeoncrawl:models/catacombs/node/room_2.json
[25Sep2026 11:22:00.961] [ForkJoinPool.commonPool-worker-3/DEBUG] [Dungeon Crawl/]: Loading dungeoncrawl:models/catacombs/node/sarcophagus.nbt
[25Sep2026 11:22:00.964] [ForkJoinPool.commonPool-worker-3/DEBUG] [Dungeon Crawl/]: Loading dungeoncrawl:models/catacombs/node/sarcophagus.json
[25Sep2026 11:22:00.964] [ForkJoinPool.commonPool-worker-3/DEBUG] [Dungeon Crawl/]: Loading dungeoncrawl:models/catacombs/node/sewers.nbt
[25Sep2026 11:22:00.968] [ForkJoinPool.commonPool-worker-3/DEBUG] [Dungeon Crawl/]: Loading dungeoncrawl:models/catacombs/node/sewers.json
[25Sep2026 11:22:00.968] [ForkJoinPool.commonPool-worker-3/DEBUG] [Dungeon Crawl/]: Loading dungeoncrawl:models/catacombs/node/sewers_dead_end.nbt
[25Sep2026 11:22:00.972] [ForkJoinPool.commonPool-worker-3/DEBUG] [Dungeon Crawl/]: Loading dungeoncrawl:models/catacombs/node/sewers_dead_end.json
[25Sep2026 11:22:00.972] [ForkJoinPool.commonPool-worker-3/DEBUG] [Dungeon Crawl/]: Loading dungeoncrawl:models/catacombs/node/sewers_fork.nbt
[25Sep2026 11:22:00.975] [ForkJoinPool.commonPool-worker-3/DEBUG] [Dungeon Crawl/]: Loading dungeoncrawl:models/catacombs/node/sewers_fork.json
[25Sep2026 11:22:00.975] [ForkJoinPool.commonPool-worker-3/DEBUG] [Dungeon Crawl/]: Loading dungeoncrawl:models/catacombs/node/sewers_straight.nbt
[25Sep2026 11:22:00.978] [ForkJoinPool.commonPool-worker-3/DEBUG] [Dungeon Crawl/]: Loading dungeoncrawl:models/catacombs/node/sewers_straight.json
[25Sep2026 11:22:00.979] [ForkJoinPool.commonPool-worker-3/DEBUG] [Dungeon Crawl/]: Loading dungeoncrawl:models/catacombs/room/spawner_room.nbt
[25Sep2026 11:22:00.979] [ForkJoinPool.commonPool-worker-3/DEBUG] [Dungeon Crawl/]: Loading dungeoncrawl:models/catacombs/room/spawner_room.json
[25Sep2026 11:22:00.980] [ForkJoinPool.commonPool-worker-3/DEBUG] [Dungeon Crawl/]: Loading dungeoncrawl:models/default/corridor/corridor.nbt
[25Sep2026 11:22:00.980] [ForkJoinPool.commonPool-worker-3/DEBUG] [Dungeon Crawl/]: Loading dungeoncrawl:models/default/corridor/corridor.json
[25Sep2026 11:22:00.981] [ForkJoinPool.commonPool-worker-3/DEBUG] [Dungeon Crawl/]: Loading dungeoncrawl:models/default/corridor/corridor_2.nbt
[25Sep2026 11:22:00.981] [ForkJoinPool.commonPool-worker-3/DEBUG] [Dungeon Crawl/]: Loading dungeoncrawl:models/default/corridor/corridor_2.json
[25Sep2026 11:22:00.981] [ForkJoinPool.commonPool-worker-3/DEBUG] [Dungeon Crawl/]: Loading dungeoncrawl:models/default/corridor/corridor_3.nbt
[25Sep2026 11:22:00.982] [ForkJoinPool.commonPool-worker-3/DEBUG] [Dungeon Crawl/]: Loading dungeoncrawl:models/default/corridor/corridor_3.json
[25Sep2026 11:22:00.983] [ForkJoinPool.commonPool-worker-3/DEBUG] [Dungeon Crawl/]: Loading dungeoncrawl:models/default/corridor/corridor_fire.nbt
[25Sep2026 11:22:00.984] [ForkJoinPool.commonPool-worker-3/DEBUG] [Dungeon Crawl/]: Loading dungeoncrawl:models/default/corridor/corridor_fire.json
[25Sep2026 11:22:00.984] [ForkJoinPool.commonPool-worker-3/DEBUG] [Dungeon Crawl/]: Loading dungeoncrawl:models/default/corridor/corridor_light.nbt
[25Sep2026 11:22:00.984] [ForkJoinPool.commonPool-worker-3/DEBUG] [Dungeon Crawl/]: Loading dungeoncrawl:models/default/corridor/corridor_light.json
[25Sep2026 11:22:00.985] [ForkJoinPool.commonPool-worker-3/DEBUG] [Dungeon Crawl/]: Loading dungeoncrawl:models/default/corridor/corridor_room.nbt
[25Sep2026 11:22:00.986] [ForkJoinPool.commonPool-worker-3/DEBUG] [Dungeon Crawl/]: Loading dungeoncrawl:models/default/corridor/corridor_room.json
[25Sep2026 11:22:00.986] [ForkJoinPool.commonPool-worker-3/DEBUG] [Dungeon Crawl/]: Loading dungeoncrawl:models/default/corridor/corridor_spawner.nbt
[25Sep2026 11:22:00.986] [ForkJoinPool.commonPool-worker-3/DEBUG] [Dungeon Crawl/]: Loading dungeoncrawl:models/default/corridor/corridor_spawner.json
[25Sep2026 11:22:00.986] [ForkJoinPool.commonPool-worker-3/DEBUG] [Dungeon Crawl/]: Loading dungeoncrawl:models/default/corridor/linker/cake_room.nbt
[25Sep2026 11:22:00.987] [ForkJoinPool.commonPool-worker-3/DEBUG] [Dungeon Crawl/]: Loading dungeoncrawl:models/default/corridor/linker/cake_room.json
[25Sep2026 11:22:00.987] [ForkJoinPool.commonPool-worker-3/DEBUG] [Dungeon Crawl/]: Loading dungeoncrawl:models/default/corridor/linker/linker.nbt
[25Sep2026 11:22:00.988] [ForkJoinPool.commonPool-worker-3/DEBUG] [Dungeon Crawl/]: Loading dungeoncrawl:models/default/corridor/linker/linker.json
[25Sep2026 11:22:00.988] [ForkJoinPool.commonPool-worker-3/DEBUG] [Dungeon Crawl/]: Loading dungeoncrawl:models/default/corridor/linker/linker_2.nbt
[25Sep2026 11:22:00.988] [ForkJoinPool.commonPool-worker-3/DEBUG] [Dungeon Crawl/]: Loading dungeoncrawl:models/default/corridor/linker/linker_2.json
[25Sep2026 11:22:00.988] [ForkJoinPool.commonPool-worker-3/DEBUG] [Dungeon Crawl/]: Loading dungeoncrawl:models/default/corridor/linker/linker_3.nbt
[25Sep2026 11:22:00.989] [ForkJoinPool.commonPool-worker-3/DEBUG] [Dungeon Crawl/]: Loading dungeoncrawl:models/default/corridor/linker/linker_3.json
[25Sep2026 11:22:00.989] [ForkJoinPool.commonPool-worker-3/DEBUG] [Dungeon Crawl/]: Loading dungeoncrawl:models/default/corridor/linker/linker_4.nbt
[25Sep2026 11:22:00.990] [ForkJoinPool.commonPool-worker-3/DEBUG] [Dungeon Crawl/]: Loading dungeoncrawl:models/default/corridor/linker/linker_4.json
[25Sep2026 11:22:00.990] [ForkJoinPool.commonPool-worker-3/DEBUG] [Dungeon Crawl/]: Loading dungeoncrawl:models/default/corridor/linker/linker_5.nbt
[25Sep2026 11:22:00.990] [ForkJoinPool.commonPool-worker-3/DEBUG] [Dungeon Crawl/]: Loading dungeoncrawl:models/default/corridor/linker/linker_5.json
[25Sep2026 11:22:00.991] [ForkJoinPool.commonPool-worker-3/DEBUG] [Dungeon Crawl/]: Loading dungeoncrawl:models/default/corridor/linker/linker_6.nbt
[25Sep2026 11:22:00.991] [ForkJoinPool.commonPool-worker-3/DEBUG] [Dungeon Crawl/]: Loading dungeoncrawl:models/default/corridor/linker/linker_6.json
[25Sep2026 11:22:00.991] [ForkJoinPool.commonPool-worker-3/DEBUG] [Dungeon Crawl/]: Loading dungeoncrawl:models/default/corridor/old_corridor.nbt
[25Sep2026 11:22:00.992] [ForkJoinPool.commonPool-worker-3/DEBUG] [Dungeon Crawl/]: Loading dungeoncrawl:models/default/corridor/old_corridor.json
[25Sep2026 11:22:00.992] [ForkJoinPool.commonPool-worker-3/DEBUG] [Dungeon Crawl/]: Loading dungeoncrawl:models/default/corridor/old_corridor_3.nbt
[25Sep2026 11:22:00.992] [ForkJoinPool.commonPool-worker-3/DEBUG] [Dungeon Crawl/]: Loading dungeoncrawl:models/default/corridor/old_corridor_3.json
[25Sep2026 11:22:00.992] [ForkJoinPool.commonPool-worker-3/DEBUG] [Dungeon Crawl/]: Loading dungeoncrawl:models/default/corridor/secret_room_entrance.nbt
[25Sep2026 11:22:00.993] [ForkJoinPool.commonPool-worker-3/DEBUG] [Dungeon Crawl/]: Loading dungeoncrawl:models/default/corridor/secret_room_entrance.json
[25Sep2026 11:22:00.993] [ForkJoinPool.commonPool-worker-3/DEBUG] [Dungeon Crawl/]: Loading dungeoncrawl:models/default/corridor/stone_corridor.nbt
[25Sep2026 11:22:00.994] [ForkJoinPool.commonPool-worker-3/DEBUG] [Dungeon Crawl/]: Loading dungeoncrawl:models/default/corridor/stone_corridor.json
[25Sep2026 11:22:00.994] [ForkJoinPool.commonPool-worker-3/DEBUG] [Dungeon Crawl/]: Loading dungeoncrawl:models/default/loot_room.nbt
[25Sep2026 11:22:01.002] [ForkJoinPool.commonPool-worker-3/DEBUG] [Dungeon Crawl/]: Loading dungeoncrawl:models/default/loot_room.json
[25Sep2026 11:22:01.002] [ForkJoinPool.commonPool-worker-3/DEBUG] [Dungeon Crawl/]: Loading dungeoncrawl:models/default/multipart/corridor/bookshelf.nbt
[25Sep2026 11:22:01.002] [ForkJoinPool.commonPool-worker-3/DEBUG] [Dungeon Crawl/]: Loading dungeoncrawl:models/default/multipart/corridor/chest.nbt
[25Sep2026 11:22:01.002] [ForkJoinPool.commonPool-worker-3/DEBUG] [Dungeon Crawl/]: Loading dungeoncrawl:models/default/multipart/corridor/chest_room.nbt
[25Sep2026 11:22:01.002] [ForkJoinPool.commonPool-worker-3/DEBUG] [Dungeon Crawl/]: Loading dungeoncrawl:models/default/multipart/corridor/chest_room_2.nbt
[25Sep2026 11:22:01.002] [ForkJoinPool.commonPool-worker-3/DEBUG] [Dungeon Crawl/]: Loading dungeoncrawl:models/default/multipart/corridor/crops.nbt
[25Sep2026 11:22:01.003] [ForkJoinPool.commonPool-worker-3/DEBUG] [Dungeon Crawl/]: Loading dungeoncrawl:models/default/multipart/corridor/crops.json
[25Sep2026 11:22:01.003] [ForkJoinPool.commonPool-worker-3/DEBUG] [Dungeon Crawl/]: Loading dungeoncrawl:models/default/multipart/corridor/default.nbt
[25Sep2026 11:22:01.003] [ForkJoinPool.commonPool-worker-3/DEBUG] [Dungeon Crawl/]: Loading dungeoncrawl:models/default/multipart/corridor/empty_room.nbt
[25Sep2026 11:22:01.003] [ForkJoinPool.commonPool-worker-3/DEBUG] [Dungeon Crawl/]: Loading dungeoncrawl:models/default/multipart/corridor/empty_room_2.nbt
[25Sep2026 11:22:01.003] [ForkJoinPool.commonPool-worker-3/DEBUG] [Dungeon Crawl/]: Loading dungeoncrawl:models/default/multipart/corridor/empty_room_3.nbt
[25Sep2026 11:22:01.003] [ForkJoinPool.commonPool-worker-3/DEBUG] [Dungeon Crawl/]: Loading dungeoncrawl:models/default/multipart/corridor/empty_room_4.nbt
[25Sep2026 11:22:01.004] [ForkJoinPool.commonPool-worker-3/DEBUG] [Dungeon Crawl/]: Loading dungeoncrawl:models/default/multipart/corridor/fire.nbt
[25Sep2026 11:22:01.004] [ForkJoinPool.commonPool-worker-3/DEBUG] [Dungeon Crawl/]: Loading dungeoncrawl:models/default/multipart/corridor/light.nbt
[25Sep2026 11:22:01.004] [ForkJoinPool.commonPool-worker-3/DEBUG] [Dungeon Crawl/]: Loading dungeoncrawl:models/default/multipart/corridor/light_switch.nbt
[25Sep2026 11:22:01.004] [ForkJoinPool.commonPool-worker-3/DEBUG] [Dungeon Crawl/]: Loading dungeoncrawl:models/default/multipart/corridor/secret_room_entrance.nbt
[25Sep2026 11:22:01.005] [ForkJoinPool.commonPool-worker-3/DEBUG] [Dungeon Crawl/]: Loading dungeoncrawl:models/default/multipart/corridor/secret_room_entrance_2.nbt
[25Sep2026 11:22:01.005] [ForkJoinPool.commonPool-worker-3/DEBUG] [Dungeon Crawl/]: Loading dungeoncrawl:models/default/multipart/corridor/secret_room_entrance_3.nbt
[25Sep2026 11:22:01.005] [ForkJoinPool.commonPool-worker-3/DEBUG] [Dungeon Crawl/]: Loading dungeoncrawl:models/default/multipart/corridor/secret_room_entrance_bookshelf.nbt
[25Sep2026 11:22:01.005] [ForkJoinPool.commonPool-worker-3/DEBUG] [Dungeon Crawl/]: Loading dungeoncrawl:models/default/multipart/corridor/spawner.nbt
[25Sep2026 11:22:01.005] [ForkJoinPool.commonPool-worker-3/DEBUG] [Dungeon Crawl/]: Loading dungeoncrawl:models/default/multipart/corridor/spawner_room.nbt
[25Sep2026 11:22:01.005] [ForkJoinPool.commonPool-worker-3/DEBUG] [Dungeon Crawl/]: Loading dungeoncrawl:models/default/multipart/corridor/variant.nbt
[25Sep2026 11:22:01.006] [ForkJoinPool.commonPool-worker-3/DEBUG] [Dungeon Crawl/]: Loading dungeoncrawl:models/default/multipart/corridor/variant_2.nbt
[25Sep2026 11:22:01.006] [ForkJoinPool.commonPool-worker-3/DEBUG] [Dungeon Crawl/]: Loading dungeoncrawl:models/default/multipart/large_wall.nbt
[25Sep2026 11:22:01.006] [ForkJoinPool.commonPool-worker-3/DEBUG] [Dungeon Crawl/]: Loading dungeoncrawl:models/default/multipart/node_connector.nbt
[25Sep2026 11:22:01.006] [ForkJoinPool.commonPool-worker-3/DEBUG] [Dungeon Crawl/]: Loading dungeoncrawl:models/default/multipart/short_node_connector.nbt
[25Sep2026 11:22:01.006] [ForkJoinPool.commonPool-worker-3/DEBUG] [Dungeon Crawl/]: Loading dungeoncrawl:models/default/multipart/wall.nbt
[25Sep2026 11:22:01.006] [ForkJoinPool.commonPool-worker-3/DEBUG] [Dungeon Crawl/]: Loading dungeoncrawl:models/default/multipart/wall_2.nbt
[25Sep2026 11:22:01.006] [ForkJoinPool.commonPool-worker-3/DEBUG] [Dungeon Crawl/]: Loading dungeoncrawl:models/default/node/connector/connector.nbt
[25Sep2026 11:22:01.007] [ForkJoinPool.commonPool-worker-3/DEBUG] [Dungeon Crawl/]: Loading dungeoncrawl:models/default/node/connector/connector.json
[25Sep2026 11:22:01.007] [ForkJoinPool.commonPool-worker-3/DEBUG] [Dungeon Crawl/]: Loading dungeoncrawl:models/default/node/connector/connector_2.nbt
[25Sep2026 11:22:01.007] [ForkJoinPool.commonPool-worker-3/DEBUG] [Dungeon Crawl/]: Loading dungeoncrawl:models/default/node/connector/connector_2.json
[25Sep2026 11:22:01.007] [ForkJoinPool.commonPool-worker-3/DEBUG] [Dungeon Crawl/]: Loading dungeoncrawl:models/default/node/connector/connector_3.nbt
[25Sep2026 11:22:01.007] [ForkJoinPool.commonPool-worker-3/DEBUG] [Dungeon Crawl/]: Loading dungeoncrawl:models/default/node/connector/connector_3.json
[25Sep2026 11:22:01.007] [ForkJoinPool.commonPool-worker-3/DEBUG] [Dungeon Crawl/]: Loading dungeoncrawl:models/default/node/connector/connector_4.nbt
[25Sep2026 11:22:01.008] [ForkJoinPool.commonPool-worker-3/DEBUG] [Dungeon Crawl/]: Loading dungeoncrawl:models/default/node/connector/connector_4.json
[25Sep2026 11:22:01.008] [ForkJoinPool.commonPool-worker-3/DEBUG] [Dungeon Crawl/]: Loading dungeoncrawl:models/default/node/connector/connector_6.nbt
[25Sep2026 11:22:01.008] [ForkJoinPool.commonPool-worker-3/DEBUG] [Dungeon Crawl/]: Loading dungeoncrawl:models/default/node/connector/connector_6.json
[25Sep2026 11:22:01.008] [ForkJoinPool.commonPool-worker-3/DEBUG] [Dungeon Crawl/]: Loading dungeoncrawl:models/default/node/connector/connector_lava.nbt
[25Sep2026 11:22:01.008] [ForkJoinPool.commonPool-worker-3/DEBUG] [Dungeon Crawl/]: Loading dungeoncrawl:models/default/node/connector/node_connector_catacomb.nbt
[25Sep2026 11:22:01.009] [ForkJoinPool.commonPool-worker-3/DEBUG] [Dungeon Crawl/]: Loading dungeoncrawl:models/default/node/connector/node_connector_catacomb.json
[25Sep2026 11:22:01.009] [ForkJoinPool.commonPool-worker-3/DEBUG] [Dungeon Crawl/]: Loading dungeoncrawl:models/default/node/dark_hall.nbt
[25Sep2026 11:22:01.011] [ForkJoinPool.commonPool-worker-3/DEBUG] [Dungeon Crawl/]: Loading dungeoncrawl:models/default/node/fire_hall.nbt
[25Sep2026 11:22:01.014] [ForkJoinPool.commonPool-worker-3/DEBUG] [Dungeon Crawl/]: Loading dungeoncrawl:models/default/node/fireplace.nbt
[25Sep2026 11:22:01.016] [ForkJoinPool.commonPool-worker-3/DEBUG] [Dungeon Crawl/]: Loading dungeoncrawl:models/default/node/fireplace.json
[25Sep2026 11:22:01.016] [ForkJoinPool.commonPool-worker-3/DEBUG] [Dungeon Crawl/]: Loading dungeoncrawl:models/default/node/forge.nbt
[25Sep2026 11:22:01.019] [ForkJoinPool.commonPool-worker-3/DEBUG] [Dungeon Crawl/]: Loading dungeoncrawl:models/default/node/forge.json
[25Sep2026 11:22:01.019] [ForkJoinPool.commonPool-worker-3/DEBUG] [Dungeon Crawl/]: Loading dungeoncrawl:models/default/node/jukebox_room.nbt
[25Sep2026 11:22:01.020] [ForkJoinPool.commonPool-worker-3/DEBUG] [Dungeon Crawl/]: Loading dungeoncrawl:models/default/node/jukebox_room.json
[25Sep2026 11:22:01.020] [ForkJoinPool.commonPool-worker-3/DEBUG] [Dungeon Crawl/]: Loading dungeoncrawl:models/default/node/library.nbt
[25Sep2026 11:22:01.027] [ForkJoinPool.commonPool-worker-3/DEBUG] [Dungeon Crawl/]: Loading dungeoncrawl:models/default/node/library.json
[25Sep2026 11:22:01.027] [ForkJoinPool.commonPool-worker-3/DEBUG] [Dungeon Crawl/]: Loading dungeoncrawl:models/default/node/node_turn.nbt
[25Sep2026 11:22:01.030] [ForkJoinPool.commonPool-worker-3/DEBUG] [Dungeon Crawl/]: Loading dungeoncrawl:models/default/node/node_turn.json
[25Sep2026 11:22:01.030] [ForkJoinPool.commonPool-worker-3/DEBUG] [Dungeon Crawl/]: Loading dungeoncrawl:models/default/node/old_fire_hall.nbt
[25Sep2026 11:22:01.034] [ForkJoinPool.commonPool-worker-3/DEBUG] [Dungeon Crawl/]: Loading dungeoncrawl:models/default/node/old_fire_hall.json
[25Sep2026 11:22:01.034] [ForkJoinPool.commonPool-worker-3/DEBUG] [Dungeon Crawl/]: Loading dungeoncrawl:models/default/node/old_jukebox_room.nbt
[25Sep2026 11:22:01.036] [ForkJoinPool.commonPool-worker-3/DEBUG] [Dungeon Crawl/]: Loading dungeoncrawl:models/default/node/old_jukebox_room.json
[25Sep2026 11:22:01.036] [ForkJoinPool.commonPool-worker-3/DEBUG] [Dungeon Crawl/]: Loading dungeoncrawl:models/default/node/room.nbt
[25Sep2026 11:22:01.037] [ForkJoinPool.commonPool-worker-3/DEBUG] [Dungeon Crawl/]: Loading dungeoncrawl:models/default/node/room.json
[25Sep2026 11:22:01.038] [ForkJoinPool.commonPool-worker-3/DEBUG] [Dungeon Crawl/]: Loading dungeoncrawl:models/default/node/room_2.nbt
[25Sep2026 11:22:01.040] [ForkJoinPool.commonPool-worker-3/DEBUG] [Dungeon Crawl/]: Loading dungeoncrawl:models/default/node/room_2.json
[25Sep2026 11:22:01.041] [ForkJoinPool.commonPool-worker-3/DEBUG] [Dungeon Crawl/]: Loading dungeoncrawl:models/default/node/spawner_hall.nbt
[25Sep2026 11:22:01.047] [ForkJoinPool.commonPool-worker-3/DEBUG] [Dungeon Crawl/]: Loading dungeoncrawl:models/default/node/spawner_hall.json
[25Sep2026 11:22:01.047] [ForkJoinPool.commonPool-worker-3/DEBUG] [Dungeon Crawl/]: Loading dungeoncrawl:models/default/old_loot_room.nbt
[25Sep2026 11:22:01.053] [ForkJoinPool.commonPool-worker-3/DEBUG] [Dungeon Crawl/]: Loading dungeoncrawl:models/default/old_loot_room.json
[25Sep2026 11:22:01.053] [ForkJoinPool.commonPool-worker-3/DEBUG] [Dungeon Crawl/]: Loading dungeoncrawl:models/default/room/food_side_room.nbt
[25Sep2026 11:22:01.053] [ForkJoinPool.commonPool-worker-3/DEBUG] [Dungeon Crawl/]: Loading dungeoncrawl:models/default/room/food_side_room.json
[25Sep2026 11:22:01.053] [ForkJoinPool.commonPool-worker-3/DEBUG] [Dungeon Crawl/]: Loading dungeoncrawl:models/default/room/secret_room.nbt
[25Sep2026 11:22:01.055] [ForkJoinPool.commonPool-worker-3/DEBUG] [Dungeon Crawl/]: Loading dungeoncrawl:models/default/room/secret_room.json
[25Sep2026 11:22:01.055] [ForkJoinPool.commonPool-worker-3/DEBUG] [Dungeon Crawl/]: Loading dungeoncrawl:models/default/room/spawner_room.nbt
[25Sep2026 11:22:01.056] [ForkJoinPool.commonPool-worker-3/DEBUG] [Dungeon Crawl/]: Loading dungeoncrawl:models/default/room/spawner_room.json
[25Sep2026 11:22:01.056] [ForkJoinPool.commonPool-worker-3/DEBUG] [Dungeon Crawl/]: Loading dungeoncrawl:models/default/room/spawner_room_2.nbt
[25Sep2026 11:22:01.057] [ForkJoinPool.commonPool-worker-3/DEBUG] [Dungeon Crawl/]: Loading dungeoncrawl:models/default/room/spawner_room_2.json
[25Sep2026 11:22:01.057] [ForkJoinPool.commonPool-worker-3/DEBUG] [Dungeon Crawl/]: Loading dungeoncrawl:models/default/room/spawner_room_material.nbt
[25Sep2026 11:22:01.057] [ForkJoinPool.commonPool-worker-3/DEBUG] [Dungeon Crawl/]: Loading dungeoncrawl:models/default/room/spawner_room_material.json
[25Sep2026 11:22:01.057] [ForkJoinPool.commonPool-worker-3/DEBUG] [Dungeon Crawl/]: Loading dungeoncrawl:models/default/room/spawner_room_material_2.nbt
[25Sep2026 11:22:01.058] [ForkJoinPool.commonPool-worker-3/DEBUG] [Dungeon Crawl/]: Loading dungeoncrawl:models/default/room/spawner_room_material_2.json
[25Sep2026 11:22:01.058] [ForkJoinPool.commonPool-worker-3/DEBUG] [Dungeon Crawl/]: Loading dungeoncrawl:models/default/room/starter_room.nbt
[25Sep2026 11:22:01.059] [ForkJoinPool.commonPool-worker-3/DEBUG] [Dungeon Crawl/]: Loading dungeoncrawl:models/default/room/starter_room.json
[25Sep2026 11:22:01.059] [ForkJoinPool.commonPool-worker-3/DEBUG] [Dungeon Crawl/]: Loading dungeoncrawl:models/default/room/tnt_trap_side_room.nbt
[25Sep2026 11:22:01.059] [ForkJoinPool.commonPool-worker-3/DEBUG] [Dungeon Crawl/]: Loading dungeoncrawl:models/default/room/tnt_trap_side_room.json
[25Sep2026 11:22:01.059] [ForkJoinPool.commonPool-worker-3/DEBUG] [Dungeon Crawl/]: Loading dungeoncrawl:models/default/staircase.nbt
[25Sep2026 11:22:01.060] [ForkJoinPool.commonPool-worker-3/DEBUG] [Dungeon Crawl/]: Loading dungeoncrawl:models/default/staircase.json
[25Sep2026 11:22:01.060] [ForkJoinPool.commonPool-worker-3/DEBUG] [Dungeon Crawl/]: Loading dungeoncrawl:models/default/staircase_layer.nbt
[25Sep2026 11:22:01.060] [ForkJoinPool.commonPool-worker-3/DEBUG] [Dungeon Crawl/]: Loading dungeoncrawl:models/default/stairs_bottom.nbt
[25Sep2026 11:22:01.061] [ForkJoinPool.commonPool-worker-3/DEBUG] [Dungeon Crawl/]: Loading dungeoncrawl:models/default/stairs_bottom.json
[25Sep2026 11:22:01.061] [ForkJoinPool.commonPool-worker-3/DEBUG] [Dungeon Crawl/]: Loading dungeoncrawl:models/default/stairs_bottom_2.nbt
[25Sep2026 11:22:01.062] [ForkJoinPool.commonPool-worker-3/DEBUG] [Dungeon Crawl/]: Loading dungeoncrawl:models/default/stairs_bottom_2.json
[25Sep2026 11:22:01.062] [ForkJoinPool.commonPool-worker-3/DEBUG] [Dungeon Crawl/]: Loading dungeoncrawl:models/default/stairs_top.nbt
[25Sep2026 11:22:01.062] [ForkJoinPool.commonPool-worker-3/DEBUG] [Dungeon Crawl/]: Loading dungeoncrawl:models/default/stairs_top.json
[25Sep2026 11:22:01.062] [ForkJoinPool.commonPool-worker-3/DEBUG] [Dungeon Crawl/]: Loading dungeoncrawl:models/entrance/roguelike/eniko_tower.nbt
[25Sep2026 11:22:01.065] [ForkJoinPool.commonPool-worker-3/DEBUG] [Dungeon Crawl/]: Loading dungeoncrawl:models/entrance/roguelike/eniko_tower.json
[25Sep2026 11:22:01.065] [ForkJoinPool.commonPool-worker-3/DEBUG] [Dungeon Crawl/]: Loading dungeoncrawl:models/entrance/roguelike/house.nbt
[25Sep2026 11:22:01.067] [ForkJoinPool.commonPool-worker-3/DEBUG] [Dungeon Crawl/]: Loading dungeoncrawl:models/entrance/roguelike/house.json
[25Sep2026 11:22:01.068] [ForkJoinPool.commonPool-worker-3/DEBUG] [Dungeon Crawl/]: Loading dungeoncrawl:models/entrance/roguelike/pyramid.nbt
[25Sep2026 11:22:01.069] [ForkJoinPool.commonPool-worker-3/DEBUG] [Dungeon Crawl/]: Loading dungeoncrawl:models/entrance/roguelike/pyramid.json
[25Sep2026 11:22:01.069] [ForkJoinPool.commonPool-worker-3/DEBUG] [Dungeon Crawl/]: Loading dungeoncrawl:models/entrance/roguelike/rogue_tower.nbt
[25Sep2026 11:22:01.071] [ForkJoinPool.commonPool-worker-3/DEBUG] [Dungeon Crawl/]: Loading dungeoncrawl:models/entrance/roguelike/rogue_tower.json
[25Sep2026 11:22:01.071] [ForkJoinPool.commonPool-worker-3/DEBUG] [Dungeon Crawl/]: Loading dungeoncrawl:models/entrance/roguelike/witch_tower.nbt
[25Sep2026 11:22:01.073] [ForkJoinPool.commonPool-worker-3/DEBUG] [Dungeon Crawl/]: Loading dungeoncrawl:models/entrance/roguelike/witch_tower.json
[25Sep2026 11:22:01.073] [ForkJoinPool.commonPool-worker-3/DEBUG] [Dungeon Crawl/]: Loading dungeoncrawl:models/hell/node/lava_hall.nbt
[25Sep2026 11:22:01.076] [ForkJoinPool.commonPool-worker-3/DEBUG] [Dungeon Crawl/]: Loading dungeoncrawl:models/hell/node/small_loot_room.nbt
[25Sep2026 11:22:01.078] [ForkJoinPool.commonPool-worker-3/DEBUG] [Dungeon Crawl/]: Loading dungeoncrawl:models/hell/node/small_loot_room.json
[25Sep2026 11:22:01.078] [ForkJoinPool.commonPool-worker-3/DEBUG] [Dungeon Crawl/]: Loading dungeoncrawl:models/hell/room/empty_room.nbt
[25Sep2026 11:22:01.079] [ForkJoinPool.commonPool-worker-3/DEBUG] [Dungeon Crawl/]: Loading dungeoncrawl:models/hell/room/empty_room.json
[25Sep2026 11:22:01.079] [ForkJoinPool.commonPool-worker-3/DEBUG] [Dungeon Crawl/]: Loading dungeoncrawl:models/hell/room/spawner_room.nbt
[25Sep2026 11:22:01.080] [ForkJoinPool.commonPool-worker-3/DEBUG] [Dungeon Crawl/]: Loading dungeoncrawl:models/hell/room/spawner_room.json
[25Sep2026 11:22:01.081] [ForkJoinPool.commonPool-worker-3/DEBUG] [Dungeon Crawl/]: Loading dungeoncrawl:dungeon/model_pools.json
[25Sep2026 11:22:01.088] [ForkJoinPool.commonPool-worker-3/DEBUG] [Dungeon Crawl/]: Loading dungeoncrawl:dungeon/types/default.json
[25Sep2026 11:22:01.095] [ForkJoinPool.commonPool-worker-3/DEBUG] [Dungeon Crawl/]: Loading dungeoncrawl:dungeon/types/desert/default.json
[25Sep2026 11:22:01.096] [ForkJoinPool.commonPool-worker-3/DEBUG] [Dungeon Crawl/]: Loading dungeoncrawl:dungeon/types/forest/default.json
[25Sep2026 11:22:01.097] [ForkJoinPool.commonPool-worker-3/DEBUG] [Dungeon Crawl/]: Loading dungeoncrawl:dungeon/types/mountains/default.json
[25Sep2026 11:22:01.103] [ForkJoinPool.commonPool-worker-3/DEBUG] [Dungeon Crawl/]: Loading dungeoncrawl:dungeon/biome_mappings/default.json
[25Sep2026 11:22:01.109] [ForkJoinPool.commonPool-worker-3/DEBUG] [Dungeon Crawl/]: Loading dungeoncrawl:theming/secondary_themes/catacombs/crumbled.json
[25Sep2026 11:22:01.112] [ForkJoinPool.commonPool-worker-3/DEBUG] [Dungeon Crawl/]: Loading dungeoncrawl:theming/secondary_themes/hell/roguelike.json
[25Sep2026 11:22:01.112] [ForkJoinPool.commonPool-worker-3/DEBUG] [Dungeon Crawl/]: Loading dungeoncrawl:theming/secondary_themes/vanilla/acacia.json
[25Sep2026 11:22:01.113] [ForkJoinPool.commonPool-worker-3/DEBUG] [Dungeon Crawl/]: Loading dungeoncrawl:theming/secondary_themes/vanilla/badlands/default.json
[25Sep2026 11:22:01.113] [ForkJoinPool.commonPool-worker-3/DEBUG] [Dungeon Crawl/]: Loading dungeoncrawl:theming/secondary_themes/vanilla/birch.json
[25Sep2026 11:22:01.113] [ForkJoinPool.commonPool-worker-3/DEBUG] [Dungeon Crawl/]: Loading dungeoncrawl:theming/secondary_themes/vanilla/catacombs/mossy.json
[25Sep2026 11:22:01.114] [ForkJoinPool.commonPool-worker-3/DEBUG] [Dungeon Crawl/]: Loading dungeoncrawl:theming/secondary_themes/vanilla/catacombs/overgrown.json
[25Sep2026 11:22:01.115] [ForkJoinPool.commonPool-worker-3/DEBUG] [Dungeon Crawl/]: Loading dungeoncrawl:theming/secondary_themes/vanilla/dark_oak.json
[25Sep2026 11:22:01.115] [ForkJoinPool.commonPool-worker-3/DEBUG] [Dungeon Crawl/]: Loading dungeoncrawl:theming/secondary_themes/vanilla/desert/default.json
[25Sep2026 11:22:01.115] [ForkJoinPool.commonPool-worker-3/DEBUG] [Dungeon Crawl/]: Loading dungeoncrawl:theming/secondary_themes/vanilla/desert/diorite.json
[25Sep2026 11:22:01.116] [ForkJoinPool.commonPool-worker-3/DEBUG] [Dungeon Crawl/]: Loading dungeoncrawl:theming/secondary_themes/vanilla/desert/granite.json
[25Sep2026 11:22:01.116] [ForkJoinPool.commonPool-worker-3/DEBUG] [Dungeon Crawl/]: Loading dungeoncrawl:theming/secondary_themes/vanilla/hell/default.json
[25Sep2026 11:22:01.116] [ForkJoinPool.commonPool-worker-3/DEBUG] [Dungeon Crawl/]: Loading dungeoncrawl:theming/secondary_themes/vanilla/jungle.json
[25Sep2026 11:22:01.117] [ForkJoinPool.commonPool-worker-3/DEBUG] [Dungeon Crawl/]: Loading dungeoncrawl:theming/secondary_themes/vanilla/mountains/default.json
[25Sep2026 11:22:01.117] [ForkJoinPool.commonPool-worker-3/DEBUG] [Dungeon Crawl/]: Loading dungeoncrawl:theming/secondary_themes/vanilla/oak.json
[25Sep2026 11:22:01.117] [ForkJoinPool.commonPool-worker-3/DEBUG] [Dungeon Crawl/]: Loading dungeoncrawl:theming/secondary_themes/vanilla/spruce.json
[25Sep2026 11:22:01.123] [ForkJoinPool.commonPool-worker-3/DEBUG] [Dungeon Crawl/]: Loading dungeoncrawl:theming/primary_themes/catacombs/crumbled.json
[25Sep2026 11:22:01.126] [ForkJoinPool.commonPool-worker-3/DEBUG] [Dungeon Crawl/]: Loading dungeoncrawl:theming/primary_themes/create/andesite.json
[25Sep2026 11:22:01.126] [ForkJoinPool.commonPool-worker-3/DEBUG] [Dungeon Crawl/]: Loading dungeoncrawl:theming/primary_themes/create/crumbled_andesite.json
[25Sep2026 11:22:01.127] [ForkJoinPool.commonPool-worker-3/DEBUG] [Dungeon Crawl/]: Loading dungeoncrawl:theming/primary_themes/create/mossy_andesite.json
[25Sep2026 11:22:01.127] [ForkJoinPool.commonPool-worker-3/DEBUG] [Dungeon Crawl/]: Loading dungeoncrawl:theming/primary_themes/create/overgrown_andesite.json
[25Sep2026 11:22:01.128] [ForkJoinPool.commonPool-worker-3/DEBUG] [Dungeon Crawl/]: Loading dungeoncrawl:theming/primary_themes/hell/roguelike.json
[25Sep2026 11:22:01.129] [ForkJoinPool.commonPool-worker-3/DEBUG] [Dungeon Crawl/]: Loading dungeoncrawl:theming/primary_themes/vanilla/andesite.json
[25Sep2026 11:22:01.129] [ForkJoinPool.commonPool-worker-3/DEBUG] [Dungeon Crawl/]: Loading dungeoncrawl:theming/primary_themes/vanilla/badlands/default.json
[25Sep2026 11:22:01.130] [ForkJoinPool.commonPool-worker-3/DEBUG] [Dungeon Crawl/]: Loading dungeoncrawl:theming/primary_themes/vanilla/bricks.json
[25Sep2026 11:22:01.130] [ForkJoinPool.commonPool-worker-3/DEBUG] [Dungeon Crawl/]: Loading dungeoncrawl:theming/primary_themes/vanilla/bricks_2.json
[25Sep2026 11:22:01.131] [ForkJoinPool.commonPool-worker-3/DEBUG] [Dungeon Crawl/]: Loading dungeoncrawl:theming/primary_themes/vanilla/catacombs/ancient.json
[25Sep2026 11:22:01.132] [ForkJoinPool.commonPool-worker-3/DEBUG] [Dungeon Crawl/]: Loading dungeoncrawl:theming/primary_themes/vanilla/catacombs/bricks.json
[25Sep2026 11:22:01.133] [ForkJoinPool.commonPool-worker-3/DEBUG] [Dungeon Crawl/]: Loading dungeoncrawl:theming/primary_themes/vanilla/catacombs/crumbled_floor.json
[25Sep2026 11:22:01.135] [ForkJoinPool.commonPool-worker-3/DEBUG] [Dungeon Crawl/]: Loading dungeoncrawl:theming/primary_themes/vanilla/catacombs/mossy.json
[25Sep2026 11:22:01.135] [ForkJoinPool.commonPool-worker-3/DEBUG] [Dungeon Crawl/]: Loading dungeoncrawl:theming/primary_themes/vanilla/catacombs/overgrown.json
[25Sep2026 11:22:01.136] [ForkJoinPool.commonPool-worker-3/DEBUG] [Dungeon Crawl/]: Loading dungeoncrawl:theming/primary_themes/vanilla/default.json
[25Sep2026 11:22:01.137] [ForkJoinPool.commonPool-worker-3/DEBUG] [Dungeon Crawl/]: Loading dungeoncrawl:theming/primary_themes/vanilla/desert/default.json
[25Sep2026 11:22:01.138] [ForkJoinPool.commonPool-worker-3/DEBUG] [Dungeon Crawl/]: Loading dungeoncrawl:theming/primary_themes/vanilla/desert/diorite.json
[25Sep2026 11:22:01.138] [ForkJoinPool.commonPool-worker-3/DEBUG] [Dungeon Crawl/]: Loading dungeoncrawl:theming/primary_themes/vanilla/desert/granite.json
[25Sep2026 11:22:01.139] [ForkJoinPool.commonPool-worker-3/DEBUG] [Dungeon Crawl/]: Loading dungeoncrawl:theming/primary_themes/vanilla/desert/terracotta.json
[25Sep2026 11:22:01.140] [ForkJoinPool.commonPool-worker-3/DEBUG] [Dungeon Crawl/]: Loading dungeoncrawl:theming/primary_themes/vanilla/hell/checked_floor.json
[25Sep2026 11:22:01.140] [ForkJoinPool.commonPool-worker-3/DEBUG] [Dungeon Crawl/]: Loading dungeoncrawl:theming/primary_themes/vanilla/hell/default.json
[25Sep2026 11:22:01.141] [ForkJoinPool.commonPool-worker-3/DEBUG] [Dungeon Crawl/]: Loading dungeoncrawl:theming/primary_themes/vanilla/hell/mossy.json
[25Sep2026 11:22:01.142] [ForkJoinPool.commonPool-worker-3/DEBUG] [Dungeon Crawl/]: Loading dungeoncrawl:theming/primary_themes/vanilla/jungle/default.json
[25Sep2026 11:22:01.143] [ForkJoinPool.commonPool-worker-3/DEBUG] [Dungeon Crawl/]: Loading dungeoncrawl:theming/primary_themes/vanilla/mountains/default.json
[25Sep2026 11:22:01.178] [ForkJoinPool.commonPool-worker-3/DEBUG] [Dungeon Crawl/]: Loading dungeoncrawl:monster/spawn_rates.json
[25Sep2026 11:22:01.179] [ForkJoinPool.commonPool-worker-3/DEBUG] [Dungeon Crawl/]: Loading dungeoncrawl:treasure/stage_1.json
[25Sep2026 11:22:01.181] [ForkJoinPool.commonPool-worker-3/DEBUG] [Dungeon Crawl/]: Loading dungeoncrawl:treasure/stage_2.json
[25Sep2026 11:22:01.181] [ForkJoinPool.commonPool-worker-3/DEBUG] [Dungeon Crawl/]: Loading dungeoncrawl:treasure/stage_3.json
[25Sep2026 11:22:01.181] [ForkJoinPool.commonPool-worker-3/DEBUG] [Dungeon Crawl/]: Loading dungeoncrawl:treasure/stage_4.json
[25Sep2026 11:22:01.181] [ForkJoinPool.commonPool-worker-3/DEBUG] [Dungeon Crawl/]: Loading dungeoncrawl:treasure/stage_5.json
[25Sep2026 11:22:01.183] [ForkJoinPool.commonPool-worker-3/DEBUG] [Dungeon Crawl/]: Loading dungeoncrawl:monster/entities/stage_1.json
[25Sep2026 11:22:01.184] [ForkJoinPool.commonPool-worker-3/DEBUG] [Dungeon Crawl/]: Loading dungeoncrawl:monster/entities/stage_2.json
[25Sep2026 11:22:01.184] [ForkJoinPool.commonPool-worker-3/DEBUG] [Dungeon Crawl/]: Loading dungeoncrawl:monster/entities/stage_3.json
[25Sep2026 11:22:01.184] [ForkJoinPool.commonPool-worker-3/DEBUG] [Dungeon Crawl/]: Loading dungeoncrawl:monster/entities/stage_4.json
[25Sep2026 11:22:01.185] [ForkJoinPool.commonPool-worker-3/DEBUG] [Dungeon Crawl/]: Loading dungeoncrawl:monster/entities/stage_5.json
[25Sep2026 11:22:01.185] [ForkJoinPool.commonPool-worker-3/DEBUG] [Dungeon Crawl/]: Loading dungeoncrawl:monster/equipment/armor/stage_1.json
[25Sep2026 11:22:01.185] [ForkJoinPool.commonPool-worker-3/DEBUG] [Dungeon Crawl/]: Loading dungeoncrawl:monster/equipment/armor/stage_2.json
[25Sep2026 11:22:01.185] [ForkJoinPool.commonPool-worker-3/DEBUG] [Dungeon Crawl/]: Loading dungeoncrawl:monster/equipment/armor/stage_3.json
[25Sep2026 11:22:01.185] [ForkJoinPool.commonPool-worker-3/DEBUG] [Dungeon Crawl/]: Loading dungeoncrawl:monster/equipment/armor/stage_4.json
[25Sep2026 11:22:01.185] [ForkJoinPool.commonPool-worker-3/DEBUG] [Dungeon Crawl/]: Loading dungeoncrawl:monster/equipment/armor/stage_5.json
[25Sep2026 11:22:01.186] [ForkJoinPool.commonPool-worker-3/DEBUG] [Dungeon Crawl/]: Loading dungeoncrawl:monster/equipment/weapon/stage_1.json
[25Sep2026 11:22:01.186] [ForkJoinPool.commonPool-worker-3/DEBUG] [Dungeon Crawl/]: Loading dungeoncrawl:monster/equipment/weapon/stage_2.json
[25Sep2026 11:22:01.186] [ForkJoinPool.commonPool-worker-3/DEBUG] [Dungeon Crawl/]: Loading dungeoncrawl:monster/equipment/weapon/stage_3.json
[25Sep2026 11:22:01.186] [ForkJoinPool.commonPool-worker-3/DEBUG] [Dungeon Crawl/]: Loading dungeoncrawl:monster/equipment/weapon/stage_4.json
[25Sep2026 11:22:01.186] [ForkJoinPool.commonPool-worker-3/DEBUG] [Dungeon Crawl/]: Loading dungeoncrawl:monster/equipment/weapon/stage_5.json
[25Sep2026 11:22:01.188] [ForkJoinPool.commonPool-worker-3/DEBUG] [Dungeon Crawl/]: Loading dungeoncrawl:monster/potion_effects/stage_1.json
[25Sep2026 11:22:01.189] [ForkJoinPool.commonPool-worker-3/DEBUG] [Dungeon Crawl/]: Loading dungeoncrawl:monster/potion_effects/stage_2.json
[25Sep2026 11:22:01.189] [ForkJoinPool.commonPool-worker-3/DEBUG] [Dungeon Crawl/]: Loading dungeoncrawl:monster/potion_effects/stage_3.json
[25Sep2026 11:22:01.190] [ForkJoinPool.commonPool-worker-3/DEBUG] [Dungeon Crawl/]: Loading dungeoncrawl:monster/potion_effects/stage_4.json
[25Sep2026 11:22:01.190] [ForkJoinPool.commonPool-worker-3/DEBUG] [Dungeon Crawl/]: Loading dungeoncrawl:monster/potion_effects/stage_5.json
[25Sep2026 11:22:01.191] [ForkJoinPool.commonPool-worker-3/DEBUG] [Dungeon Crawl/]: Completing...
[25Sep2026 11:22:01.191] [ForkJoinPool.commonPool-worker-3/INFO] [Dungeon Crawl/]: Done.
[25Sep2026 11:22:01.246] [main/DEBUG] [net.neoforged.neoforge.common.CommonHooks/WP]: Gathered mod list to write to world save MUNDO DISLEXICO
[25Sep2026 11:22:01.256] [main/DEBUG] [mixin/]: Mixing DedicatedServerMixin from tombstone.mixins.json into net.minecraft.server.dedicated.DedicatedServer
[25Sep2026 11:22:01.257] [main/DEBUG] [mixin/]: tombstone.mixins.json:DedicatedServerMixin from mod tombstone: Class version 69 required is higher than the class version supported by the current version of Mixin (JAVA_21 supports class version 65)
[25Sep2026 11:22:01.258] [main/DEBUG] [mixin/]: tombstone.mixins.json:DedicatedServerMixin from mod tombstone->@Inject::methodIsUnderSpawnProtection(Lnet/minecraft/server/level/ServerLevel;Lnet/minecraft/core/BlockPos;Lnet/minecraft/world/entity/player/Player;Lorg/spongepowered/asm/mixin/injection/callback/CallbackInfoReturnable;)V does use it's CallbackInfoReturnable
[25Sep2026 11:22:01.258] [main/DEBUG] [mixin/]: tombstone.mixins.json:DedicatedServerMixin from mod tombstone->@Inject::methodIsUnderSpawnProtection(Lnet/minecraft/server/level/ServerLevel;Lnet/minecraft/core/BlockPos;Lnet/minecraft/world/entity/player/Player;Lorg/spongepowered/asm/mixin/injection/callback/CallbackInfoReturnable;)V does use it's CallbackInfoReturnable
[25Sep2026 11:22:01.258] [main/DEBUG] [mixin/]: tombstone.mixins.json:DedicatedServerMixin from mod tombstone->@Inject::methodIsUnderSpawnProtection(Lnet/minecraft/server/level/ServerLevel;Lnet/minecraft/core/BlockPos;Lnet/minecraft/world/entity/player/Player;Lorg/spongepowered/asm/mixin/injection/callback/CallbackInfoReturnable;)V does use it's CallbackInfoReturnable
[25Sep2026 11:22:01.258] [main/DEBUG] [mixin/]: tombstone.mixins.json:DedicatedServerMixin from mod tombstone->@Inject::methodIsUnderSpawnProtection(Lnet/minecraft/server/level/ServerLevel;Lnet/minecraft/core/BlockPos;Lnet/minecraft/world/entity/player/Player;Lorg/spongepowered/asm/mixin/injection/callback/CallbackInfoReturnable;)V does use it's CallbackInfoReturnable
[25Sep2026 11:22:01.258] [main/DEBUG] [mixin/]: tombstone.mixins.json:DedicatedServerMixin from mod tombstone->@Inject::methodIsUnderSpawnProtection(Lnet/minecraft/server/level/ServerLevel;Lnet/minecraft/core/BlockPos;Lnet/minecraft/world/entity/player/Player;Lorg/spongepowered/asm/mixin/injection/callback/CallbackInfoReturnable;)V does use it's CallbackInfoReturnable
[25Sep2026 11:22:01.266] [main/DEBUG] [mixin/]: Mixing PlayerListMixin from creativecore.forge.mixins.json into net.minecraft.server.players.PlayerList
[25Sep2026 11:22:01.266] [main/DEBUG] [mixin/]: creativecore.forge.mixins.json:PlayerListMixin from mod creativecore: Class version 69 required is higher than the class version supported by the current version of Mixin (JAVA_21 supports class version 65)
[25Sep2026 11:22:01.266] [main/DEBUG] [mixin/]: Renaming synthetic method lambda$bind$0(Lnet/minecraft/server/network/ServerGamePacketListenerImpl;Ljava/lang/Object;)Ljava/lang/Object; to mda57a1a$creativecore$lambda$bind$0$0 in creativecore.forge.mixins.json:PlayerListMixin from mod creativecore
[25Sep2026 11:22:01.421] [Server thread/INFO] [net.minecraft.server.dedicated.DedicatedServer/]: Starting minecraft server version 26.2
[25Sep2026 11:22:01.421] [Server thread/INFO] [net.minecraft.server.dedicated.DedicatedServer/]: Loading properties
[25Sep2026 11:22:01.421] [Server thread/INFO] [net.minecraft.server.dedicated.DedicatedServer/]: Default game type: SURVIVAL
[25Sep2026 11:22:01.421] [Server thread/INFO] [net.minecraft.server.MinecraftServer/]: Generating keypair
[25Sep2026 11:22:01.527] [Server thread/INFO] [net.minecraft.server.dedicated.DedicatedServer/]: Starting Minecraft server on *:25565
[25Sep2026 11:22:01.528] [Server thread/DEBUG] [net.neoforged.neoforge.network.DualStackUtils/]: Detected IPv6 address: "0:0:0:0:0:0:0:0"
[25Sep2026 11:22:01.552] [Server thread/DEBUG] [io.netty.util.internal.NativeLibraryLoader/]: -Dio.netty.native.workdir: /tmp (io.netty.tmpdir)
[25Sep2026 11:22:01.552] [Server thread/DEBUG] [io.netty.util.internal.NativeLibraryLoader/]: -Dio.netty.native.deleteLibAfterLoading: true
[25Sep2026 11:22:01.552] [Server thread/DEBUG] [io.netty.util.internal.NativeLibraryLoader/]: -Dio.netty.native.tryPatchShadedId: true
[25Sep2026 11:22:01.552] [Server thread/DEBUG] [io.netty.util.internal.NativeLibraryLoader/]: -Dio.netty.native.detectNativeLibraryDuplicates: true
[25Sep2026 11:22:01.564] [Server thread/DEBUG] [io.netty.util.internal.NativeLibraryLoader/]: Successfully loaded the library /tmp/libnetty_transport_native_epoll_x86_6416835757886188086798.so
[25Sep2026 11:22:01.566] [Server thread/DEBUG] [io.netty.util.NetUtil/]: -Djava.net.preferIPv4Stack: false
[25Sep2026 11:22:01.566] [Server thread/DEBUG] [io.netty.util.NetUtil/]: -Djava.net.preferIPv6Addresses: true
[25Sep2026 11:22:01.568] [Server thread/DEBUG] [io.netty.util.NetUtilInitializations/]: Loopback interface: lo (lo, 0:0:0:0:0:0:0:1%lo)
[25Sep2026 11:22:01.568] [Server thread/DEBUG] [io.netty.util.NetUtil/]: /proc/sys/net/core/somaxconn: 4096
[25Sep2026 11:22:01.580] [Server thread/DEBUG] [io.netty.channel.MultithreadEventLoopGroup/]: -Dio.netty.eventLoopThreads: 8
[25Sep2026 11:22:01.586] [Server thread/DEBUG] [io.netty.util.concurrent.GlobalEventExecutor/]: -Dio.netty.globalEventExecutor.quietPeriodSeconds: 1
[25Sep2026 11:22:01.592] [Server thread/DEBUG] [io.netty.util.internal.PlatformDependent/]: org.jctools-core.MpscChunkedArrayQueue: unavailable
[25Sep2026 11:22:01.601] [Server thread/DEBUG] [io.netty.channel.DefaultChannelId/]: -Dio.netty.processId: 3550 (auto-detected)
[25Sep2026 11:22:01.602] [Server thread/DEBUG] [io.netty.channel.DefaultChannelId/]: -Dio.netty.machineId: 7c:1e:52:ff:fe:a0:c0:7a (auto-detected)
[25Sep2026 11:22:01.613] [Server thread/DEBUG] [io.netty.bootstrap.ChannelInitializerExtensions/]: -Dio.netty.bootstrap.extensions: null
[25Sep2026 11:22:01.646] [Server thread/DEBUG] [net.neoforged.fml.config.ConfigTracker/CONFIG]: Loading configs type SERVER
[25Sep2026 11:22:01.647] [Server thread/DEBUG] [net.neoforged.fml.config.ConfigTracker/CONFIG]: Loaded TOML config file /workspaces/SERVER-DISLEXICO-05/servidor_minecraft/config/jei-server.toml
[25Sep2026 11:22:01.647] [Server thread/DEBUG] [net.neoforged.fml.config.ConfigTracker/CONFIG]: Watching TOML config file /workspaces/SERVER-DISLEXICO-05/servidor_minecraft/config/jei-server.toml for changes
[25Sep2026 11:22:01.649] [Server thread/INFO] [journeymap/]: Loading JourneyMap Forge Configs
[25Sep2026 11:22:01.649] [Server thread/DEBUG] [net.neoforged.fml.config.ConfigTracker/CONFIG]: Loaded TOML config file /workspaces/SERVER-DISLEXICO-05/servidor_minecraft/config/journeymap-server.toml
[25Sep2026 11:22:01.649] [Server thread/DEBUG] [net.neoforged.fml.config.ConfigTracker/CONFIG]: Watching TOML config file /workspaces/SERVER-DISLEXICO-05/servidor_minecraft/config/journeymap-server.toml for changes
[25Sep2026 11:22:01.650] [Server thread/DEBUG] [net.neoforged.neoforge.common.NeoForgeMod/FORGEMOD]: Loaded NeoForge config file neoforge-server.toml
[25Sep2026 11:22:01.650] [Server thread/DEBUG] [net.neoforged.fml.config.ConfigTracker/CONFIG]: Loaded TOML config file /workspaces/SERVER-DISLEXICO-05/servidor_minecraft/config/neoforge-server.toml
[25Sep2026 11:22:01.650] [Server thread/DEBUG] [net.neoforged.fml.config.ConfigTracker/CONFIG]: Watching TOML config file /workspaces/SERVER-DISLEXICO-05/servidor_minecraft/config/neoforge-server.toml for changes
[25Sep2026 11:22:01.661] [Server thread/DEBUG] [net.neoforged.fml.config.ConfigTracker/CONFIG]: Loaded TOML config file /workspaces/SERVER-DISLEXICO-05/servidor_minecraft/config/travelersbackpack-server.toml
[25Sep2026 11:22:01.662] [Server thread/DEBUG] [net.neoforged.fml.config.ConfigTracker/CONFIG]: Watching TOML config file /workspaces/SERVER-DISLEXICO-05/servidor_minecraft/config/travelersbackpack-server.toml for changes
[25Sep2026 11:22:01.665] [Server thread/DEBUG] [net.neoforged.fml.config.ConfigTracker/CONFIG]: Loaded TOML config file /workspaces/SERVER-DISLEXICO-05/servidor_minecraft/config/tombstone-server.toml
[25Sep2026 11:22:01.665] [Server thread/DEBUG] [net.neoforged.fml.config.ConfigTracker/CONFIG]: Watching TOML config file /workspaces/SERVER-DISLEXICO-05/servidor_minecraft/config/tombstone-server.toml for changes
[25Sep2026 11:22:01.715] [Server thread/WARN] [net.neoforged.neoforge.server.ServerLifecycleHooks/]: Detected minecraft:ocelot that was registered with CREATURE mob category but was added under MONSTER mob category for biomesoplenty:rainforest biome! Mobs should be added to biomes under the same mob category that the mob was registered as to prevent mob cap spawning issues.
[25Sep2026 11:22:01.717] [Server thread/WARN] [net.neoforged.neoforge.server.ServerLifecycleHooks/]: Detected minecraft:ocelot that was registered with CREATURE mob category but was added under MONSTER mob category for biomesoplenty:rocky_rainforest biome! Mobs should be added to biomes under the same mob category that the mob was registered as to prevent mob cap spawning issues.
[25Sep2026 11:22:02.251] [Server thread/INFO] [terrablender/]: Initialized TerraBlender biomes for level stem minecraft:overworld
[25Sep2026 11:22:02.251] [Server thread/INFO] [terrablender/]: Initialized TerraBlender biomes for level stem minecraft:the_nether
[25Sep2026 11:22:02.252] [Server thread/INFO] [net.minecraft.server.dedicated.DedicatedServer/]: Preparing level "world"
[25Sep2026 11:22:02.266] [Server thread/DEBUG] [mixin/]: Mixing server.ServerChunkCacheAccessor from journeymap.mixins.json into net.minecraft.server.level.ServerChunkCache
[25Sep2026 11:22:02.266] [Server thread/DEBUG] [mixin/]: journeymap.mixins.json:server.ServerChunkCacheAccessor from mod journeymap: Class version 69 required is higher than the class version supported by the current version of Mixin (JAVA_17 supports class version 61)
[25Sep2026 11:22:02.274] [Server thread/DEBUG] [io.netty.util.internal.ThreadLocalRandom/]: -Dio.netty.initialSeedUniquifier: 0x21452889de587650
[25Sep2026 11:22:02.286] [Server thread/DEBUG] [mixin/]: Mixing DamageSourcesMixin from tombstone.mixins.json into net.minecraft.world.damagesource.DamageSources
[25Sep2026 11:22:02.287] [Server thread/DEBUG] [mixin/]: tombstone.mixins.json:DamageSourcesMixin from mod tombstone: Class version 69 required is higher than the class version supported by the current version of Mixin (JAVA_21 supports class version 65)
[25Sep2026 11:22:02.288] [Server thread/DEBUG] [mixin/]: tombstone.mixins.json:DamageSourcesMixin from mod tombstone->@Inject::methodArrow(Lnet/minecraft/world/entity/projectile/arrow/AbstractArrow;Lnet/minecraft/world/entity/Entity;Lorg/spongepowered/asm/mixin/injection/callback/CallbackInfoReturnable;)V does use it's CallbackInfoReturnable
[25Sep2026 11:22:02.288] [Server thread/DEBUG] [mixin/]: tombstone.mixins.json:DamageSourcesMixin from mod tombstone->@Inject::methodTrident(Lnet/minecraft/world/entity/Entity;Lnet/minecraft/world/entity/Entity;Lorg/spongepowered/asm/mixin/injection/callback/CallbackInfoReturnable;)V does use it's CallbackInfoReturnable
[25Sep2026 11:22:02.288] [Server thread/DEBUG] [mixin/]: tombstone.mixins.json:DamageSourcesMixin from mod tombstone->@Inject::methodPlayerAttack(Lnet/minecraft/world/entity/player/Player;Lorg/spongepowered/asm/mixin/injection/callback/CallbackInfoReturnable;)V does use it's CallbackInfoReturnable
[25Sep2026 11:22:02.288] [Server thread/DEBUG] [mixin/]: tombstone.mixins.json:DamageSourcesMixin from mod tombstone->@Inject::methodMobAttack(Lnet/minecraft/world/entity/LivingEntity;Lorg/spongepowered/asm/mixin/injection/callback/CallbackInfoReturnable;)V does use it's CallbackInfoReturnable
[25Sep2026 11:22:02.336] [Server thread/DEBUG] [mixin/]: Mixing server.ChunkMapAccessor from journeymap.mixins.json into net.minecraft.server.level.ChunkMap
[25Sep2026 11:22:02.337] [Server thread/DEBUG] [mixin/]: journeymap.mixins.json:server.ChunkMapAccessor from mod journeymap: Class version 69 required is higher than the class version supported by the current version of Mixin (JAVA_17 supports class version 61)
[25Sep2026 11:22:02.337] [Server thread/DEBUG] [mixin/]: Mixing ChunkMapAccessor from balm.mixins.json into net.minecraft.server.level.ChunkMap
[25Sep2026 11:22:02.337] [Server thread/DEBUG] [mixin/]: balm.mixins.json:ChunkMapAccessor from mod balm: Class version 69 required is higher than the class version supported by the current version of Mixin (JAVA_17 supports class version 61)
[25Sep2026 11:22:03.024] [Server thread/INFO] [net.minecraft.server.level.progress.LoggingLevelLoadListener/]: Loading 0 persistent chunks...
[25Sep2026 11:22:03.027] [Server thread/INFO] [net.minecraft.server.level.progress.LoggingLevelLoadListener/]: Preparing spawn area: 100%
[25Sep2026 11:22:03.040] [Server thread/INFO] [net.minecraft.server.level.progress.LoggingLevelLoadListener/]: Time elapsed: 18 ms
[25Sep2026 11:22:03.041] [Server thread/INFO] [net.minecraft.server.dedicated.DedicatedServer/]: Done (1.395s)! For help, type "help"
[25Sep2026 11:22:03.048] [Server thread/INFO] [net.minecraft.server.MinecraftServer/]: Saving chunks for level 'ServerLevel[MUNDO DISLEXICO]'/minecraft:overworld
[25Sep2026 11:22:03.086] [Server thread/INFO] [net.minecraft.server.MinecraftServer/]: Saving chunks for level 'ServerLevel[MUNDO DISLEXICO]'/minecraft:the_end
[25Sep2026 11:22:03.093] [Server thread/INFO] [net.minecraft.server.MinecraftServer/]: Saving chunks for level 'ServerLevel[MUNDO DISLEXICO]'/minecraft:the_nether
[25Sep2026 11:22:03.102] [Server thread/DEBUG] [net.neoforged.neoforge.common.CommonHooks/WP]: Gathered mod list to write to world save MUNDO DISLEXICO
[25Sep2026 11:22:03.121] [Server thread/INFO] [net.minecraft.server.MinecraftServer/]: ThreadedAnvilChunkStorage (world): All chunks are saved
[25Sep2026 11:22:03.123] [Server thread/INFO] [net.minecraft.server.MinecraftServer/]: ThreadedAnvilChunkStorage (DIM1): All chunks are saved
[25Sep2026 11:22:03.124] [Server thread/INFO] [net.minecraft.server.MinecraftServer/]: ThreadedAnvilChunkStorage (DIM-1): All chunks are saved
[25Sep2026 11:22:03.124] [Server thread/INFO] [net.minecraft.server.MinecraftServer/]: ThreadedAnvilChunkStorage: All dimensions are saved
[25Sep2026 11:22:03.255] [Server thread/DEBUG] [net.neoforged.neoforge.server.LanguageHook/]: Loaded 22 language files for en_us
[25Sep2026 11:22:03.264] [Server thread/INFO] [net.neoforged.neoforge.server.permission.PermissionAPI/]: Successfully initialized permission handler neoforge:default_handler
[25Sep2026 11:22:03.277] [Server thread/INFO] [journeymap/]: Loaded null for service interface journeymap.api.services.WebMapService
[25Sep2026 11:22:03.278] [Server thread/INFO] [journeymap/]: Loaded journeymap.common.helpers.NeoForgeClientHooks@60256ff3 for service interface journeymap.api.services.ClientPlatformService
[25Sep2026 11:22:03.281] [Server thread/INFO] [journeymap/]: Loaded journeymap.common.helpers.NeoForgeHooks@6e45eaf5 for service interface journeymap.api.services.CommonPlatformService
[25Sep2026 11:22:03.297] [Server thread/INFO] [journeymap/]: Found @JourneyMapPlugin: journeymap.api.plugins.LoadedChunkOverlayPlugin
[25Sep2026 11:22:03.303] [Server thread/INFO] [journeymap/]: Initialized IJourneyMapPlugin as:journeymap.api.plugins.LoadedChunkOverlayPlugin: for:journeymap_chunk_overlay
[25Sep2026 11:22:25.988] [User Authenticator #1/INFO] [net.minecraft.server.network.ServerLoginPacketListenerImpl/]: UUID of player MirsWATF is b5193e04-289f-4676-8ef7-f3111c8cc1e6
[25Sep2026 11:22:26.170] [Netty Epoll IO #2/DEBUG] [mixin/]: Mixing ServerConfigurationPacketListenerImplMixin from creativecore.forge.mixins.json into net.minecraft.server.network.ServerConfigurationPacketListenerImpl
[25Sep2026 11:22:26.171] [Netty Epoll IO #2/DEBUG] [mixin/]: creativecore.forge.mixins.json:ServerConfigurationPacketListenerImplMixin from mod creativecore: Class version 69 required is higher than the class version supported by the current version of Mixin (JAVA_21 supports class version 65)
[25Sep2026 11:22:26.171] [Netty Epoll IO #2/DEBUG] [mixin/]: Renaming synthetic method lambda$handleConfigurationFinished$0(Lnet/minecraft/core/RegistryAccess;Lnet/neoforged/neoforge/network/connection/ConnectionType;Lio/netty/buffer/ByteBuf;)Lnet/minecraft/network/RegistryFriendlyByteBuf; to mda57a1a$creativecore$lambda$handleConfigurationFinished$0$0 in creativecore.forge.mixins.json:ServerConfigurationPacketListenerImplMixin from mod creativecore
[25Sep2026 11:22:26.171] [Netty Epoll IO #2/DEBUG] [mixin/]: Mixing MixinServerConfigurationPacketListenerImpl from glitchcore.mixins.json into net.minecraft.server.network.ServerConfigurationPacketListenerImpl
[25Sep2026 11:22:26.171] [Netty Epoll IO #2/DEBUG] [mixin/]: glitchcore.mixins.json:MixinServerConfigurationPacketListenerImpl from mod glitchcore: Class version 69 required is higher than the class version supported by the current version of Mixin (JAVA_17 supports class version 61)
[25Sep2026 11:22:26.173] [Netty Epoll IO #2/DEBUG] [mixin/]: glitchcore.mixins.json:MixinServerConfigurationPacketListenerImpl from mod glitchcore->@Inject::onStartConfiguration(Lorg/spongepowered/asm/mixin/injection/callback/CallbackInfo;)V doesn't use it's CallbackInfo
[25Sep2026 11:22:26.173] [Netty Epoll IO #2/DEBUG] [mixin/]: glitchcore.mixins.json:MixinServerConfigurationPacketListenerImpl from mod glitchcore->@Inject::onStartConfiguration(Lorg/spongepowered/asm/mixin/injection/callback/CallbackInfo;)V has 0 override(s) in child classes
[25Sep2026 11:22:26.173] [Netty Epoll IO #2/DEBUG] [mixin/]: glitchcore.mixins.json:MixinServerConfigurationPacketListenerImpl from mod glitchcore->@Inject::onStartConfiguration(Lorg/spongepowered/asm/mixin/injection/callback/CallbackInfo;)V won't be passed a CallbackInfo as a result
[25Sep2026 11:22:26.295] [Netty Epoll IO #2/DEBUG] [net.neoforged.neoforge.network.filters.NetworkFilters/]: Injected net.neoforged.neoforge.network.filters.GenericPacketSplitter@250c555f into net.minecraft.network.Connection@5b2cc6e8
[25Sep2026 11:22:27.044] [User Authenticator #2/INFO] [net.minecraft.server.network.ServerLoginPacketListenerImpl/]: UUID of player Miikari_UwU is 291c1a0c-bd77-44e1-a786-e724ee0a4b4a
[25Sep2026 11:22:27.386] [Netty Epoll IO #3/DEBUG] [net.neoforged.neoforge.network.filters.NetworkFilters/]: Injected net.neoforged.neoforge.network.filters.GenericPacketSplitter@4ddf0fad into net.minecraft.network.Connection@49e082ce
[25Sep2026 11:22:28.517] [Server thread/DEBUG] [mixin/]: Mixing TrackedEntityAccessor from balm.mixins.json into net.minecraft.server.level.ChunkMap$TrackedEntity
[25Sep2026 11:22:28.518] [Server thread/DEBUG] [mixin/]: balm.mixins.json:TrackedEntityAccessor from mod balm: Class version 69 required is higher than the class version supported by the current version of Mixin (JAVA_17 supports class version 61)
[25Sep2026 11:22:28.549] [Server thread/DEBUG] [mixin/]: Mixing structures.TemplateAccessor from repurposed_structures-common.mixins.json into net.minecraft.world.level.levelgen.structure.templatesystem.StructureTemplate
[25Sep2026 11:22:28.676] [User Authenticator #3/INFO] [net.minecraft.server.network.ServerLoginPacketListenerImpl/]: UUID of player teemoelsamu is d1418274-fbb6-4a7d-be69-45904935106e
[25Sep2026 11:22:28.979] [Netty Epoll IO #4/DEBUG] [net.neoforged.neoforge.network.filters.NetworkFilters/]: Injected net.neoforged.neoforge.network.filters.GenericPacketSplitter@74ce2d7e into net.minecraft.network.Connection@70f1a73f
[25Sep2026 11:22:29.100] [Netty Epoll IO #2/DEBUG] [net.neoforged.neoforge.network.filters.NetworkFilters/]: Injected net.neoforged.neoforge.network.filters.GenericPacketSplitter@1685848d into net.minecraft.network.Connection@5b2cc6e8
[25Sep2026 11:22:29.319] [Server thread/INFO] [net.minecraft.server.players.PlayerList/]: MirsWATF[/127.119.112.13:34545] logged in with entity id 283 at (-1831.91494304106, -11.0, -1920.6459210338717)
[25Sep2026 11:22:29.323] [Server thread/DEBUG] [mixin/]: Mixing ServerGamePacketListenerImplMixin from travelersbackpack.mixins.json into net.minecraft.server.network.ServerGamePacketListenerImpl
[25Sep2026 11:22:29.323] [Server thread/DEBUG] [mixin/]: travelersbackpack.mixins.json:ServerGamePacketListenerImplMixin from mod travelersbackpack: Class version 69 required is higher than the class version supported by the current version of Mixin (JAVA_21 supports class version 65)
[25Sep2026 11:22:29.324] [Server thread/DEBUG] [mixin/]: Renaming synthetic method lambda$onTryPickItem$0(Lnet/minecraft/world/item/ItemStack;Lnet/minecraft/world/entity/player/Inventory;Lcom/tiviacz/travelersbackpack/inventory/BackpackWrapper;Ljava/util/concurrent/atomic/AtomicReference;Ljava/lang/Integer;Lnet/minecraft/world/item/ItemStack;)Ljava/lang/Boolean; to mda57a1a$travelersbackpack$lambda$onTryPickItem$0$0 in travelersbackpack.mixins.json:ServerGamePacketListenerImplMixin from mod travelersbackpack
[25Sep2026 11:22:29.325] [Server thread/DEBUG] [mixin/]: travelersbackpack.mixins.json:ServerGamePacketListenerImplMixin from mod travelersbackpack->@Inject::onTryPickItem(Lnet/minecraft/world/item/ItemStack;Lorg/spongepowered/asm/mixin/injection/callback/CallbackInfo;)V doesn't use it's CallbackInfo
[25Sep2026 11:22:29.325] [Server thread/DEBUG] [mixin/]: travelersbackpack.mixins.json:ServerGamePacketListenerImplMixin from mod travelersbackpack->@Inject::onTryPickItem(Lnet/minecraft/world/item/ItemStack;Lorg/spongepowered/asm/mixin/injection/callback/CallbackInfo;)V has 0 override(s) in child classes
[25Sep2026 11:22:29.325] [Server thread/DEBUG] [mixin/]: travelersbackpack.mixins.json:ServerGamePacketListenerImplMixin from mod travelersbackpack->@Inject::onTryPickItem(Lnet/minecraft/world/item/ItemStack;Lorg/spongepowered/asm/mixin/injection/callback/CallbackInfo;)V won't be passed a CallbackInfo as a result
[25Sep2026 11:22:29.347] [Server thread/DEBUG] [net.neoforged.neoforge.common.CommonHooks/]: Sending 2284 recipes of the following types: [campfire_cooking, crafting, blasting, smelting, smoking, stonecutting, smithing]
[25Sep2026 11:22:29.409] [Server thread/INFO] [net.minecraft.server.MinecraftServer/]: MirsWATF joined the game
[25Sep2026 11:22:29.803] [Server thread/INFO] [journeymap/]: JourneyMap client version for MirsWATF: 6.0.8 (server version: 6.0.8)
[25Sep2026 11:22:30.079] [Server thread/DEBUG] [mixin/]: Mixing structures.JigsawJunctionAccessor from repurposed_structures-common.mixins.json into net.minecraft.world.level.levelgen.structure.pools.JigsawJunction
[25Sep2026 11:22:30.178] [Netty Epoll IO #3/DEBUG] [net.neoforged.neoforge.network.filters.NetworkFilters/]: Injected net.neoforged.neoforge.network.filters.GenericPacketSplitter@688362b5 into net.minecraft.network.Connection@49e082ce
[25Sep2026 11:22:30.258] [Server thread/INFO] [net.minecraft.server.players.PlayerList/]: Miikari_UwU[/127.119.128.7:41433] logged in with entity id 329 at (-1808.699999988079, -22.1875, -1888.9563577200588)
[25Sep2026 11:22:30.260] [Server thread/DEBUG] [net.neoforged.neoforge.common.CommonHooks/]: Sending 2284 recipes of the following types: [campfire_cooking, crafting, blasting, smelting, smoking, stonecutting, smithing]
[25Sep2026 11:22:30.263] [Server thread/INFO] [net.minecraft.server.MinecraftServer/]: Miikari_UwU joined the game
[25Sep2026 11:22:30.786] [Server thread/INFO] [journeymap/]: JourneyMap client version for Miikari_UwU: 6.0.8 (server version: 6.0.8)
[25Sep2026 11:22:30.883] [Netty Epoll IO #4/DEBUG] [net.neoforged.neoforge.network.filters.NetworkFilters/]: Injected net.neoforged.neoforge.network.filters.GenericPacketSplitter@12cfe00 into net.minecraft.network.Connection@70f1a73f
[25Sep2026 11:22:30.967] [Server thread/INFO] [net.minecraft.server.players.PlayerList/]: teemoelsamu[/127.153.184.86:46323] logged in with entity id 370 at (-1816.3787677853852, -14.613078773813369, -1886.300000011921)
[25Sep2026 11:22:30.969] [Server thread/DEBUG] [net.neoforged.neoforge.common.CommonHooks/]: Sending 2284 recipes of the following types: [campfire_cooking, crafting, blasting, smelting, smoking, stonecutting, smithing]
[25Sep2026 11:22:30.971] [Server thread/INFO] [net.minecraft.server.MinecraftServer/]: teemoelsamu joined the game
[25Sep2026 11:22:31.504] [Server thread/INFO] [journeymap/]: JourneyMap client version for teemoelsamu: 6.0.8 (server version: 6.0.8)
[25Sep2026 11:22:52.480] [Server thread/WARN] [tombstone/]: The death event of the player MirsWATF was canceled by another mod
[25Sep2026 11:22:52.484] [Server thread/INFO] [tombstone/]: The player MirsWATF has successfully been saved
[25Sep2026 11:22:55.703] [Server thread/INFO] [net.minecraft.server.MinecraftServer/]: MirsWATF tried to swim in lava
[25Sep2026 11:22:55.711] [Server thread/INFO] [com.tiviacz.travelersbackpack.TravelersBackpack/]: Created new backpack backup file for MirsWATF with unique ID travelersbackpack.standard_25.09.2026-11.22.55.dat
[25Sep2026 11:22:55.716] [Server thread/INFO] [com.tiviacz.travelersbackpack.TravelersBackpack/]: Your backpack has been placed at X: -1824 Y: -23 Z: -1927
[25Sep2026 11:22:55.731] [Server thread/DEBUG] [tombstone/]: A new grave of the player MirsWATF was created at position [x:-1828, y:-17, z:-1924, dim:minecraft:overworld]
[25Sep2026 11:22:55.739] [Server thread/INFO] [tombstone/]: The player MirsWATF has successfully been saved
[25Sep2026 11:23:53.695] [Server thread/WARN] [tombstone/]: The death event of the player MirsWATF was canceled by another mod
[25Sep2026 11:23:53.698] [Server thread/INFO] [tombstone/]: The player MirsWATF has successfully been saved
[25Sep2026 11:23:56.249] [Server thread/INFO] [net.minecraft.server.MinecraftServer/]: MirsWATF has reached the goal [Chain Death]
[25Sep2026 11:23:56.250] [Server thread/INFO] [net.minecraft.server.MinecraftServer/]: MirsWATF tried to swim in lava
[25Sep2026 11:23:56.252] [Server thread/DEBUG] [tombstone/]: A new grave of the player MirsWATF was created at position [x:-1828, y:-17, z:-1924, dim:minecraft:overworld]
[25Sep2026 11:23:56.254] [Server thread/INFO] [tombstone/]: The player MirsWATF has successfully been saved
[25Sep2026 11:24:58.405] [Server thread/INFO] [net.minecraft.server.MinecraftServer/]: [MirsWATF: Set own game mode to Spectator Mode]
[25Sep2026 11:25:27.387] [Server thread/INFO] [net.minecraft.server.MinecraftServer/]: [MirsWATF: Set own game mode to Survival Mode]
[25Sep2026 11:25:37.943] [Server thread/INFO] [net.minecraft.server.MinecraftServer/]: [MirsWATF: Set own game mode to Spectator Mode]
[25Sep2026 11:27:03.510] [Server thread/DEBUG] [net.neoforged.neoforge.common.CommonHooks/WP]: Gathered mod list to write to world save MUNDO DISLEXICO
[25Sep2026 11:27:10.044] [Server thread/INFO] [net.minecraft.server.MinecraftServer/]: [MirsWATF: Set own game mode to Survival Mode]
[25Sep2026 11:28:41.805] [Server thread/INFO] [net.minecraft.server.MinecraftServer/]: [MirsWATF: Set own game mode to Spectator Mode]
[25Sep2026 11:29:04.348] [Server thread/INFO] [net.minecraft.server.MinecraftServer/]: [MirsWATF: Set own game mode to Survival Mode]
[25Sep2026 11:29:33.841] [Server thread/DEBUG] [mixin/]: Mixing StackedItemContentsMixin from tombstone.mixins.json into net.minecraft.world.entity.player.StackedItemContents
[25Sep2026 11:29:33.841] [Server thread/DEBUG] [mixin/]: tombstone.mixins.json:StackedItemContentsMixin from mod tombstone: Class version 69 required is higher than the class version supported by the current version of Mixin (JAVA_21 supports class version 65)
[25Sep2026 11:29:33.843] [Server thread/DEBUG] [mixin/]: tombstone.mixins.json:StackedItemContentsMixin from mod tombstone->@Inject::methodAccountStack(Lnet/minecraft/world/item/ItemStack;ILorg/spongepowered/asm/mixin/injection/callback/CallbackInfo;)V does use it's CallbackInfo
[25Sep2026 11:32:03.432] [Server thread/DEBUG] [net.neoforged.neoforge.common.CommonHooks/WP]: Gathered mod list to write to world save MUNDO DISLEXICO
[25Sep2026 11:33:23.144] [Server thread/INFO] [net.minecraft.server.MinecraftServer/]: Miikari_UwU has made the advancement [Getting Started]
[25Sep2026 11:37:03.409] [Server thread/DEBUG] [net.neoforged.neoforge.common.CommonHooks/WP]: Gathered mod list to write to world save MUNDO DISLEXICO
[25Sep2026 11:38:37.547] [Server thread/WARN] [net.minecraft.server.MinecraftServer/]: Can't keep up! Is the server overloaded? Running 2110ms or 42 ticks behind
[25Sep2026 11:42:05.502] [Server thread/DEBUG] [net.neoforged.neoforge.common.CommonHooks/WP]: Gathered mod list to write to world save MUNDO DISLEXICO
[25Sep2026 11:47:05.506] [Server thread/DEBUG] [net.neoforged.neoforge.common.CommonHooks/WP]: Gathered mod list to write to world save MUNDO DISLEXICO
[25Sep2026 11:52:05.519] [Server thread/DEBUG] [net.neoforged.neoforge.common.CommonHooks/WP]: Gathered mod list to write to world save MUNDO DISLEXICO
[25Sep2026 11:57:05.519] [Server thread/DEBUG] [net.neoforged.neoforge.common.CommonHooks/WP]: Gathered mod list to write to world save MUNDO DISLEXICO
[25Sep2026 12:02:05.558] [Server thread/DEBUG] [net.neoforged.neoforge.common.CommonHooks/WP]: Gathered mod list to write to world save MUNDO DISLEXICO
[25Sep2026 12:07:05.519] [Server thread/DEBUG] [net.neoforged.neoforge.common.CommonHooks/WP]: Gathered mod list to write to world save MUNDO DISLEXICO
[25Sep2026 12:10:24.651] [Server thread/INFO] [net.minecraft.server.MinecraftServer/]: [MirsWATF: Set the weather to clear]
[25Sep2026 12:12:05.507] [Server thread/DEBUG] [net.neoforged.neoforge.common.CommonHooks/WP]: Gathered mod list to write to world save MUNDO DISLEXICO
[25Sep2026 12:14:09.214] [Server thread/INFO] [net.minecraft.server.MinecraftServer/]: <Miikari_UwU> ZZZZZZZZZZZZZZZZ
[25Sep2026 12:17:05.506] [Server thread/DEBUG] [net.neoforged.neoforge.common.CommonHooks/WP]: Gathered mod list to write to world save MUNDO DISLEXICO
[25Sep2026 12:19:43.304] [Server thread/INFO] [net.minecraft.server.network.ServerGamePacketListenerImpl/]: Miikari_UwU lost connection: Disconnected
[25Sep2026 12:19:43.306] [Server thread/INFO] [net.minecraft.server.MinecraftServer/]: Miikari_UwU left the game
[25Sep2026 12:22:05.503] [Server thread/DEBUG] [net.neoforged.neoforge.common.CommonHooks/WP]: Gathered mod list to write to world save MUNDO DISLEXICO
[25Sep2026 12:27:05.498] [Server thread/DEBUG] [net.neoforged.neoforge.common.CommonHooks/WP]: Gathered mod list to write to world save MUNDO DISLEXICO
[25Sep2026 12:30:57.388] [Server thread/WARN] [net.minecraft.server.level.ServerPlayerGameMode/]: Mismatch in destroy block pos: BlockPos{x=-45, y=94, z=62} BlockPos{x=-45, y=92, z=61}
[25Sep2026 12:32:05.505] [Server thread/DEBUG] [net.neoforged.neoforge.common.CommonHooks/WP]: Gathered mod list to write to world save MUNDO DISLEXICO
[25Sep2026 12:33:50.005] [Server thread/WARN] [tombstone/]: The death event of the player MirsWATF was canceled by another mod
[25Sep2026 12:33:50.010] [Server thread/INFO] [tombstone/]: The player MirsWATF has successfully been saved
[25Sep2026 12:33:57.289] [Server thread/INFO] [net.minecraft.server.MinecraftServer/]: MirsWATF was slain by Zombified Piglin
[25Sep2026 12:33:57.294] [Server thread/INFO] [com.tiviacz.travelersbackpack.TravelersBackpack/]: Created new backpack backup file for MirsWATF with unique ID travelersbackpack.standard_25.09.2026-12.33.57.dat
[25Sep2026 12:33:57.295] [Server thread/INFO] [com.tiviacz.travelersbackpack.TravelersBackpack/]: Your backpack has been placed at X: -59 Y: 100 Z: 45
[25Sep2026 12:33:57.296] [Server thread/DEBUG] [tombstone/]: A new grave of the player MirsWATF was created at position [x:-60, y:100, z:45, dim:minecraft:the_nether]
[25Sep2026 12:34:10.337] [Server thread/WARN] [net.minecraft.server.level.ServerPlayerGameMode/]: Mismatch in destroy block pos: BlockPos{x=0, y=0, z=0} BlockPos{x=-56, y=101, z=42}
[25Sep2026 12:35:44.104] [Server thread/WARN] [tombstone/]: The death event of the player MirsWATF was canceled by another mod
[25Sep2026 12:35:44.107] [Server thread/INFO] [tombstone/]: The player MirsWATF has successfully been saved
[25Sep2026 12:35:51.238] [Server thread/INFO] [net.minecraft.server.MinecraftServer/]: MirsWATF was speared by Zombified Piglin
[25Sep2026 12:35:51.243] [Server thread/INFO] [com.tiviacz.travelersbackpack.TravelersBackpack/]: Created new backpack backup file for MirsWATF with unique ID travelersbackpack.standard_25.09.2026-12.35.51.dat
[25Sep2026 12:35:51.253] [Server thread/INFO] [com.tiviacz.travelersbackpack.TravelersBackpack/]: Your backpack has been placed at X: -77 Y: 102 Z: 67
[25Sep2026 12:35:51.254] [Server thread/DEBUG] [tombstone/]: A new grave of the player MirsWATF was created at position [x:-78, y:102, z:67, dim:minecraft:the_nether]
[25Sep2026 12:37:05.528] [Server thread/DEBUG] [net.neoforged.neoforge.common.CommonHooks/WP]: Gathered mod list to write to world save MUNDO DISLEXICO
[25Sep2026 12:37:14.301] [Server thread/WARN] [tombstone/]: The death event of the player MirsWATF was canceled by another mod
[25Sep2026 12:37:14.308] [Server thread/INFO] [tombstone/]: The player MirsWATF has successfully been saved
[25Sep2026 12:37:20.088] [Server thread/INFO] [net.minecraft.server.MinecraftServer/]: MirsWATF was slain by Zombified Piglin
[25Sep2026 12:37:20.092] [Server thread/INFO] [com.tiviacz.travelersbackpack.TravelersBackpack/]: Created new backpack backup file for MirsWATF with unique ID travelersbackpack.standard_25.09.2026-12.37.20.dat
[25Sep2026 12:37:20.094] [Server thread/INFO] [com.tiviacz.travelersbackpack.TravelersBackpack/]: Your backpack has been placed at X: -70 Y: 101 Z: 55
[25Sep2026 12:37:20.095] [Server thread/DEBUG] [tombstone/]: A new grave of the player MirsWATF was created at position [x:-71, y:101, z:55, dim:minecraft:the_nether]
[25Sep2026 12:38:10.203] [Server thread/INFO] [net.minecraft.server.network.ServerGamePacketListenerImpl/]: teemoelsamu lost connection: Disconnected
[25Sep2026 12:38:10.205] [Server thread/INFO] [net.minecraft.server.MinecraftServer/]: teemoelsamu left the game
[25Sep2026 12:40:23.998] [Server thread/WARN] [tombstone/]: The death event of the player MirsWATF was canceled by another mod
[25Sep2026 12:40:24.004] [Server thread/INFO] [tombstone/]: The player MirsWATF has successfully been saved
[25Sep2026 12:40:30.338] [Server thread/INFO] [net.minecraft.server.MinecraftServer/]: MirsWATF was slain by Zombified Piglin
[25Sep2026 12:40:30.342] [Server thread/INFO] [com.tiviacz.travelersbackpack.TravelersBackpack/]: Created new backpack backup file for MirsWATF with unique ID travelersbackpack.standard_25.09.2026-12.40.30.dat
[25Sep2026 12:40:30.343] [Server thread/INFO] [com.tiviacz.travelersbackpack.TravelersBackpack/]: Your backpack has been placed at X: 19 Y: 96 Z: 42
[25Sep2026 12:40:30.345] [Server thread/DEBUG] [tombstone/]: A new grave of the player MirsWATF was created at position [x:19, y:96, z:41, dim:minecraft:the_nether]
[25Sep2026 12:42:05.477] [Server thread/DEBUG] [net.neoforged.neoforge.common.CommonHooks/WP]: Gathered mod list to write to world save MUNDO DISLEXICO
[25Sep2026 12:43:06.897] [Server thread/INFO] [net.minecraft.server.network.ServerGamePacketListenerImpl/]: MirsWATF lost connection: Disconnected
[25Sep2026 12:43:06.899] [Server thread/INFO] [net.minecraft.server.MinecraftServer/]: MirsWATF left the game
[25Sep2026 12:43:09.860] [User Authenticator #4/INFO] [net.minecraft.server.network.ServerLoginPacketListenerImpl/]: UUID of player MirsWATF is b5193e04-289f-4676-8ef7-f3111c8cc1e6
[25Sep2026 12:43:10.093] [Netty Epoll IO #1/DEBUG] [net.neoforged.neoforge.network.filters.NetworkFilters/]: Injected net.neoforged.neoforge.network.filters.GenericPacketSplitter@f6d9170 into net.minecraft.network.Connection@479b5e0f
[25Sep2026 12:43:11.543] [Netty Epoll IO #1/DEBUG] [net.neoforged.neoforge.network.filters.NetworkFilters/]: Injected net.neoforged.neoforge.network.filters.GenericPacketSplitter@69b7ecb2 into net.minecraft.network.Connection@479b5e0f
[25Sep2026 12:43:11.618] [Server thread/INFO] [net.minecraft.server.players.PlayerList/]: MirsWATF[/127.119.112.13:43303] logged in with entity id 27146 at (19.427593164910814, 98.1212968405392, 28.2993001280706)
[25Sep2026 12:43:11.620] [Server thread/DEBUG] [net.neoforged.neoforge.common.CommonHooks/]: Sending 2284 recipes of the following types: [campfire_cooking, crafting, blasting, smelting, smoking, stonecutting, smithing]
[25Sep2026 12:43:11.627] [Server thread/INFO] [net.minecraft.server.MinecraftServer/]: MirsWATF joined the game
[25Sep2026 12:43:11.937] [Server thread/INFO] [journeymap/]: JourneyMap client version for MirsWATF: 6.0.8 (server version: 6.0.8)
[25Sep2026 12:44:01.092] [Server thread/WARN] [tombstone/]: The death event of the player MirsWATF was canceled by another mod
[25Sep2026 12:44:01.102] [Server thread/INFO] [tombstone/]: The player MirsWATF has successfully been saved
[25Sep2026 12:44:07.338] [Server thread/INFO] [net.minecraft.server.MinecraftServer/]: MirsWATF was slain by Zombified Piglin
[25Sep2026 12:44:07.345] [Server thread/INFO] [com.tiviacz.travelersbackpack.TravelersBackpack/]: Created new backpack backup file for MirsWATF with unique ID travelersbackpack.standard_25.09.2026-12.44.07.dat
[25Sep2026 12:44:07.355] [Server thread/INFO] [com.tiviacz.travelersbackpack.TravelersBackpack/]: Your backpack has been placed at X: 20 Y: 99 Z: 48
[25Sep2026 12:44:07.357] [Server thread/DEBUG] [tombstone/]: A new grave of the player MirsWATF was created at position [x:20, y:99, z:49, dim:minecraft:the_nether]
[25Sep2026 12:45:27.095] [Server thread/WARN] [tombstone/]: The death event of the player MirsWATF was canceled by another mod
[25Sep2026 12:45:27.100] [Server thread/INFO] [tombstone/]: The player MirsWATF has successfully been saved
[25Sep2026 12:45:33.937] [Server thread/INFO] [net.minecraft.server.MinecraftServer/]: MirsWATF was slain by Zombified Piglin
[25Sep2026 12:45:33.944] [Server thread/INFO] [com.tiviacz.travelersbackpack.TravelersBackpack/]: Created new backpack backup file for MirsWATF with unique ID travelersbackpack.standard_25.09.2026-12.45.33.dat
[25Sep2026 12:45:33.945] [Server thread/INFO] [com.tiviacz.travelersbackpack.TravelersBackpack/]: Your backpack has been placed at X: 6 Y: 101 Z: 7
[25Sep2026 12:45:33.946] [Server thread/DEBUG] [tombstone/]: A new grave of the player MirsWATF was created at position [x:5, y:101, z:7, dim:minecraft:the_nether]
[25Sep2026 12:47:05.468] [Server thread/DEBUG] [net.neoforged.neoforge.common.CommonHooks/WP]: Gathered mod list to write to world save MUNDO DISLEXICO
[25Sep2026 12:49:18.737] [Server thread/WARN] [net.minecraft.server.level.ServerPlayerGameMode/]: Mismatch in destroy block pos: BlockPos{x=7, y=97, z=7} BlockPos{x=8, y=99, z=7}
[25Sep2026 12:49:38.737] [Server thread/WARN] [net.minecraft.server.level.ServerPlayerGameMode/]: Mismatch in destroy block pos: BlockPos{x=7, y=97, z=7} BlockPos{x=8, y=98, z=6}
[25Sep2026 12:52:05.465] [Server thread/DEBUG] [net.neoforged.neoforge.common.CommonHooks/WP]: Gathered mod list to write to world save MUNDO DISLEXICO
[25Sep2026 12:55:08.687] [Server thread/WARN] [net.minecraft.server.level.ServerPlayerGameMode/]: Mismatch in destroy block pos: BlockPos{x=1, y=99, z=7} BlockPos{x=7, y=101, z=6}
[25Sep2026 12:57:05.467] [Server thread/DEBUG] [net.neoforged.neoforge.common.CommonHooks/WP]: Gathered mod list to write to world save MUNDO DISLEXICO
[25Sep2026 12:58:50.941] [Server thread/WARN] [tombstone/]: The death event of the player MirsWATF was canceled by another mod
[25Sep2026 12:58:50.952] [Server thread/INFO] [tombstone/]: The player MirsWATF has successfully been saved
[25Sep2026 12:58:56.837] [Server thread/INFO] [net.minecraft.server.MinecraftServer/]: MirsWATF was slain by Zombified Piglin
[25Sep2026 12:58:56.841] [Server thread/INFO] [com.tiviacz.travelersbackpack.TravelersBackpack/]: Created new backpack backup file for MirsWATF with unique ID travelersbackpack.standard_25.09.2026-12.58.56.dat
[25Sep2026 12:58:56.841] [Server thread/INFO] [com.tiviacz.travelersbackpack.TravelersBackpack/]: Your backpack has been placed at X: 162 Y: 63 Z: 233
[25Sep2026 12:58:56.842] [Server thread/DEBUG] [tombstone/]: A new grave of the player MirsWATF was created at position [x:161, y:63, z:233, dim:minecraft:overworld]
[25Sep2026 12:59:29.088] [Server thread/INFO] [net.minecraft.server.MinecraftServer/]: MirsWATF has made the advancement [Ol' Betsy]
[25Sep2026 13:02:05.498] [Server thread/DEBUG] [net.neoforged.neoforge.common.CommonHooks/WP]: Gathered mod list to write to world save MUNDO DISLEXICO
[25Sep2026 13:07:05.472] [Server thread/DEBUG] [net.neoforged.neoforge.common.CommonHooks/WP]: Gathered mod list to write to world save MUNDO DISLEXICO
[25Sep2026 13:12:05.471] [Server thread/DEBUG] [net.neoforged.neoforge.common.CommonHooks/WP]: Gathered mod list to write to world save MUNDO DISLEXICO
[25Sep2026 13:12:55.497] [Server thread/INFO] [net.minecraft.server.network.ServerGamePacketListenerImpl/]: MirsWATF lost connection: Disconnected
[25Sep2026 13:12:55.498] [Server thread/INFO] [net.minecraft.server.MinecraftServer/]: MirsWATF left the game
[25Sep2026 13:13:04.590] [Server thread/INFO] [net.minecraft.server.MinecraftServer/]: Stopping the server
[25Sep2026 13:13:04.640] [Server thread/DEBUG] [net.neoforged.fml.classloading.transformation.ClassTransformStatistics/]: Transformed/total loaded classes: 442/9424 (4.69%) and 239 parsed for mixin
[25Sep2026 13:13:04.640] [Server thread/INFO] [net.minecraft.server.MinecraftServer/]: Stopping server
[25Sep2026 13:13:04.641] [Server thread/INFO] [net.minecraft.server.MinecraftServer/]: Saving players
[25Sep2026 13:13:04.641] [Server thread/INFO] [net.minecraft.server.MinecraftServer/]: Saving worlds
[25Sep2026 13:13:04.643] [Server thread/INFO] [net.minecraft.server.MinecraftServer/]: Saving chunks for level 'ServerLevel[MUNDO DISLEXICO]'/minecraft:overworld
[25Sep2026 13:13:04.655] [Server thread/INFO] [net.minecraft.server.MinecraftServer/]: Saving chunks for level 'ServerLevel[MUNDO DISLEXICO]'/minecraft:the_end
[25Sep2026 13:13:04.664] [Server thread/INFO] [net.minecraft.server.MinecraftServer/]: Saving chunks for level 'ServerLevel[MUNDO DISLEXICO]'/minecraft:the_nether
[25Sep2026 13:13:04.670] [Server thread/DEBUG] [net.neoforged.neoforge.common.CommonHooks/WP]: Gathered mod list to write to world save MUNDO DISLEXICO
[25Sep2026 13:13:04.677] [Server thread/INFO] [net.minecraft.server.MinecraftServer/]: ThreadedAnvilChunkStorage (world): All chunks are saved
[25Sep2026 13:13:04.677] [Server thread/INFO] [net.minecraft.server.MinecraftServer/]: ThreadedAnvilChunkStorage (DIM1): All chunks are saved
[25Sep2026 13:13:04.677] [Server thread/INFO] [net.minecraft.server.MinecraftServer/]: ThreadedAnvilChunkStorage (DIM-1): All chunks are saved
[25Sep2026 13:13:04.677] [Server thread/INFO] [net.minecraft.server.MinecraftServer/]: ThreadedAnvilChunkStorage: All dimensions are saved
[25Sep2026 13:13:04.933] [Server thread/DEBUG] [net.neoforged.fml.config.ConfigTracker/CONFIG]: Unloading configs type SERVER
[25Sep2026 13:13:04.934] [main/INFO] [net.neoforged.fml.loading.FMLLoader/]: Closing FML Loader 24e7472b
[25Sep2026 13:13:04.935] [main/INFO] [net.neoforged.fml.ModLoader/]: Clearing ModLoader
